{
 "type": "FeatureCollection",
 "attribution": "Каталог новостроек — yangiuylar.uz",
 "source": "yangiuylar.uz API, region_id 13 (Toshkent viloyati) + 12 (Toshkent shahri)",
 "fetched": "2026-10-05",
 "features": [
  {
   "type": "Feature",
   "geometry": {
    "type": "Point",
    "coordinates": [
     69.247142,
     41.348591
    ]
   },
   "properties": {
    "yu_id": 311,
    "slug": "aurum-311",
    "name": "Aurum",
    "developer": "Great House",
    "developer_id": 130,
    "district": "Алмазарский район",
    "address": "г. Ташкент, Алмазарский район, махалля Мискин, малая кольцевая дорога, дом 5A",
    "completion": "2027",
    "completion_date": "2027-12-01",
    "year": 2027,
    "status": "building",
    "recent": true,
    "apartments": 252,
    "floors": 12,
    "apartments_for_sale": 100,
    "price_m2": 14000000,
    "price_min_m2": null,
    "room_mix": {
     "1": 11,
     "2": 2,
     "3": 1
    },
    "is_commercial": false,
    "verified": true,
    "nearby": [
     {
      "category": "Фитнес",
      "category_id": 13,
      "name": "Chekhov Sport Clubs",
      "minutes": 10,
      "on_foot": true
     },
     {
      "category": "Торговый центр",
      "category_id": 2,
      "name": "High Town Mall",
      "minutes": 14,
      "on_foot": true
     },
     {
      "category": "Торговый центр",
      "category_id": 2,
      "name": "ТРЦ Riviera",
      "minutes": 5,
      "on_foot": true
     },
     {
      "category": "Базар",
      "category_id": 4,
      "name": "Чорсу базар",
      "minutes": 9,
      "on_foot": true
     },
     {
      "category": "Мечеть",
      "category_id": 9,
      "name": "Мечеть Минор",
      "minutes": 8,
      "on_foot": true
     },
     {
      "category": "Метро",
      "category_id": 1,
      "name": "Юнусабад",
      "minutes": 10,
      "on_foot": true
     }
    ],
    "declared_retail_min": 5,
    "declared_metro_min": 10,
    "area": "город",
    "source": "yangiuylar.uz",
    "url": "https://yangiuylar.uz/novostroyka/aurum-311",
    "coord_approx": false
   }
  },
  {
   "type": "Feature",
   "geometry": {
    "type": "Point",
    "coordinates": [
     69.205194,
     41.344913
    ]
   },
   "properties": {
    "yu_id": 237,
    "slug": "huvaydo-237",
    "name": "Huvaydo",
    "developer": "Simplex Buildings",
    "developer_id": 5,
    "district": "Алмазарский район",
    "address": "г. Ташкент, Алмазарский район, улица Беруни, 43а",
    "completion": "2026",
    "completion_date": "2026-11-30",
    "year": 2026,
    "status": "done",
    "recent": true,
    "apartments": 96,
    "floors": 9,
    "apartments_for_sale": null,
    "price_m2": 20000000,
    "price_min_m2": 13000000,
    "room_mix": {
     "1": 1,
     "2": 2,
     "3": 5
    },
    "is_commercial": false,
    "verified": false,
    "nearby": [
     {
      "category": "Университет",
      "category_id": 14,
      "name": "Национальный Университет Узбекистана",
      "minutes": 4,
      "on_foot": true
     },
     {
      "category": "Мечеть",
      "category_id": 9,
      "name": "Исломобод",
      "minutes": 5,
      "on_foot": true
     },
     {
      "category": "Базар",
      "category_id": 4,
      "name": "EcoBazar Беруний",
      "minutes": 1,
      "on_foot": true
     },
     {
      "category": "Парк",
      "category_id": 3,
      "name": "River Park",
      "minutes": 8,
      "on_foot": true
     },
     {
      "category": "Торговый центр",
      "category_id": 2,
      "name": "Samarqand Darvoza",
      "minutes": 10,
      "on_foot": true
     },
     {
      "category": "Метро",
      "category_id": 1,
      "name": "Беруни",
      "minutes": 1,
      "on_foot": true
     }
    ],
    "declared_retail_min": 1,
    "declared_metro_min": 1,
    "area": "город",
    "source": "yangiuylar.uz",
    "url": "https://yangiuylar.uz/novostroyka/huvaydo-237",
    "coord_approx": false
   }
  },
  {
   "type": "Feature",
   "geometry": {
    "type": "Point",
    "coordinates": [
     69.257662,
     41.352363
    ]
   },
   "properties": {
    "yu_id": 274,
    "slug": "jomiy-residence-274",
    "name": "Jomiy Residence",
    "developer": "Chinor Group Development",
    "developer_id": 179,
    "district": "Алмазарский район",
    "address": "г. Ташкент, Алмазарский район, улица Уста Ширин, 117",
    "completion": "2028",
    "completion_date": "2028-02-01",
    "year": 2028,
    "status": "building",
    "recent": true,
    "apartments": 700,
    "floors": 16,
    "apartments_for_sale": 120,
    "price_m2": 14000000,
    "price_min_m2": null,
    "room_mix": {
     "1": 7,
     "2": 5,
     "3": 3
    },
    "is_commercial": false,
    "verified": true,
    "nearby": [
     {
      "category": "Парк",
      "category_id": 3,
      "name": "Парк А. Qodiriy",
      "minutes": 10,
      "on_foot": true
     },
     {
      "category": "Мечеть",
      "category_id": 9,
      "name": "Мечеть Минор",
      "minutes": 7,
      "on_foot": true
     },
     {
      "category": "Торговый центр",
      "category_id": 2,
      "name": "ТРЦ Riviera",
      "minutes": 5,
      "on_foot": true
     },
     {
      "category": "Маркет",
      "category_id": 6,
      "name": "Korzinka",
      "minutes": 4,
      "on_foot": true
     },
     {
      "category": "Мечеть",
      "category_id": 9,
      "name": "Исломобод",
      "minutes": 8,
      "on_foot": true
     },
     {
      "category": "Метро",
      "category_id": 1,
      "name": "Шахристан",
      "minutes": 7,
      "on_foot": true
     }
    ],
    "declared_retail_min": 4,
    "declared_metro_min": 7,
    "area": "город",
    "source": "yangiuylar.uz",
    "url": "https://yangiuylar.uz/novostroyka/jomiy-residence-274",
    "coord_approx": false
   }
  },
  {
   "type": "Feature",
   "geometry": {
    "type": "Point",
    "coordinates": [
     69.255447,
     41.351745
    ]
   },
   "properties": {
    "yu_id": 323,
    "slug": "nrg-jomiy-323",
    "name": "NRG Jomiy",
    "developer": "NRG-BI",
    "developer_id": 200,
    "district": "Алмазарский район",
    "address": "г. Ташкент, Алмазарский район",
    "completion": "2027",
    "completion_date": "2027-09-18",
    "year": 2027,
    "status": "building",
    "recent": true,
    "apartments": 635,
    "floors": 12,
    "apartments_for_sale": null,
    "price_m2": 14730000,
    "price_min_m2": 14730000,
    "room_mix": {
     "1": 3,
     "2": 5,
     "3": 7,
     "4+": 5
    },
    "is_commercial": false,
    "verified": false,
    "nearby": [
     {
      "category": "Парк",
      "category_id": 3,
      "name": "River Park",
      "minutes": 9,
      "on_foot": true
     },
     {
      "category": "Мечеть",
      "category_id": 9,
      "name": "Мечеть Минор",
      "minutes": 7,
      "on_foot": true
     },
     {
      "category": "Торговый центр",
      "category_id": 2,
      "name": "ТРЦ Riviera",
      "minutes": 5,
      "on_foot": true
     },
     {
      "category": "Метро",
      "category_id": 1,
      "name": "Гафура Гуляма",
      "minutes": 11,
      "on_foot": true
     }
    ],
    "declared_retail_min": 5,
    "declared_metro_min": 11,
    "area": "город",
    "source": "yangiuylar.uz",
    "url": "https://yangiuylar.uz/novostroyka/nrg-jomiy-323",
    "coord_approx": false
   }
  },
  {
   "type": "Feature",
   "geometry": {
    "type": "Point",
    "coordinates": [
     69.25267,
     41.35343
    ]
   },
   "properties": {
    "yu_id": 273,
    "slug": "nurli-xonadon-273",
    "name": "Nurli Xonadon",
    "developer": "Golden Grain Business Group",
    "developer_id": 178,
    "district": "Алмазарский район",
    "address": "г. Ташкент, Алмазарский район, улица Шимолий Олмазор, 8",
    "completion": "2025",
    "completion_date": "2025-09-30",
    "year": 2025,
    "status": "done",
    "recent": true,
    "apartments": 48,
    "floors": 10,
    "apartments_for_sale": null,
    "price_m2": null,
    "price_min_m2": null,
    "room_mix": {
     "1": 1,
     "2": 1,
     "3": 1
    },
    "is_commercial": false,
    "verified": false,
    "nearby": [
     {
      "category": "Парк",
      "category_id": 3,
      "name": "Парк А. Qodiriy",
      "minutes": 11,
      "on_foot": true
     },
     {
      "category": "Ресторан",
      "category_id": 20,
      "name": "Azur",
      "minutes": 5,
      "on_foot": true
     },
     {
      "category": "Торговый центр",
      "category_id": 2,
      "name": "ТРЦ Riviera",
      "minutes": 5,
      "on_foot": true
     },
     {
      "category": "Выпечка",
      "category_id": 22,
      "name": "Safia",
      "minutes": 3,
      "on_foot": true
     },
     {
      "category": "Маркет",
      "category_id": 6,
      "name": "Korzinka",
      "minutes": 4,
      "on_foot": true
     },
     {
      "category": "Метро",
      "category_id": 1,
      "name": "Шахристан",
      "minutes": 8,
      "on_foot": true
     }
    ],
    "declared_retail_min": 4,
    "declared_metro_min": 8,
    "area": "город",
    "source": "yangiuylar.uz",
    "url": "https://yangiuylar.uz/novostroyka/nurli-xonadon-273",
    "coord_approx": false
   }
  },
  {
   "type": "Feature",
   "geometry": {
    "type": "Point",
    "coordinates": [
     69.204091,
     41.362753
    ]
   },
   "properties": {
    "yu_id": 164,
    "slug": "riverside-residence-164",
    "name": "Riverside Residence",
    "developer": "Riverside Residence",
    "developer_id": 111,
    "district": "Алмазарский район",
    "address": "Алмазарский район, Коракамиш 2/4",
    "completion": "2026",
    "completion_date": "2026-10-01",
    "year": 2026,
    "status": "done",
    "recent": true,
    "apartments": 313,
    "floors": 13,
    "apartments_for_sale": null,
    "price_m2": 11000000,
    "price_min_m2": null,
    "room_mix": {
     "2": 6,
     "3": 3,
     "4+": 1
    },
    "is_commercial": false,
    "verified": false,
    "nearby": [
     {
      "category": "Университет",
      "category_id": 14,
      "name": "Национальный Университет Узбекистана",
      "minutes": 5,
      "on_foot": true
     },
     {
      "category": "Парк",
      "category_id": 3,
      "name": "Парк победы",
      "minutes": 5,
      "on_foot": true
     },
     {
      "category": "Маркет",
      "category_id": 6,
      "name": "Korzinka",
      "minutes": 3,
      "on_foot": true
     }
    ],
    "declared_retail_min": 3,
    "declared_metro_min": null,
    "area": "город",
    "source": "yangiuylar.uz",
    "url": "https://yangiuylar.uz/novostroyka/riverside-residence-164",
    "coord_approx": false
   }
  },
  {
   "type": "Feature",
   "geometry": {
    "type": "Point",
    "coordinates": [
     69.251736,
     41.353558
    ]
   },
   "properties": {
    "yu_id": 264,
    "slug": "yaqinlar-264",
    "name": "Yaqinlar",
    "developer": "Building Connection",
    "developer_id": 172,
    "district": "Алмазарский район",
    "address": "г. Ташкент, Алмазарский район, улица Уста-Ширин 1-й проезд, 7",
    "completion": "2026",
    "completion_date": "2026-12-31",
    "year": 2026,
    "status": "building",
    "recent": true,
    "apartments": 140,
    "floors": 13,
    "apartments_for_sale": 15,
    "price_m2": 13000000,
    "price_min_m2": null,
    "room_mix": {
     "1": 4,
     "2": 12,
     "3": 2
    },
    "is_commercial": false,
    "verified": true,
    "nearby": [
     {
      "category": "Ресторан",
      "category_id": 20,
      "name": "Azur",
      "minutes": 8,
      "on_foot": true
     },
     {
      "category": "Торговый центр",
      "category_id": 2,
      "name": "ТРЦ Riviera",
      "minutes": 7,
      "on_foot": true
     },
     {
      "category": "Парк",
      "category_id": 3,
      "name": "Парк А. Qodiriy",
      "minutes": 12,
      "on_foot": true
     },
     {
      "category": "Выпечка",
      "category_id": 22,
      "name": "Safia",
      "minutes": 5,
      "on_foot": true
     },
     {
      "category": "Маркет",
      "category_id": 6,
      "name": "Korzinka",
      "minutes": 5,
      "on_foot": true
     },
     {
      "category": "Метро",
      "category_id": 1,
      "name": "Шахристан",
      "minutes": 10,
      "on_foot": true
     }
    ],
    "declared_retail_min": 5,
    "declared_metro_min": 10,
    "area": "город",
    "source": "yangiuylar.uz",
    "url": "https://yangiuylar.uz/novostroyka/yaqinlar-264",
    "coord_approx": false
   }
  },
  {
   "type": "Feature",
   "geometry": {
    "type": "Point",
    "coordinates": [
     69.245933,
     41.355663
    ]
   },
   "properties": {
    "yu_id": 265,
    "slug": "stroitelnyj-torgovyj-centr-jomiy-mall-265",
    "name": "Строительный торговый центр «Jomiy Mall»",
    "developer": "The Pirzada Group",
    "developer_id": 173,
    "district": "Алмазарский район",
    "address": "г. Ташкент, Алмазарский район, улица Уста Ширин, 125А",
    "completion": "2026",
    "completion_date": "2026-06-01",
    "year": 2026,
    "status": "done",
    "recent": true,
    "apartments": 270,
    "floors": 4,
    "apartments_for_sale": null,
    "price_m2": 24400000,
    "price_min_m2": null,
    "room_mix": {
     "1": 23
    },
    "is_commercial": true,
    "verified": false,
    "nearby": [
     {
      "category": "Торговый центр",
      "category_id": 2,
      "name": "ТРЦ Riviera",
      "minutes": 8,
      "on_foot": true
     },
     {
      "category": "Мечеть",
      "category_id": 9,
      "name": "Исломобод",
      "minutes": 5,
      "on_foot": true
     },
     {
      "category": "Ресторан",
      "category_id": 20,
      "name": "Azur",
      "minutes": 7,
      "on_foot": true
     },
     {
      "category": "Парк",
      "category_id": 3,
      "name": "Парк победы",
      "minutes": 6,
      "on_foot": true
     },
     {
      "category": "Маркет",
      "category_id": 6,
      "name": "Korzinka",
      "minutes": 4,
      "on_foot": true
     },
     {
      "category": "Маркет",
      "category_id": 6,
      "name": "Makro",
      "minutes": 8,
      "on_foot": true
     },
     {
      "category": "Метро",
      "category_id": 1,
      "name": "Беруни",
      "minutes": 10,
      "on_foot": true
     }
    ],
    "declared_retail_min": 4,
    "declared_metro_min": 10,
    "area": "город",
    "source": "yangiuylar.uz",
    "url": "https://yangiuylar.uz/novostroyka/stroitelnyj-torgovyj-centr-jomiy-mall-265",
    "coord_approx": false
   }
  },
  {
   "type": "Feature",
   "geometry": {
    "type": "Point",
    "coordinates": [
     69.369173,
     41.239139
    ]
   },
   "properties": {
    "yu_id": 194,
    "slug": "bektemir-residence-194",
    "name": "Bektemir Residence",
    "developer": "Bektemir Hills Development",
    "developer_id": 132,
    "district": "Бектемирский район",
    "address": "г. Ташкент , Бектемирский район, Махалля “Ийк Ота МФЙ” , улица Каноат",
    "completion": "2027",
    "completion_date": "2027-09-30",
    "year": 2027,
    "status": "building",
    "recent": true,
    "apartments": 828,
    "floors": 12,
    "apartments_for_sale": 270,
    "price_m2": 9840000,
    "price_min_m2": null,
    "room_mix": {
     "1": 1,
     "2": 4,
     "3": 1
    },
    "is_commercial": false,
    "verified": false,
    "nearby": [
     {
      "category": "Университет",
      "category_id": 14,
      "name": "Profi University",
      "minutes": 20,
      "on_foot": true
     },
     {
      "category": "Выпечка",
      "category_id": 22,
      "name": "Safia",
      "minutes": 6,
      "on_foot": true
     },
     {
      "category": "Базар",
      "category_id": 4,
      "name": "Куйлюк базар",
      "minutes": 17,
      "on_foot": true
     },
     {
      "category": "Маркет",
      "category_id": 6,
      "name": "Korzinka",
      "minutes": 7,
      "on_foot": true
     }
    ],
    "declared_retail_min": 7,
    "declared_metro_min": null,
    "area": "город",
    "source": "yangiuylar.uz",
    "url": "https://yangiuylar.uz/novostroyka/bektemir-residence-194",
    "coord_approx": false
   }
  },
  {
   "type": "Feature",
   "geometry": {
    "type": "Point",
    "coordinates": [
     69.354324,
     41.236711
    ]
   },
   "properties": {
    "yu_id": 220,
    "slug": "shirin-hayot-220",
    "name": "Shirin Hayot",
    "developer": "Xon Saroy",
    "developer_id": 24,
    "district": "Бектемирский район",
    "address": "г. Ташкент, Бектемирский район, улица Юкори Чирчик, 72",
    "completion": "2028",
    "completion_date": "2028-01-01",
    "year": 2028,
    "status": "building",
    "recent": true,
    "apartments": 3024,
    "floors": 16,
    "apartments_for_sale": null,
    "price_m2": null,
    "price_min_m2": null,
    "room_mix": {
     "1": 11,
     "2": 3
    },
    "is_commercial": false,
    "verified": false,
    "nearby": [
     {
      "category": "Fast Food",
      "category_id": 25,
      "name": "Oqtepa lavash",
      "minutes": 11,
      "on_foot": true
     },
     {
      "category": "Торговый центр",
      "category_id": 2,
      "name": "Compass",
      "minutes": 10,
      "on_foot": true
     },
     {
      "category": "Базар",
      "category_id": 4,
      "name": "Куйлюк базар",
      "minutes": 11,
      "on_foot": true
     },
     {
      "category": "Маркет",
      "category_id": 6,
      "name": "Havas",
      "minutes": 9,
      "on_foot": true
     },
     {
      "category": "Министерство Юстиции",
      "category_id": 26,
      "name": "Министерство юстиции Бектемирского района",
      "minutes": 4,
      "on_foot": true
     }
    ],
    "declared_retail_min": 9,
    "declared_metro_min": null,
    "area": "город",
    "source": "yangiuylar.uz",
    "url": "https://yangiuylar.uz/novostroyka/shirin-hayot-220",
    "coord_approx": false
   }
  },
  {
   "type": "Feature",
   "geometry": {
    "type": "Point",
    "coordinates": [
     69.302149,
     41.287958
    ]
   },
   "properties": {
    "yu_id": 146,
    "slug": "crown-zamon-146",
    "name": "Crown Zamon",
    "developer": "CROWN DEVELOPMENT",
    "developer_id": 96,
    "district": "Мирабадский район",
    "address": "г.Ташкент, Мирабадский район, улица Фаргона йули 48 дом",
    "completion": "2027",
    "completion_date": "2027-12-01",
    "year": 2027,
    "status": "building",
    "recent": true,
    "apartments": 390,
    "floors": 16,
    "apartments_for_sale": null,
    "price_m2": 15000000,
    "price_min_m2": 15000000,
    "room_mix": {
     "1": 2,
     "2": 9
    },
    "is_commercial": false,
    "verified": false,
    "nearby": [
     {
      "category": "Парк",
      "category_id": 3,
      "name": "Парк Фуркат",
      "minutes": 7,
      "on_foot": true
     },
     {
      "category": "Базар",
      "category_id": 4,
      "name": "Мирабадский рынок",
      "minutes": 10,
      "on_foot": true
     },
     {
      "category": "Маркет",
      "category_id": 6,
      "name": "Korzinka",
      "minutes": 4,
      "on_foot": true
     },
     {
      "category": "Метро",
      "category_id": 1,
      "name": "Ташкент",
      "minutes": 6,
      "on_foot": true
     }
    ],
    "declared_retail_min": 4,
    "declared_metro_min": 6,
    "area": "город",
    "source": "yangiuylar.uz",
    "url": "https://yangiuylar.uz/novostroyka/crown-zamon-146",
    "coord_approx": false
   }
  },
  {
   "type": "Feature",
   "geometry": {
    "type": "Point",
    "coordinates": [
     69.29923,
     41.289873
    ]
   },
   "properties": {
    "yu_id": 251,
    "slug": "fazo-251",
    "name": "Fazo",
    "developer": "Xon Saroy",
    "developer_id": 24,
    "district": "Мирабадский район",
    "address": "г. Ташкент, Мирабадский район, МФЙ Тонг Юлдузи, улица Фаргона йули, 24",
    "completion": "2027",
    "completion_date": "2027-04-01",
    "year": 2027,
    "status": "building",
    "recent": true,
    "apartments": 300,
    "floors": 10,
    "apartments_for_sale": null,
    "price_m2": 16380000,
    "price_min_m2": null,
    "room_mix": {
     "1": 3,
     "2": 2
    },
    "is_commercial": false,
    "verified": false,
    "nearby": [
     {
      "category": "Университет",
      "category_id": 14,
      "name": "Westminister",
      "minutes": 11,
      "on_foot": true
     },
     {
      "category": "Рынок",
      "category_id": 12,
      "name": "Мирабадский рынок",
      "minutes": 10,
      "on_foot": true
     },
     {
      "category": "Фитнес",
      "category_id": 13,
      "name": "Chekhov Sport Clubs",
      "minutes": 12,
      "on_foot": true
     },
     {
      "category": "Fast Food",
      "category_id": 25,
      "name": "KFC",
      "minutes": 11,
      "on_foot": true
     },
     {
      "category": "Маркет",
      "category_id": 6,
      "name": "Korzinka",
      "minutes": 4,
      "on_foot": true
     },
     {
      "category": "Метро",
      "category_id": 1,
      "name": "Ташкент",
      "minutes": 9,
      "on_foot": true
     }
    ],
    "declared_retail_min": 4,
    "declared_metro_min": 9,
    "area": "город",
    "source": "yangiuylar.uz",
    "url": "https://yangiuylar.uz/novostroyka/fazo-251",
    "coord_approx": false
   }
  },
  {
   "type": "Feature",
   "geometry": {
    "type": "Point",
    "coordinates": [
     69.301718,
     41.273982
    ]
   },
   "properties": {
    "yu_id": 136,
    "slug": "new-zealand-136",
    "name": "Furqat Residence",
    "developer": "New Zealand",
    "developer_id": 88,
    "district": "Мирабадский район",
    "address": "г. Ташкент, Мирабадский р-н, ул. Эски Сарикул 113/10",
    "completion": "2026",
    "completion_date": "2026-09-30",
    "year": 2026,
    "status": "done",
    "recent": true,
    "apartments": 543,
    "floors": 16,
    "apartments_for_sale": null,
    "price_m2": 16000000,
    "price_min_m2": null,
    "room_mix": {
     "1": 5,
     "2": 2,
     "3": 2,
     "4+": 1
    },
    "is_commercial": false,
    "verified": false,
    "nearby": [
     {
      "category": "Базар",
      "category_id": 4,
      "name": "Мирабадский рынок",
      "minutes": 10,
      "on_foot": true
     },
     {
      "category": "Парк",
      "category_id": 3,
      "name": "Парк Фуркат",
      "minutes": 2,
      "on_foot": true
     },
     {
      "category": "Фитнес",
      "category_id": 13,
      "name": "Buka Fit",
      "minutes": 10,
      "on_foot": true
     },
     {
      "category": "Маркет",
      "category_id": 6,
      "name": "Korzinka",
      "minutes": 6,
      "on_foot": true
     },
     {
      "category": "Международный Аэропорт",
      "category_id": 10,
      "name": "Международный Аэропорт",
      "minutes": 7,
      "on_foot": true
     },
     {
      "category": "Метро",
      "category_id": 1,
      "name": "Ташкент",
      "minutes": 9,
      "on_foot": true
     }
    ],
    "declared_retail_min": 6,
    "declared_metro_min": 9,
    "area": "город",
    "source": "yangiuylar.uz",
    "url": "https://yangiuylar.uz/novostroyka/new-zealand-136",
    "coord_approx": false
   }
  },
  {
   "type": "Feature",
   "geometry": {
    "type": "Point",
    "coordinates": [
     69.302554,
     41.27157
    ]
   },
   "properties": {
    "yu_id": 308,
    "slug": "golden-lake-308",
    "name": "Golden Lake",
    "developer": "Centris Development",
    "developer_id": 194,
    "district": "Мирабадский район",
    "address": "г. Ташкент, Мирабадский район, улица Алтынкуль, 109",
    "completion": "2027",
    "completion_date": "2027-12-01",
    "year": 2027,
    "status": "building",
    "recent": true,
    "apartments": 2300,
    "floors": 16,
    "apartments_for_sale": null,
    "price_m2": 19000000,
    "price_min_m2": null,
    "room_mix": {
     "1": 1,
     "2": 1,
     "3": 1
    },
    "is_commercial": false,
    "verified": true,
    "nearby": [
     {
      "category": "Парк",
      "category_id": 3,
      "name": "Парк Фуркат",
      "minutes": 4,
      "on_foot": true
     },
     {
      "category": "Фитнес",
      "category_id": 13,
      "name": "Chekhov Sport Clubs",
      "minutes": 10,
      "on_foot": true
     },
     {
      "category": "Парк",
      "category_id": 3,
      "name": "Ашхабад парк",
      "minutes": 13,
      "on_foot": true
     },
     {
      "category": "Базар",
      "category_id": 4,
      "name": "Мирабадский рынок",
      "minutes": 9,
      "on_foot": true
     },
     {
      "category": "Метро",
      "category_id": 1,
      "name": "Ташкент",
      "minutes": 8,
      "on_foot": true
     }
    ],
    "declared_retail_min": 9,
    "declared_metro_min": 8,
    "area": "город",
    "source": "yangiuylar.uz",
    "url": "https://yangiuylar.uz/novostroyka/golden-lake-308",
    "coord_approx": false
   }
  },
  {
   "type": "Feature",
   "geometry": {
    "type": "Point",
    "coordinates": [
     69.308671,
     41.274721
    ]
   },
   "properties": {
    "yu_id": 310,
    "slug": "mirabad-residence-310",
    "name": "Mirabad Residence",
    "developer": "DISCUS FLOUR",
    "developer_id": 196,
    "district": "Мирабадский район",
    "address": "г. Ташкент, Мирабадский район, улица Олтинкул, 22",
    "completion": "2027",
    "completion_date": "2027-11-01",
    "year": 2027,
    "status": "building",
    "recent": true,
    "apartments": 726,
    "floors": 11,
    "apartments_for_sale": null,
    "price_m2": 14000000,
    "price_min_m2": null,
    "room_mix": {},
    "is_commercial": false,
    "verified": true,
    "nearby": [
     {
      "category": "Фитнес",
      "category_id": 13,
      "name": "Befit",
      "minutes": 10,
      "on_foot": true
     },
     {
      "category": "Университет",
      "category_id": 14,
      "name": "Westminister",
      "minutes": 10,
      "on_foot": true
     },
     {
      "category": "Парк",
      "category_id": 3,
      "name": "Сквер Амира Темура",
      "minutes": 12,
      "on_foot": true
     },
     {
      "category": "Маркет",
      "category_id": 6,
      "name": "Korzinka",
      "minutes": 5,
      "on_foot": true
     },
     {
      "category": "Метро",
      "category_id": 1,
      "name": "Ташкент",
      "minutes": 8,
      "on_foot": true
     }
    ],
    "declared_retail_min": 5,
    "declared_metro_min": 8,
    "area": "город",
    "source": "yangiuylar.uz",
    "url": "https://yangiuylar.uz/novostroyka/mirabad-residence-310",
    "coord_approx": false
   }
  },
  {
   "type": "Feature",
   "geometry": {
    "type": "Point",
    "coordinates": [
     69.297542,
     41.293184
    ]
   },
   "properties": {
    "yu_id": 324,
    "slug": "mirador-324",
    "name": "Mirador",
    "developer": "Kayan Development",
    "developer_id": 75,
    "district": "Мирабадский район",
    "address": "г. Ташкент, Мирабадский район, Фаргона йули, 52",
    "completion": "2029",
    "completion_date": "2029-01-01",
    "year": 2029,
    "status": "building",
    "recent": true,
    "apartments": 250,
    "floors": 16,
    "apartments_for_sale": 95,
    "price_m2": null,
    "price_min_m2": null,
    "room_mix": {
     "1": 2,
     "2": 3,
     "3": 1,
     "4+": 4
    },
    "is_commercial": false,
    "verified": true,
    "nearby": [
     {
      "category": "Университет",
      "category_id": 14,
      "name": "Westminister",
      "minutes": 8,
      "on_foot": true
     },
     {
      "category": "Парк",
      "category_id": 3,
      "name": "Сквер Амира Темура",
      "minutes": 12,
      "on_foot": true
     },
     {
      "category": "Парк",
      "category_id": 3,
      "name": "Дустлик парк",
      "minutes": 5,
      "on_foot": true
     },
     {
      "category": "Метро",
      "category_id": 1,
      "name": "Ташкент",
      "minutes": 8,
      "on_foot": true
     }
    ],
    "declared_retail_min": null,
    "declared_metro_min": 8,
    "area": "город",
    "source": "yangiuylar.uz",
    "url": "https://yangiuylar.uz/novostroyka/mirador-324",
    "coord_approx": false
   }
  },
  {
   "type": "Feature",
   "geometry": {
    "type": "Point",
    "coordinates": [
     69.297139,
     41.280492
    ]
   },
   "properties": {
    "yu_id": 318,
    "slug": "nrg-meros-318",
    "name": "NRG Meros",
    "developer": "NRG-BI",
    "developer_id": 200,
    "district": "Мирабадский район",
    "address": "г. Ташкент, Мирабадский район, махаллинский сход граждан Инокобод",
    "completion": "2026",
    "completion_date": "2026-06-26",
    "year": 2026,
    "status": "done",
    "recent": true,
    "apartments": 882,
    "floors": 16,
    "apartments_for_sale": null,
    "price_m2": 18500000,
    "price_min_m2": 18500000,
    "room_mix": {
     "1": 5,
     "2": 5,
     "3": 5,
     "4+": 5
    },
    "is_commercial": false,
    "verified": false,
    "nearby": [
     {
      "category": "Торговый центр",
      "category_id": 2,
      "name": "Tashkent City Mall",
      "minutes": 15,
      "on_foot": true
     },
     {
      "category": "Маркет",
      "category_id": 6,
      "name": "Korzinka",
      "minutes": 3,
      "on_foot": true
     },
     {
      "category": "Международный Аэропорт",
      "category_id": 10,
      "name": "Международный Аэропорт",
      "minutes": 11,
      "on_foot": true
     },
     {
      "category": "Метро",
      "category_id": 1,
      "name": "Ташкент",
      "minutes": 6,
      "on_foot": true
     }
    ],
    "declared_retail_min": 3,
    "declared_metro_min": 6,
    "area": "город",
    "source": "yangiuylar.uz",
    "url": "https://yangiuylar.uz/novostroyka/nrg-meros-318",
    "coord_approx": false
   }
  },
  {
   "type": "Feature",
   "geometry": {
    "type": "Point",
    "coordinates": [
     69.298222,
     41.291382
    ]
   },
   "properties": {
    "yu_id": 85,
    "slug": "o'z-makon-85",
    "name": "O'z Makon",
    "developer": "Golden House",
    "developer_id": 3,
    "district": "Мирабадский район",
    "address": "г. Ташкент, Мирабадский р-н, ул. Фаргона Йули",
    "completion": "2027",
    "completion_date": "2027-07-31",
    "year": 2027,
    "status": "building",
    "recent": true,
    "apartments": 380,
    "floors": 16,
    "apartments_for_sale": null,
    "price_m2": 19000000,
    "price_min_m2": null,
    "room_mix": {
     "1": 5,
     "2": 7,
     "3": 4,
     "4+": 1
    },
    "is_commercial": false,
    "verified": false,
    "nearby": [
     {
      "category": "Фитнес",
      "category_id": 13,
      "name": "Buka Fit",
      "minutes": 9,
      "on_foot": true
     },
     {
      "category": "Рынок",
      "category_id": 12,
      "name": "Мирабадский рынок",
      "minutes": 7,
      "on_foot": true
     },
     {
      "category": "Парк",
      "category_id": 3,
      "name": "Ашхабад парк",
      "minutes": 8,
      "on_foot": true
     },
     {
      "category": "Парк",
      "category_id": 3,
      "name": "Парк Фуркат",
      "minutes": 10,
      "on_foot": true
     },
     {
      "category": "Маркет",
      "category_id": 6,
      "name": "Korzinka",
      "minutes": 5,
      "on_foot": true
     },
     {
      "category": "Метро",
      "category_id": 1,
      "name": "Ташкент",
      "minutes": 5,
      "on_foot": true
     }
    ],
    "declared_retail_min": 5,
    "declared_metro_min": 5,
    "area": "город",
    "source": "yangiuylar.uz",
    "url": "https://yangiuylar.uz/novostroyka/o'z-makon-85",
    "coord_approx": false
   }
  },
  {
   "type": "Feature",
   "geometry": {
    "type": "Point",
    "coordinates": [
     69.302383,
     41.282509
    ]
   },
   "properties": {
    "yu_id": 124,
    "slug": "sun-124",
    "name": "SUN",
    "developer": "Human2Human",
    "developer_id": 79,
    "district": "Мирабадский район",
    "address": "Сайхун, 56/2",
    "completion": "2026",
    "completion_date": "2026-08-31",
    "year": 2026,
    "status": "done",
    "recent": true,
    "apartments": 361,
    "floors": 14,
    "apartments_for_sale": null,
    "price_m2": 17000000,
    "price_min_m2": null,
    "room_mix": {
     "1": 3,
     "2": 3,
     "3": 3,
     "4+": 3
    },
    "is_commercial": false,
    "verified": false,
    "nearby": [
     {
      "category": "Международный Аэропорт",
      "category_id": 10,
      "name": "Международный Аэропорт",
      "minutes": 10,
      "on_foot": true
     },
     {
      "category": "Парк",
      "category_id": 3,
      "name": "Парк Фуркат",
      "minutes": 4,
      "on_foot": true
     },
     {
      "category": "Маркет",
      "category_id": 6,
      "name": "Korzinka",
      "minutes": 5,
      "on_foot": true
     },
     {
      "category": "Метро",
      "category_id": 1,
      "name": "Ташкент",
      "minutes": 6,
      "on_foot": true
     }
    ],
    "declared_retail_min": 5,
    "declared_metro_min": 6,
    "area": "город",
    "source": "yangiuylar.uz",
    "url": "https://yangiuylar.uz/novostroyka/sun-124",
    "coord_approx": false
   }
  },
  {
   "type": "Feature",
   "geometry": {
    "type": "Point",
    "coordinates": [
     69.281297,
     41.289082
    ]
   },
   "properties": {
    "yu_id": 53,
    "slug": "sapphire-terrace-53",
    "name": "Sapphire Terrace",
    "developer": "Construction Technology",
    "developer_id": 26,
    "district": "Мирабадский район",
    "address": "г.Ташкент, Мирабадский район, улица Авлиё ота 128",
    "completion": "2024",
    "completion_date": "2024-07-10",
    "year": 2024,
    "status": "done",
    "recent": true,
    "apartments": 143,
    "floors": 16,
    "apartments_for_sale": null,
    "price_m2": 26335000,
    "price_min_m2": 26335000,
    "room_mix": {
     "2": 1,
     "3": 1,
     "4+": 2
    },
    "is_commercial": false,
    "verified": false,
    "nearby": [
     {
      "category": "Парк",
      "category_id": 3,
      "name": "Эко Парк",
      "minutes": 12,
      "on_foot": true
     },
     {
      "category": "Парк",
      "category_id": 3,
      "name": "Ашхабад парк",
      "minutes": 10,
      "on_foot": true
     },
     {
      "category": "Маркет",
      "category_id": 6,
      "name": "Korzinka",
      "minutes": 6,
      "on_foot": true
     },
     {
      "category": "Базар",
      "category_id": 4,
      "name": "Мирабадский рынок",
      "minutes": 8,
      "on_foot": true
     },
     {
      "category": "Метро",
      "category_id": 1,
      "name": "Ташкент",
      "minutes": 5,
      "on_foot": true
     }
    ],
    "declared_retail_min": 6,
    "declared_metro_min": 5,
    "area": "город",
    "source": "yangiuylar.uz",
    "url": "https://yangiuylar.uz/novostroyka/sapphire-terrace-53",
    "coord_approx": false
   }
  },
  {
   "type": "Feature",
   "geometry": {
    "type": "Point",
    "coordinates": [
     69.28774,
     41.27499
    ]
   },
   "properties": {
    "yu_id": 127,
    "slug": "savr-avenue-127",
    "name": "Savr Avenue",
    "developer": "Vero Group",
    "developer_id": 82,
    "district": "Мирабадский район",
    "address": "г.Ташкент, Мирабадский район, Улица Савр дом 3",
    "completion": "2026",
    "completion_date": "2026-11-19",
    "year": 2026,
    "status": "building",
    "recent": true,
    "apartments": 1055,
    "floors": 12,
    "apartments_for_sale": null,
    "price_m2": 16000000,
    "price_min_m2": 14700000,
    "room_mix": {
     "1": 5,
     "2": 16,
     "3": 2
    },
    "is_commercial": false,
    "verified": false,
    "nearby": [
     {
      "category": "Парк",
      "category_id": 3,
      "name": "Парк Фуркат",
      "minutes": 3,
      "on_foot": true
     },
     {
      "category": "Международный Аэропорт",
      "category_id": 10,
      "name": "Международный Аэропорт",
      "minutes": 5,
      "on_foot": true
     },
     {
      "category": "Маркет",
      "category_id": 6,
      "name": "Korzinka",
      "minutes": 5,
      "on_foot": true
     },
     {
      "category": "Метро",
      "category_id": 1,
      "name": "Ташкент",
      "minutes": 7,
      "on_foot": true
     }
    ],
    "declared_retail_min": 5,
    "declared_metro_min": 7,
    "area": "город",
    "source": "yangiuylar.uz",
    "url": "https://yangiuylar.uz/novostroyka/savr-avenue-127",
    "coord_approx": false
   }
  },
  {
   "type": "Feature",
   "geometry": {
    "type": "Point",
    "coordinates": [
     69.28571,
     41.302352
    ]
   },
   "properties": {
    "yu_id": 266,
    "slug": "stellar-residence-266",
    "name": "Stellar Residence",
    "developer": "TENET ",
    "developer_id": 174,
    "district": "Мирабадский район",
    "address": "г. Ташкент, Мирабадский район, улица Садыка Азимова, 72А",
    "completion": "2027",
    "completion_date": "2027-12-01",
    "year": 2027,
    "status": "building",
    "recent": true,
    "apartments": 448,
    "floors": 17,
    "apartments_for_sale": null,
    "price_m2": null,
    "price_min_m2": null,
    "room_mix": {},
    "is_commercial": false,
    "verified": false,
    "nearby": [
     {
      "category": "Фитнес",
      "category_id": 13,
      "name": "Befit",
      "minutes": 10,
      "on_foot": true
     },
     {
      "category": "Университет",
      "category_id": 14,
      "name": "Westminister",
      "minutes": 4,
      "on_foot": true
     },
     {
      "category": "Парк",
      "category_id": 3,
      "name": "Сквер Амира Темура",
      "minutes": 5,
      "on_foot": true
     },
     {
      "category": "Маркет",
      "category_id": 6,
      "name": "Korzinka",
      "minutes": 2,
      "on_foot": true
     },
     {
      "category": "Fast Food",
      "category_id": 25,
      "name": "KFC",
      "minutes": 2,
      "on_foot": true
     },
     {
      "category": "Метро",
      "category_id": 1,
      "name": "Айбек",
      "minutes": 4,
      "on_foot": true
     }
    ],
    "declared_retail_min": 2,
    "declared_metro_min": 4,
    "area": "город",
    "source": "yangiuylar.uz",
    "url": "https://yangiuylar.uz/novostroyka/stellar-residence-266",
    "coord_approx": false
   }
  },
  {
   "type": "Feature",
   "geometry": {
    "type": "Point",
    "coordinates": [
     69.276349,
     41.300629
    ]
   },
   "properties": {
    "yu_id": 142,
    "slug": "venera-residence-142",
    "name": "Venera Residence",
    "developer": "NAU COMPANY",
    "developer_id": 93,
    "district": "Мирабадский район",
    "address": "Мирабадский район, улица Тараса Шевченко 26",
    "completion": "2026",
    "completion_date": "2026-12-01",
    "year": 2026,
    "status": "building",
    "recent": true,
    "apartments": 162,
    "floors": 13,
    "apartments_for_sale": null,
    "price_m2": 31860000,
    "price_min_m2": null,
    "room_mix": {
     "1": 1,
     "2": 5,
     "3": 4
    },
    "is_commercial": false,
    "verified": false,
    "nearby": [
     {
      "category": "Парк",
      "category_id": 3,
      "name": "Дустлик парк",
      "minutes": 7,
      "on_foot": true
     },
     {
      "category": "Базар",
      "category_id": 4,
      "name": "Мирабадский рынок",
      "minutes": 4,
      "on_foot": true
     },
     {
      "category": "Фитнес",
      "category_id": 13,
      "name": "Buka Fit",
      "minutes": 4,
      "on_foot": true
     },
     {
      "category": "Маркет",
      "category_id": 6,
      "name": "Korzinka",
      "minutes": 3,
      "on_foot": true
     },
     {
      "category": "Маркет",
      "category_id": 6,
      "name": "Havas",
      "minutes": 4,
      "on_foot": true
     },
     {
      "category": "Метро",
      "category_id": 1,
      "name": "Минг Урик",
      "minutes": 1,
      "on_foot": true
     }
    ],
    "declared_retail_min": 3,
    "declared_metro_min": 1,
    "area": "город",
    "source": "yangiuylar.uz",
    "url": "https://yangiuylar.uz/novostroyka/venera-residence-142",
    "coord_approx": false
   }
  },
  {
   "type": "Feature",
   "geometry": {
    "type": "Point",
    "coordinates": [
     69.338213,
     41.347695
    ]
   },
   "properties": {
    "yu_id": 83,
    "slug": "assalom-bog'lar-83",
    "name": "Assalom Bog'lar",
    "developer": "Golden House",
    "developer_id": 3,
    "district": "Мирзо-Улугбекский район",
    "address": "г. Ташкент, Мирзо-Улугбекский р-н, ул. Шахриобод, 53",
    "completion": "2026",
    "completion_date": "2026-03-01",
    "year": 2026,
    "status": "done",
    "recent": true,
    "apartments": 558,
    "floors": 15,
    "apartments_for_sale": null,
    "price_m2": 13600000,
    "price_min_m2": null,
    "room_mix": {
     "1": 6,
     "2": 2,
     "3": 1
    },
    "is_commercial": false,
    "verified": true,
    "nearby": [
     {
      "category": "Парк",
      "category_id": 3,
      "name": "Локомотив парк",
      "minutes": 6,
      "on_foot": true
     },
     {
      "category": "Мечеть",
      "category_id": 9,
      "name": "Мечеть Тепамасжид",
      "minutes": 3,
      "on_foot": true
     },
     {
      "category": "Маркет",
      "category_id": 6,
      "name": "Korzinka",
      "minutes": 6,
      "on_foot": true
     },
     {
      "category": "Парк",
      "category_id": 3,
      "name": "Ботанический сад",
      "minutes": 5,
      "on_foot": true
     },
     {
      "category": "Зоопарк",
      "category_id": 8,
      "name": "Ташкентский зоопарк",
      "minutes": 5,
      "on_foot": true
     },
     {
      "category": "Маркет",
      "category_id": 6,
      "name": "Havas",
      "minutes": 8,
      "on_foot": true
     },
     {
      "category": "Метро",
      "category_id": 1,
      "name": "Буюк Ипак Йули",
      "minutes": 9,
      "on_foot": true
     }
    ],
    "declared_retail_min": 6,
    "declared_metro_min": 9,
    "area": "город",
    "source": "yangiuylar.uz",
    "url": "https://yangiuylar.uz/novostroyka/assalom-bog'lar-83",
    "coord_approx": false
   }
  },
  {
   "type": "Feature",
   "geometry": {
    "type": "Point",
    "coordinates": [
     69.315773,
     41.338556
    ]
   },
   "properties": {
    "yu_id": 209,
    "slug": "botanika-209",
    "name": "Botanika",
    "developer": "Renaissance Building Company",
    "developer_id": 104,
    "district": "Мирзо-Улугбекский район",
    "address": "г. Ташкент, Мирзо-Улугбекский район, проезд Дурмон йули",
    "completion": "2027",
    "completion_date": "2027-01-01",
    "year": 2027,
    "status": "building",
    "recent": true,
    "apartments": 1006,
    "floors": 12,
    "apartments_for_sale": null,
    "price_m2": 18000000,
    "price_min_m2": null,
    "room_mix": {},
    "is_commercial": false,
    "verified": false,
    "nearby": [
     {
      "category": "Фитнес",
      "category_id": 13,
      "name": "Befit",
      "minutes": 8,
      "on_foot": true
     },
     {
      "category": "Fast Food",
      "category_id": 25,
      "name": "KFC",
      "minutes": 10,
      "on_foot": true
     },
     {
      "category": "Университет",
      "category_id": 14,
      "name": "Westminister",
      "minutes": 12,
      "on_foot": true
     },
     {
      "category": "Ресторан",
      "category_id": 20,
      "name": "The Choyxona",
      "minutes": 12,
      "on_foot": true
     },
     {
      "category": "Метро",
      "category_id": 1,
      "name": "Бадамзар",
      "minutes": 8,
      "on_foot": true
     }
    ],
    "declared_retail_min": null,
    "declared_metro_min": 8,
    "area": "город",
    "source": "yangiuylar.uz",
    "url": "https://yangiuylar.uz/novostroyka/botanika-209",
    "coord_approx": false
   }
  },
  {
   "type": "Feature",
   "geometry": {
    "type": "Point",
    "coordinates": [
     69.319316,
     41.32838
    ]
   },
   "properties": {
    "yu_id": 218,
    "slug": "brooklyn-218",
    "name": "Brooklyn",
    "developer": "Marokand's SKY",
    "developer_id": 148,
    "district": "Мирзо-Улугбекский район",
    "address": "г. Ташкент, Мирзо-Улугбекский район, улица Сайрам, 92",
    "completion": "2029",
    "completion_date": "2029-01-01",
    "year": 2029,
    "status": "done",
    "recent": true,
    "apartments": 232,
    "floors": 18,
    "apartments_for_sale": null,
    "price_m2": 14000000,
    "price_min_m2": null,
    "room_mix": {},
    "is_commercial": false,
    "verified": false,
    "nearby": [
     {
      "category": "Университет",
      "category_id": 14,
      "name": "Westminister",
      "minutes": 12,
      "on_foot": true
     },
     {
      "category": "Парк",
      "category_id": 3,
      "name": "Ботанический сад",
      "minutes": 9,
      "on_foot": true
     },
     {
      "category": "Фитнес",
      "category_id": 13,
      "name": "Befit",
      "minutes": 10,
      "on_foot": true
     },
     {
      "category": "Ресторан",
      "category_id": 20,
      "name": "Bon!",
      "minutes": 7,
      "on_foot": true
     },
     {
      "category": "Метро",
      "category_id": 1,
      "name": "Буюк Ипак Йули",
      "minutes": 10,
      "on_foot": true
     },
     {
      "category": "Ресторан",
      "category_id": 20,
      "name": "The Choyxona",
      "minutes": 6,
      "on_foot": true
     }
    ],
    "declared_retail_min": null,
    "declared_metro_min": 10,
    "area": "город",
    "source": "yangiuylar.uz",
    "url": "https://yangiuylar.uz/novostroyka/brooklyn-218",
    "coord_approx": false
   }
  },
  {
   "type": "Feature",
   "geometry": {
    "type": "Point",
    "coordinates": [
     69.40136,
     41.33037
    ]
   },
   "properties": {
    "yu_id": 305,
    "slug": "d-casa-305",
    "name": "D-CASA",
    "developer": "Dream Level ",
    "developer_id": 193,
    "district": "Мирзо-Улугбекский район",
    "address": "г. Ташкент, Мирзо-Улугбекский район, Алишеробод МФЙ",
    "completion": "2027",
    "completion_date": "2027-08-01",
    "year": 2027,
    "status": "building",
    "recent": true,
    "apartments": 93,
    "floors": 4,
    "apartments_for_sale": null,
    "price_m2": 14625000,
    "price_min_m2": null,
    "room_mix": {},
    "is_commercial": false,
    "verified": false,
    "nearby": [
     {
      "category": "Выставочный центр",
      "category_id": 16,
      "name": "CAEX выставочный центр",
      "minutes": 6,
      "on_foot": true
     },
     {
      "category": "Университет",
      "category_id": 14,
      "name": "AKFA Университет",
      "minutes": 7,
      "on_foot": true
     },
     {
      "category": "Парк",
      "category_id": 3,
      "name": "Парк новый Узбекистан",
      "minutes": 7,
      "on_foot": true
     },
     {
      "category": "Парк",
      "category_id": 3,
      "name": "Гольф Клуб",
      "minutes": 7,
      "on_foot": true
     },
     {
      "category": "Парк",
      "category_id": 3,
      "name": "Сквер Амира Темура",
      "minutes": 15,
      "on_foot": true
     },
     {
      "category": "Город",
      "category_id": 15,
      "name": "Олимпийский городок",
      "minutes": 7,
      "on_foot": true
     },
     {
      "category": "Метро",
      "category_id": 1,
      "name": "Яшнабад",
      "minutes": 10,
      "on_foot": true
     }
    ],
    "declared_retail_min": null,
    "declared_metro_min": 10,
    "area": "город",
    "source": "yangiuylar.uz",
    "url": "https://yangiuylar.uz/novostroyka/d-casa-305",
    "coord_approx": false
   }
  },
  {
   "type": "Feature",
   "geometry": {
    "type": "Point",
    "coordinates": [
     69.333608,
     41.313704
    ]
   },
   "properties": {
    "yu_id": 138,
    "slug": "golden-hills-138",
    "name": "Golden Hills",
    "developer": "THE BEST STROY",
    "developer_id": 90,
    "district": "Мирзо-Улугбекский район",
    "address": "г. Ташкент, Мирзо-Улугбекский р-н, ул. Олтинтепа 166",
    "completion": "2026",
    "completion_date": "2026-09-01",
    "year": 2026,
    "status": "done",
    "recent": true,
    "apartments": 1080,
    "floors": 16,
    "apartments_for_sale": 20,
    "price_m2": 13800000,
    "price_min_m2": 13800000,
    "room_mix": {
     "1": 1,
     "2": 5,
     "3": 2
    },
    "is_commercial": false,
    "verified": true,
    "nearby": [
     {
      "category": "Парк",
      "category_id": 3,
      "name": "Парк новый Узбекистан",
      "minutes": 15,
      "on_foot": true
     },
     {
      "category": "Маркет",
      "category_id": 6,
      "name": "Korzinka",
      "minutes": 2,
      "on_foot": true
     },
     {
      "category": "Базар",
      "category_id": 4,
      "name": "Паркентский Рынок",
      "minutes": 3,
      "on_foot": true
     },
     {
      "category": "Метро",
      "category_id": 1,
      "name": "Буюк Ипак Йули",
      "minutes": 6,
      "on_foot": true
     }
    ],
    "declared_retail_min": 2,
    "declared_metro_min": 6,
    "area": "город",
    "source": "yangiuylar.uz",
    "url": "https://yangiuylar.uz/novostroyka/golden-hills-138",
    "coord_approx": false
   }
  },
  {
   "type": "Feature",
   "geometry": {
    "type": "Point",
    "coordinates": [
     69.322408,
     41.321991
    ]
   },
   "properties": {
    "yu_id": 66,
    "slug": "ipak-yo'li-66",
    "name": "Ipak Yo’li",
    "developer": "Ipak Yo’li",
    "developer_id": 36,
    "district": "Мирзо-Улугбекский район",
    "address": "г. Ташкент ,Мирзо Улугбекский район, улица Мирзо Улугбек, 42",
    "completion": "2026",
    "completion_date": "2026-12-31",
    "year": 2026,
    "status": "done",
    "recent": true,
    "apartments": 120,
    "floors": 11,
    "apartments_for_sale": null,
    "price_m2": null,
    "price_min_m2": 20000000,
    "room_mix": {
     "1": 6,
     "2": 4
    },
    "is_commercial": false,
    "verified": false,
    "nearby": [
     {
      "category": "Парк",
      "category_id": 3,
      "name": "Ботанический сад",
      "minutes": 10,
      "on_foot": true
     },
     {
      "category": "Базар",
      "category_id": 4,
      "name": "Алайский рынок",
      "minutes": 10,
      "on_foot": true
     },
     {
      "category": "Парк",
      "category_id": 3,
      "name": "Ашхабад парк",
      "minutes": 8,
      "on_foot": true
     },
     {
      "category": "Маркет",
      "category_id": 6,
      "name": "Korzinka",
      "minutes": 3,
      "on_foot": true
     },
     {
      "category": "Базар",
      "category_id": 4,
      "name": "Паркентский Рынок",
      "minutes": 5,
      "on_foot": true
     },
     {
      "category": "Метро",
      "category_id": 1,
      "name": "Буюк Ипак Йули",
      "minutes": 3,
      "on_foot": true
     }
    ],
    "declared_retail_min": 3,
    "declared_metro_min": 3,
    "area": "город",
    "source": "yangiuylar.uz",
    "url": "https://yangiuylar.uz/novostroyka/ipak-yo'li-66",
    "coord_approx": false
   }
  },
  {
   "type": "Feature",
   "geometry": {
    "type": "Point",
    "coordinates": [
     69.4078,
     41.324466
    ]
   },
   "properties": {
    "yu_id": 320,
    "slug": "maftun-makon-320",
    "name": "Maftun Makon",
    "developer": "NRG-BI",
    "developer_id": 200,
    "district": "Мирзо-Улугбекский район",
    "address": "г. Ташкент, Мирзо-Улугбекский район",
    "completion": "2026",
    "completion_date": "2026-12-19",
    "year": 2026,
    "status": "building",
    "recent": true,
    "apartments": 1051,
    "floors": 7,
    "apartments_for_sale": null,
    "price_m2": 16544000,
    "price_min_m2": null,
    "room_mix": {},
    "is_commercial": false,
    "verified": false,
    "nearby": [
     {
      "category": "Парк",
      "category_id": 3,
      "name": "Парк новый Узбекистан",
      "minutes": 9,
      "on_foot": true
     },
     {
      "category": "Выставочный центр",
      "category_id": 16,
      "name": "CAEX выставочный центр",
      "minutes": 4,
      "on_foot": true
     },
     {
      "category": "Город",
      "category_id": 15,
      "name": "Олимпийский городок",
      "minutes": 15,
      "on_foot": true
     },
     {
      "category": "Университет",
      "category_id": 14,
      "name": "AKFA Университет",
      "minutes": 5,
      "on_foot": true
     },
     {
      "category": "Метро",
      "category_id": 1,
      "name": "Буюк Ипак Йули",
      "minutes": 20,
      "on_foot": true
     }
    ],
    "declared_retail_min": null,
    "declared_metro_min": 20,
    "area": "город",
    "source": "yangiuylar.uz",
    "url": "https://yangiuylar.uz/novostroyka/maftun-makon-320",
    "coord_approx": false
   }
  },
  {
   "type": "Feature",
   "geometry": {
    "type": "Point",
    "coordinates": [
     69.303681,
     41.324779
    ]
   },
   "properties": {
    "yu_id": 155,
    "slug": "moskva-155",
    "name": "Moskva",
    "developer": "Diamond Castle ",
    "developer_id": 106,
    "district": "Мирзо-Улугбекский район",
    "address": "Ташкент, пересечение ул. Аккурган и Осие",
    "completion": "2028",
    "completion_date": "2028-01-01",
    "year": 2028,
    "status": "building",
    "recent": true,
    "apartments": 290,
    "floors": 12,
    "apartments_for_sale": null,
    "price_m2": 31600000,
    "price_min_m2": null,
    "room_mix": {
     "1": 2,
     "2": 6,
     "3": 8,
     "4+": 3
    },
    "is_commercial": false,
    "verified": false,
    "nearby": [
     {
      "category": "Парк",
      "category_id": 3,
      "name": "Парк Наврўз",
      "minutes": 10,
      "on_foot": true
     },
     {
      "category": "Ресторан",
      "category_id": 20,
      "name": "Bon!",
      "minutes": 7,
      "on_foot": true
     },
     {
      "category": "Фитнес",
      "category_id": 13,
      "name": "Befit",
      "minutes": 5,
      "on_foot": true
     },
     {
      "category": "Парк",
      "category_id": 3,
      "name": "Ботанический сад",
      "minutes": 10,
      "on_foot": true
     },
     {
      "category": "Маркет",
      "category_id": 6,
      "name": "Makro",
      "minutes": 3,
      "on_foot": true
     },
     {
      "category": "Метро",
      "category_id": 1,
      "name": "Пушкинская",
      "minutes": 10,
      "on_foot": true
     }
    ],
    "declared_retail_min": 3,
    "declared_metro_min": 10,
    "area": "город",
    "source": "yangiuylar.uz",
    "url": "https://yangiuylar.uz/novostroyka/moskva-155",
    "coord_approx": false
   }
  },
  {
   "type": "Feature",
   "geometry": {
    "type": "Point",
    "coordinates": [
     69.327248,
     41.321892
    ]
   },
   "properties": {
    "yu_id": 158,
    "slug": "flagman-158",
    "name": "NRG Flagman",
    "developer": "NRG-BI",
    "developer_id": 200,
    "district": "Мирзо-Улугбекский район",
    "address": "г. Ташкент, улица Мухаммада Юсуфа, 54",
    "completion": "2026",
    "completion_date": "2026-05-29",
    "year": 2026,
    "status": "done",
    "recent": true,
    "apartments": 80,
    "floors": 16,
    "apartments_for_sale": null,
    "price_m2": 13200000,
    "price_min_m2": null,
    "room_mix": {
     "2": 1,
     "3": 3,
     "4+": 2
    },
    "is_commercial": false,
    "verified": false,
    "nearby": [
     {
      "category": "Фитнес",
      "category_id": 13,
      "name": "Befit",
      "minutes": 10,
      "on_foot": true
     },
     {
      "category": "Базар",
      "category_id": 4,
      "name": "Паркентский Рынок",
      "minutes": 4,
      "on_foot": true
     },
     {
      "category": "Банк",
      "category_id": 23,
      "name": "Kapital Bank",
      "minutes": 4,
      "on_foot": true
     },
     {
      "category": "Метро",
      "category_id": 1,
      "name": "Буюк Ипак Йули",
      "minutes": 5,
      "on_foot": true
     },
     {
      "category": "Парк",
      "category_id": 3,
      "name": "Эко Парк",
      "minutes": 15,
      "on_foot": true
     },
     {
      "category": "Маркет",
      "category_id": 6,
      "name": "Korzinka",
      "minutes": 5,
      "on_foot": true
     }
    ],
    "declared_retail_min": 4,
    "declared_metro_min": 5,
    "area": "город",
    "source": "yangiuylar.uz",
    "url": "https://yangiuylar.uz/novostroyka/flagman-158",
    "coord_approx": false
   }
  },
  {
   "type": "Feature",
   "geometry": {
    "type": "Point",
    "coordinates": [
     69.347664,
     41.316424
    ]
   },
   "properties": {
    "yu_id": 317,
    "slug": "nrg-voha-317",
    "name": "NRG Voha",
    "developer": "NRG-BI",
    "developer_id": 200,
    "district": "Мирзо-Улугбекский район",
    "address": "г Ташкент, Мирзо-Улугбекский район, Кайнарсай, 136А",
    "completion": "2025",
    "completion_date": "2025-10-25",
    "year": 2025,
    "status": "done",
    "recent": true,
    "apartments": 249,
    "floors": 5,
    "apartments_for_sale": null,
    "price_m2": 31000000,
    "price_min_m2": 25040258,
    "room_mix": {
     "2": 9,
     "3": 11,
     "4+": 8
    },
    "is_commercial": false,
    "verified": true,
    "nearby": [],
    "declared_retail_min": null,
    "declared_metro_min": null,
    "area": "город",
    "source": "yangiuylar.uz",
    "url": "https://yangiuylar.uz/novostroyka/nrg-voha-317",
    "coord_approx": false
   }
  },
  {
   "type": "Feature",
   "geometry": {
    "type": "Point",
    "coordinates": [
     69.318679,
     41.327276
    ]
   },
   "properties": {
    "yu_id": 319,
    "slug": "nrg-bi-4u-tashkent-319",
    "name": "NRG-BI 4U Tashkent",
    "developer": "NRG-BI",
    "developer_id": 200,
    "district": "Мирзо-Улугбекский район",
    "address": "г. Ташкент, Мирзо-Улугбекский район",
    "completion": "2027",
    "completion_date": "2027-08-25",
    "year": 2027,
    "status": "building",
    "recent": true,
    "apartments": 429,
    "floors": 25,
    "apartments_for_sale": null,
    "price_m2": 24000000,
    "price_min_m2": 19093000,
    "room_mix": {
     "1": 4,
     "2": 7,
     "3": 4,
     "4+": 3
    },
    "is_commercial": false,
    "verified": false,
    "nearby": [
     {
      "category": "Университет",
      "category_id": 14,
      "name": "Westminister",
      "minutes": 10,
      "on_foot": true
     },
     {
      "category": "Базар",
      "category_id": 4,
      "name": "Паркентский Рынок",
      "minutes": 10,
      "on_foot": true
     },
     {
      "category": "Парк",
      "category_id": 3,
      "name": "Ботанический сад",
      "minutes": 9,
      "on_foot": true
     },
     {
      "category": "Спорт",
      "category_id": 24,
      "name": "Плавательный Бассейн",
      "minutes": 5,
      "on_foot": true
     },
     {
      "category": "Метро",
      "category_id": 1,
      "name": "Пушкинская",
      "minutes": 7,
      "on_foot": true
     }
    ],
    "declared_retail_min": 10,
    "declared_metro_min": 7,
    "area": "город",
    "source": "yangiuylar.uz",
    "url": "https://yangiuylar.uz/novostroyka/nrg-bi-4u-tashkent-319",
    "coord_approx": false
   }
  },
  {
   "type": "Feature",
   "geometry": {
    "type": "Point",
    "coordinates": [
     69.329934,
     41.349374
    ]
   },
   "properties": {
    "yu_id": 106,
    "slug": "botanika-saroyi-106",
    "name": "NRG-BI Botanika Saroyi",
    "developer": "NRG-BI",
    "developer_id": 200,
    "district": "Мирзо-Улугбекский район",
    "address": "г. Ташкент, Мирзо-Улугбекский район, улица Богишамол ( рядом с Ботаническим садом)",
    "completion": "2026",
    "completion_date": "2026-12-26",
    "year": 2026,
    "status": "building",
    "recent": true,
    "apartments": 564,
    "floors": 16,
    "apartments_for_sale": null,
    "price_m2": 19950000,
    "price_min_m2": null,
    "room_mix": {
     "1": 3,
     "2": 3,
     "3": 1
    },
    "is_commercial": false,
    "verified": false,
    "nearby": [
     {
      "category": "Маркет",
      "category_id": 6,
      "name": "Korzinka",
      "minutes": 4,
      "on_foot": true
     },
     {
      "category": "Парк",
      "category_id": 3,
      "name": "Ботанический сад",
      "minutes": 3,
      "on_foot": true
     },
     {
      "category": "Зоопарк",
      "category_id": 8,
      "name": "Ташкентский зоопарк",
      "minutes": 3,
      "on_foot": true
     },
     {
      "category": "Торговый центр",
      "category_id": 2,
      "name": "Mega Planet",
      "minutes": 13,
      "on_foot": true
     },
     {
      "category": "Метро",
      "category_id": 1,
      "name": "Бадамзар",
      "minutes": 10,
      "on_foot": true
     }
    ],
    "declared_retail_min": 4,
    "declared_metro_min": 10,
    "area": "город",
    "source": "yangiuylar.uz",
    "url": "https://yangiuylar.uz/novostroyka/botanika-saroyi-106",
    "coord_approx": false
   }
  },
  {
   "type": "Feature",
   "geometry": {
    "type": "Point",
    "coordinates": [
     69.311142,
     41.331819
    ]
   },
   "properties": {
    "yu_id": 204,
    "slug": "new-mahall-204",
    "name": "New Mahall",
    "developer": "New Mahal",
    "developer_id": 140,
    "district": "Мирзо-Улугбекский район",
    "address": "г. Ташкент, Мирзо-Улугбекский район, улица Катта Дархон 17",
    "completion": "2026",
    "completion_date": "2026-02-01",
    "year": 2026,
    "status": "done",
    "recent": true,
    "apartments": 49,
    "floors": 8,
    "apartments_for_sale": null,
    "price_m2": 17000000,
    "price_min_m2": null,
    "room_mix": {},
    "is_commercial": false,
    "verified": false,
    "nearby": [
     {
      "category": "Маркет",
      "category_id": 6,
      "name": "Korzinka",
      "minutes": 7,
      "on_foot": true
     },
     {
      "category": "Ресторан",
      "category_id": 20,
      "name": "Bon!",
      "minutes": 7,
      "on_foot": true
     },
     {
      "category": "Парк",
      "category_id": 3,
      "name": "Локомотив парк",
      "minutes": 10,
      "on_foot": true
     },
     {
      "category": "Ресторан",
      "category_id": 20,
      "name": "The Choyxona",
      "minutes": 4,
      "on_foot": true
     },
     {
      "category": "Метро",
      "category_id": 1,
      "name": "Пушкинская",
      "minutes": 10,
      "on_foot": true
     },
     {
      "category": "Спорт",
      "category_id": 24,
      "name": "Теннисный Клуб (Юнусабад)",
      "minutes": 15,
      "on_foot": true
     }
    ],
    "declared_retail_min": 7,
    "declared_metro_min": 10,
    "area": "город",
    "source": "yangiuylar.uz",
    "url": "https://yangiuylar.uz/novostroyka/new-mahall-204",
    "coord_approx": false
   }
  },
  {
   "type": "Feature",
   "geometry": {
    "type": "Point",
    "coordinates": [
     69.30853,
     41.333185
    ]
   },
   "properties": {
    "yu_id": 2,
    "slug": "o'z-mahal-2",
    "name": "O'z Mahal",
    "developer": "Golden House",
    "developer_id": 3,
    "district": "Мирзо-Улугбекский район",
    "address": "Мирзо-Улугбекский р-йн, 3-й проезд ул. Дархонтепа",
    "completion": "2026",
    "completion_date": "2026-07-01",
    "year": 2026,
    "status": "done",
    "recent": true,
    "apartments": 542,
    "floors": 12,
    "apartments_for_sale": null,
    "price_m2": 15800000,
    "price_min_m2": null,
    "room_mix": {
     "1": 2,
     "2": 4,
     "3": 3,
     "4+": 2
    },
    "is_commercial": false,
    "verified": true,
    "nearby": [
     {
      "category": "Аквапарк",
      "category_id": 5,
      "name": "Аквапарк",
      "minutes": 12,
      "on_foot": true
     },
     {
      "category": "Парк",
      "category_id": 3,
      "name": "Эко Парк",
      "minutes": 12,
      "on_foot": true
     },
     {
      "category": "Базар",
      "category_id": 4,
      "name": "Алайский рынок",
      "minutes": 12,
      "on_foot": true
     },
     {
      "category": "Метро",
      "category_id": 1,
      "name": "Пушкинская",
      "minutes": 4,
      "on_foot": true
     }
    ],
    "declared_retail_min": 12,
    "declared_metro_min": 4,
    "area": "город",
    "source": "yangiuylar.uz",
    "url": "https://yangiuylar.uz/novostroyka/o'z-mahal-2",
    "coord_approx": false
   }
  },
  {
   "type": "Feature",
   "geometry": {
    "type": "Point",
    "coordinates": [
     69.337579,
     41.308604
    ]
   },
   "properties": {
    "yu_id": 198,
    "slug": "oltintepa-198",
    "name": "Oltintepa",
    "developer": "World Class House",
    "developer_id": 136,
    "district": "Мирзо-Улугбекский район",
    "address": "г. Ташкент, Мирзо-Улугбекский район, улица Паркент 283",
    "completion": "2027",
    "completion_date": "2027-11-30",
    "year": 2027,
    "status": "building",
    "recent": true,
    "apartments": 500,
    "floors": 13,
    "apartments_for_sale": 220,
    "price_m2": 12000000,
    "price_min_m2": 12000000,
    "room_mix": {
     "1": 5,
     "2": 3,
     "3": 1
    },
    "is_commercial": false,
    "verified": true,
    "nearby": [
     {
      "category": "Парк",
      "category_id": 3,
      "name": "Гольф Клуб",
      "minutes": 18,
      "on_foot": true
     },
     {
      "category": "Выставочный центр",
      "category_id": 16,
      "name": "CAEX выставочный центр",
      "minutes": 20,
      "on_foot": true
     },
     {
      "category": "Ресторан",
      "category_id": 20,
      "name": "Retro Milliy",
      "minutes": 12,
      "on_foot": true
     },
     {
      "category": "Метро",
      "category_id": 1,
      "name": "Яшнабад",
      "minutes": 6,
      "on_foot": true
     },
     {
      "category": "Маркет",
      "category_id": 6,
      "name": "Korzinka",
      "minutes": 5,
      "on_foot": true
     },
     {
      "category": "Выпечка",
      "category_id": 22,
      "name": "Safia",
      "minutes": 7,
      "on_foot": true
     }
    ],
    "declared_retail_min": 5,
    "declared_metro_min": 6,
    "area": "город",
    "source": "yangiuylar.uz",
    "url": "https://yangiuylar.uz/novostroyka/oltintepa-198",
    "coord_approx": false
   }
  },
  {
   "type": "Feature",
   "geometry": {
    "type": "Point",
    "coordinates": [
     69.315337,
     41.321398
    ]
   },
   "properties": {
    "yu_id": 248,
    "slug": "pushkin-248",
    "name": "Pushkin",
    "developer": "Tower Up ",
    "developer_id": 137,
    "district": "Мирзо-Улугбекский район",
    "address": "г. Ташкент, Мирзо-Улугбекский район, МФЙ Олмачи, махалля Олмачи, 21",
    "completion": "2027",
    "completion_date": "2027-12-01",
    "year": 2027,
    "status": "building",
    "recent": true,
    "apartments": 224,
    "floors": 16,
    "apartments_for_sale": 205,
    "price_m2": 20520000,
    "price_min_m2": null,
    "room_mix": {
     "2": 2,
     "3": 6,
     "4+": 2
    },
    "is_commercial": false,
    "verified": false,
    "nearby": [
     {
      "category": "Университет",
      "category_id": 14,
      "name": "МГИМО - Ташкент",
      "minutes": 4,
      "on_foot": true
     },
     {
      "category": "Фитнес",
      "category_id": 13,
      "name": "Chekhov Sport Clubs",
      "minutes": 7,
      "on_foot": true
     },
     {
      "category": "Парк",
      "category_id": 3,
      "name": "Ашхабад парк",
      "minutes": 8,
      "on_foot": true
     },
     {
      "category": "Базар",
      "category_id": 4,
      "name": "Паркентский Рынок",
      "minutes": 5,
      "on_foot": true
     },
     {
      "category": "Банк",
      "category_id": 23,
      "name": "Kapital Bank",
      "minutes": 3,
      "on_foot": true
     },
     {
      "category": "Метро",
      "category_id": 1,
      "name": "Пушкинская",
      "minutes": 5,
      "on_foot": true
     }
    ],
    "declared_retail_min": 5,
    "declared_metro_min": 5,
    "area": "город",
    "source": "yangiuylar.uz",
    "url": "https://yangiuylar.uz/novostroyka/pushkin-248",
    "coord_approx": false
   }
  },
  {
   "type": "Feature",
   "geometry": {
    "type": "Point",
    "coordinates": [
     69.323757,
     41.331662
    ]
   },
   "properties": {
    "yu_id": 5,
    "slug": "regnum-plaza-5",
    "name": "Regnum Plaza",
    "developer": "Murad Buildings",
    "developer_id": 4,
    "district": "Мирзо-Улугбекский район",
    "address": "Мирзо-Улугбекский, Сайрам улица, Сайрам махалля",
    "completion": "2025",
    "completion_date": "2025-12-02",
    "year": 2025,
    "status": "done",
    "recent": true,
    "apartments": 100,
    "floors": 15,
    "apartments_for_sale": null,
    "price_m2": null,
    "price_min_m2": null,
    "room_mix": {
     "1": 2,
     "2": 5,
     "3": 6,
     "4+": 2
    },
    "is_commercial": false,
    "verified": true,
    "nearby": [
     {
      "category": "Фитнес",
      "category_id": 13,
      "name": "Buka Fit",
      "minutes": 15,
      "on_foot": true
     },
     {
      "category": "Базар",
      "category_id": 4,
      "name": "Алайский рынок",
      "minutes": 11,
      "on_foot": true
     },
     {
      "category": "Парк",
      "category_id": 3,
      "name": "Ботанический сад",
      "minutes": 7,
      "on_foot": true
     },
     {
      "category": "Мечеть",
      "category_id": 9,
      "name": "Мечеть Тепамасжид",
      "minutes": 7,
      "on_foot": true
     },
     {
      "category": "Маркет",
      "category_id": 6,
      "name": "Korzinka",
      "minutes": 9,
      "on_foot": true
     },
     {
      "category": "Зоопарк",
      "category_id": 8,
      "name": "Ташкентский зоопарк",
      "minutes": 10,
      "on_foot": true
     },
     {
      "category": "Метро",
      "category_id": 1,
      "name": "Буюк Ипак Йули",
      "minutes": 10,
      "on_foot": true
     }
    ],
    "declared_retail_min": 9,
    "declared_metro_min": 10,
    "area": "город",
    "source": "yangiuylar.uz",
    "url": "https://yangiuylar.uz/novostroyka/regnum-plaza-5",
    "coord_approx": false
   }
  },
  {
   "type": "Feature",
   "geometry": {
    "type": "Point",
    "coordinates": [
     69.307171,
     41.332023
    ]
   },
   "properties": {
    "yu_id": 171,
    "slug": "saadiyat-171",
    "name": "Saadiyat",
    "developer": "Murad Buildings",
    "developer_id": 4,
    "district": "Мирзо-Улугбекский район",
    "address": "г. Ташкент, Мирзо-Улугбекский р-н, пересечение улиц Катта Дархан и Аккурганская",
    "completion": "2028",
    "completion_date": "2028-05-17",
    "year": 2028,
    "status": "building",
    "recent": true,
    "apartments": 710,
    "floors": 15,
    "apartments_for_sale": null,
    "price_m2": null,
    "price_min_m2": null,
    "room_mix": {
     "1": 1,
     "2": 1,
     "3": 2,
     "4+": 2
    },
    "is_commercial": false,
    "verified": true,
    "nearby": [
     {
      "category": "Парк",
      "category_id": 3,
      "name": "Ботанический сад",
      "minutes": 6,
      "on_foot": true
     },
     {
      "category": "Маркет",
      "category_id": 6,
      "name": "Korzinka",
      "minutes": 3,
      "on_foot": true
     },
     {
      "category": "Аквапарк",
      "category_id": 5,
      "name": "Аквапарк",
      "minutes": 10,
      "on_foot": true
     },
     {
      "category": "Мечеть",
      "category_id": 9,
      "name": "Мечеть Минор",
      "minutes": 10,
      "on_foot": true
     },
     {
      "category": "Метро",
      "category_id": 1,
      "name": "Пушкинская",
      "minutes": 5,
      "on_foot": true
     }
    ],
    "declared_retail_min": 3,
    "declared_metro_min": 5,
    "area": "город",
    "source": "yangiuylar.uz",
    "url": "https://yangiuylar.uz/novostroyka/saadiyat-171",
    "coord_approx": false
   }
  },
  {
   "type": "Feature",
   "geometry": {
    "type": "Point",
    "coordinates": [
     69.315765,
     41.328311
    ]
   },
   "properties": {
    "yu_id": 165,
    "slug": "sayram-plaza-165",
    "name": "Sayram Plaza",
    "developer": "Ist-Batterflay",
    "developer_id": 112,
    "district": "Мирзо-Улугбекский район",
    "address": "Мирзо-Улугбекский район ул Сайрам,17",
    "completion": "2027",
    "completion_date": "2027-12-01",
    "year": 2027,
    "status": "building",
    "recent": true,
    "apartments": 330,
    "floors": 12,
    "apartments_for_sale": null,
    "price_m2": 13000000,
    "price_min_m2": 12000000,
    "room_mix": {
     "1": 6,
     "2": 5,
     "3": 1
    },
    "is_commercial": false,
    "verified": false,
    "nearby": [
     {
      "category": "Парк",
      "category_id": 3,
      "name": "Эко Парк",
      "minutes": 15,
      "on_foot": true
     },
     {
      "category": "Базар",
      "category_id": 4,
      "name": "Паркентский Рынок",
      "minutes": 10,
      "on_foot": true
     },
     {
      "category": "Университет",
      "category_id": 14,
      "name": "Университет Мировой Экономики и Дипломатии",
      "minutes": 3,
      "on_foot": true
     }
    ],
    "declared_retail_min": 10,
    "declared_metro_min": null,
    "area": "город",
    "source": "yangiuylar.uz",
    "url": "https://yangiuylar.uz/novostroyka/sayram-plaza-165",
    "coord_approx": false
   }
  },
  {
   "type": "Feature",
   "geometry": {
    "type": "Point",
    "coordinates": [
     69.322156,
     41.334622
    ]
   },
   "properties": {
    "yu_id": 98,
    "slug": "vatan-residence-98",
    "name": "Vatan Residence",
    "developer": "Xon Saroy",
    "developer_id": 24,
    "district": "Мирзо-Улугбекский район",
    "address": "г. Ташкент, Мирзо Улугбекский район, Равнак 1",
    "completion": "2027",
    "completion_date": "2027-01-13",
    "year": 2027,
    "status": "building",
    "recent": true,
    "apartments": 1600,
    "floors": 16,
    "apartments_for_sale": null,
    "price_m2": 17760000,
    "price_min_m2": null,
    "room_mix": {
     "1": 5,
     "2": 6,
     "3": 1
    },
    "is_commercial": false,
    "verified": false,
    "nearby": [
     {
      "category": "Аквапарк",
      "category_id": 5,
      "name": "Акваленд Ташкент",
      "minutes": 11,
      "on_foot": true
     },
     {
      "category": "Парк",
      "category_id": 3,
      "name": "Ботанический сад",
      "minutes": 7,
      "on_foot": true
     },
     {
      "category": "Зоопарк",
      "category_id": 8,
      "name": "Ташкентский зоопарк",
      "minutes": 6,
      "on_foot": true
     },
     {
      "category": "Маркет",
      "category_id": 6,
      "name": "Havas",
      "minutes": 4,
      "on_foot": true
     },
     {
      "category": "Маркет",
      "category_id": 6,
      "name": "Korzinka",
      "minutes": 3,
      "on_foot": true
     },
     {
      "category": "Метро",
      "category_id": 1,
      "name": "Буюк Ипак Йули",
      "minutes": 5,
      "on_foot": true
     }
    ],
    "declared_retail_min": 3,
    "declared_metro_min": 5,
    "area": "город",
    "source": "yangiuylar.uz",
    "url": "https://yangiuylar.uz/novostroyka/vatan-residence-98",
    "coord_approx": false
   }
  },
  {
   "type": "Feature",
   "geometry": {
    "type": "Point",
    "coordinates": [
     69.394803,
     41.34298
    ]
   },
   "properties": {
    "yu_id": 134,
    "slug": "yugnakiy-134",
    "name": "YUGNAKIY",
    "developer": "BB STROY",
    "developer_id": 86,
    "district": "Мирзо-Улугбекский район",
    "address": "Мирзо Улугбекский район, ул. Ахмад Югнакий 11",
    "completion": "2025",
    "completion_date": "2025-10-24",
    "year": 2025,
    "status": "done",
    "recent": true,
    "apartments": 391,
    "floors": 9,
    "apartments_for_sale": null,
    "price_m2": 12000000,
    "price_min_m2": null,
    "room_mix": {},
    "is_commercial": false,
    "verified": false,
    "nearby": [
     {
      "category": "Парк",
      "category_id": 3,
      "name": "Парк новый Узбекистан",
      "minutes": 10,
      "on_foot": true
     },
     {
      "category": "Парк",
      "category_id": 3,
      "name": "Локомотив парк",
      "minutes": 10,
      "on_foot": true
     },
     {
      "category": "Маркет",
      "category_id": 6,
      "name": "Korzinka",
      "minutes": 15,
      "on_foot": true
     },
     {
      "category": "Метро",
      "category_id": 1,
      "name": "Буюк Ипак Йули",
      "minutes": 15,
      "on_foot": true
     }
    ],
    "declared_retail_min": 15,
    "declared_metro_min": 15,
    "area": "город",
    "source": "yangiuylar.uz",
    "url": "https://yangiuylar.uz/novostroyka/yugnakiy-134",
    "coord_approx": false
   }
  },
  {
   "type": "Feature",
   "geometry": {
    "type": "Point",
    "coordinates": [
     69.404701,
     41.322908
    ]
   },
   "properties": {
    "yu_id": 188,
    "slug": "china-house-188",
    "name": "Yangi O'zbekiston",
    "developer": "China House",
    "developer_id": 128,
    "district": "Мирзо-Улугбекский район",
    "address": "г. Ташкент, Мирзо-Улугбекский район, улица Янги Узбекистан, Алишеробод МФЙ",
    "completion": "2026",
    "completion_date": "2026-08-09",
    "year": 2026,
    "status": "done",
    "recent": true,
    "apartments": 192,
    "floors": 5,
    "apartments_for_sale": null,
    "price_m2": 15500000,
    "price_min_m2": 17350000,
    "room_mix": {
     "1": 3,
     "2": 4
    },
    "is_commercial": false,
    "verified": true,
    "nearby": [
     {
      "category": "Парк",
      "category_id": 3,
      "name": "Парк новый Узбекистан",
      "minutes": 9,
      "on_foot": true
     },
     {
      "category": "Выставочный центр",
      "category_id": 16,
      "name": "CAEX выставочный центр",
      "minutes": 10,
      "on_foot": true
     },
     {
      "category": "Город",
      "category_id": 15,
      "name": "Олимпийский городок",
      "minutes": 6,
      "on_foot": true
     },
     {
      "category": "Университет",
      "category_id": 14,
      "name": "AKFA Университет",
      "minutes": 14,
      "on_foot": true
     }
    ],
    "declared_retail_min": null,
    "declared_metro_min": null,
    "area": "город",
    "source": "yangiuylar.uz",
    "url": "https://yangiuylar.uz/novostroyka/china-house-188",
    "coord_approx": false
   }
  },
  {
   "type": "Feature",
   "geometry": {
    "type": "Point",
    "coordinates": [
     69.261213,
     41.265124
    ]
   },
   "properties": {
    "yu_id": 121,
    "slug": "aero-town-121",
    "name": "Aero Town",
    "developer": "Kala group",
    "developer_id": 76,
    "district": "Сергелийский район",
    "address": "г.Ташкент, Сергелийский район, Олтин водий махалла. Қумариқ куча 1",
    "completion": "2026",
    "completion_date": "2026-06-30",
    "year": 2026,
    "status": "done",
    "recent": true,
    "apartments": 308,
    "floors": 10,
    "apartments_for_sale": null,
    "price_m2": 12200000,
    "price_min_m2": 12200000,
    "room_mix": {
     "2": 4,
     "3": 4
    },
    "is_commercial": false,
    "verified": false,
    "nearby": [
     {
      "category": "Парк",
      "category_id": 3,
      "name": "Парк Фуркат",
      "minutes": 5,
      "on_foot": true
     },
     {
      "category": "Парк",
      "category_id": 3,
      "name": "Дустлик парк",
      "minutes": 15,
      "on_foot": true
     },
     {
      "category": "Маркет",
      "category_id": 6,
      "name": "Korzinka",
      "minutes": 5,
      "on_foot": true
     },
     {
      "category": "Международный Аэропорт",
      "category_id": 10,
      "name": "Международный Аэропорт",
      "minutes": 2,
      "on_foot": true
     },
     {
      "category": "Метро",
      "category_id": 1,
      "name": "Ташкент",
      "minutes": 12,
      "on_foot": true
     }
    ],
    "declared_retail_min": 5,
    "declared_metro_min": 12,
    "area": "город",
    "source": "yangiuylar.uz",
    "url": "https://yangiuylar.uz/novostroyka/aero-town-121",
    "coord_approx": false
   }
  },
  {
   "type": "Feature",
   "geometry": {
    "type": "Point",
    "coordinates": [
     69.256054,
     41.249891
    ]
   },
   "properties": {
    "yu_id": 184,
    "slug": "dreamland-aeroport-184",
    "name": "Dreamland Aeroport",
    "developer": "Dreamland Development",
    "developer_id": 38,
    "district": "Сергелийский район",
    "address": "г. Ташкент, Сергелийский район, улица Кумарик 29",
    "completion": "2026",
    "completion_date": "2026-12-01",
    "year": 2026,
    "status": "building",
    "recent": true,
    "apartments": 164,
    "floors": 9,
    "apartments_for_sale": null,
    "price_m2": 13200000,
    "price_min_m2": null,
    "room_mix": {
     "1": 5,
     "2": 9,
     "3": 2
    },
    "is_commercial": false,
    "verified": true,
    "nearby": [
     {
      "category": "Фитнес",
      "category_id": 13,
      "name": "Simma FIT",
      "minutes": 17,
      "on_foot": true
     },
     {
      "category": "Маркет",
      "category_id": 6,
      "name": "Havas",
      "minutes": 7,
      "on_foot": true
     },
     {
      "category": "Метро",
      "category_id": 1,
      "name": "Узгариш",
      "minutes": 10,
      "on_foot": true
     },
     {
      "category": "Парк",
      "category_id": 3,
      "name": "Flowers Garden парк",
      "minutes": 13,
      "on_foot": true
     }
    ],
    "declared_retail_min": 7,
    "declared_metro_min": 10,
    "area": "город",
    "source": "yangiuylar.uz",
    "url": "https://yangiuylar.uz/novostroyka/dreamland-aeroport-184",
    "coord_approx": false
   }
  },
  {
   "type": "Feature",
   "geometry": {
    "type": "Point",
    "coordinates": [
     69.30071,
     41.252729
    ]
   },
   "properties": {
    "yu_id": 328,
    "slug": "favorit-residence-328",
    "name": "Favorit Residence",
    "developer": "Favorit Residence",
    "developer_id": 204,
    "district": "Сергелийский район",
    "address": "г. Ташкент, Сергелийский район, улица Янги Куйлюк, массив Куйлюк-5",
    "completion": "2027",
    "completion_date": "2027-11-25",
    "year": 2027,
    "status": "building",
    "recent": true,
    "apartments": 0,
    "floors": 0,
    "apartments_for_sale": null,
    "price_m2": 11500000,
    "price_min_m2": 550000000,
    "room_mix": {
     "1": 3,
     "2": 3
    },
    "is_commercial": false,
    "verified": false,
    "nearby": [
     {
      "category": "Международный Аэропорт",
      "category_id": 10,
      "name": "Международный Аэропорт",
      "minutes": 15,
      "on_foot": true
     },
     {
      "category": "Рынок",
      "category_id": 12,
      "name": "Базар Куйлюк",
      "minutes": 7,
      "on_foot": true
     }
    ],
    "declared_retail_min": 7,
    "declared_metro_min": null,
    "area": "город",
    "source": "yangiuylar.uz",
    "url": "https://yangiuylar.uz/novostroyka/favorit-residence-328",
    "coord_approx": false
   }
  },
  {
   "type": "Feature",
   "geometry": {
    "type": "Point",
    "coordinates": [
     69.213515,
     41.236651
    ]
   },
   "properties": {
    "yu_id": 91,
    "slug": "modern-sergeli-91",
    "name": "Modern Sergeli",
    "developer": "Modern Sergeli",
    "developer_id": 52,
    "district": "Сергелийский район",
    "address": "г. Ташкент, Сергелийский р-н, ул. Янги Сергели, 23.",
    "completion": "2028",
    "completion_date": "2028-01-01",
    "year": 2028,
    "status": "building",
    "recent": true,
    "apartments": 700,
    "floors": 14,
    "apartments_for_sale": 270,
    "price_m2": 12120000,
    "price_min_m2": null,
    "room_mix": {
     "1": 2,
     "2": 2,
     "3": 2
    },
    "is_commercial": false,
    "verified": true,
    "nearby": [
     {
      "category": "Аквапарк",
      "category_id": 5,
      "name": "Аквапарк Atlantis",
      "minutes": 7,
      "on_foot": true
     },
     {
      "category": "Фитнес",
      "category_id": 13,
      "name": "Simma FIT",
      "minutes": 10,
      "on_foot": true
     },
     {
      "category": "Парк",
      "category_id": 3,
      "name": "Парк Гафура Гуляма",
      "minutes": 12,
      "on_foot": true
     },
     {
      "category": "Маркет",
      "category_id": 6,
      "name": "Korzinka",
      "minutes": 5,
      "on_foot": true
     },
     {
      "category": "Базар",
      "category_id": 4,
      "name": "Сергелийский фермерский рынок",
      "minutes": 5,
      "on_foot": true
     },
     {
      "category": "Метро",
      "category_id": 1,
      "name": "Узгариш",
      "minutes": 5,
      "on_foot": true
     }
    ],
    "declared_retail_min": 5,
    "declared_metro_min": 5,
    "area": "город",
    "source": "yangiuylar.uz",
    "url": "https://yangiuylar.uz/novostroyka/modern-sergeli-91",
    "coord_approx": false
   }
  },
  {
   "type": "Feature",
   "geometry": {
    "type": "Point",
    "coordinates": [
     69.202123,
     41.230554
    ]
   },
   "properties": {
    "yu_id": 211,
    "slug": "navro'z-residence-211",
    "name": "Navro'z Residence",
    "developer": "China House",
    "developer_id": 128,
    "district": "Сергелийский район",
    "address": "г. Ташкент, Сергелийсий район, улица Юкори Дархон, 186A",
    "completion": "2026",
    "completion_date": "2026-08-09",
    "year": 2026,
    "status": "done",
    "recent": true,
    "apartments": 314,
    "floors": 15,
    "apartments_for_sale": null,
    "price_m2": 12000000,
    "price_min_m2": null,
    "room_mix": {
     "1": 2,
     "2": 7,
     "3": 4
    },
    "is_commercial": false,
    "verified": true,
    "nearby": [
     {
      "category": "Парк",
      "category_id": 3,
      "name": "Flowers Garden парк",
      "minutes": 6,
      "on_foot": true
     },
     {
      "category": "Фитнес",
      "category_id": 13,
      "name": "Simma FIT",
      "minutes": 11,
      "on_foot": true
     },
     {
      "category": "Выпечка",
      "category_id": 22,
      "name": "Safia",
      "minutes": 7,
      "on_foot": true
     },
     {
      "category": "Аквапарк",
      "category_id": 5,
      "name": "Аквапарк Atlantis",
      "minutes": 10,
      "on_foot": true
     },
     {
      "category": "Маркет",
      "category_id": 6,
      "name": "Korzinka",
      "minutes": 5,
      "on_foot": true
     },
     {
      "category": "Метро",
      "category_id": 1,
      "name": "Узгариш",
      "minutes": 5,
      "on_foot": true
     }
    ],
    "declared_retail_min": 5,
    "declared_metro_min": 5,
    "area": "город",
    "source": "yangiuylar.uz",
    "url": "https://yangiuylar.uz/novostroyka/navro'z-residence-211",
    "coord_approx": false
   }
  },
  {
   "type": "Feature",
   "geometry": {
    "type": "Point",
    "coordinates": [
     69.213385,
     41.228291
    ]
   },
   "properties": {
    "yu_id": 247,
    "slug": "sergeli-bunyodobod-247",
    "name": "Sergeli Bunyodobod",
    "developer": "Baxt Development",
    "developer_id": 165,
    "district": "Сергелийский район",
    "address": "г. Ташкент, Сергелийский район, улица Бунёдобод, 34",
    "completion": "2026",
    "completion_date": "2026-09-01",
    "year": 2026,
    "status": "done",
    "recent": true,
    "apartments": 220,
    "floors": 12,
    "apartments_for_sale": null,
    "price_m2": 10700000,
    "price_min_m2": null,
    "room_mix": {
     "2": 14,
     "3": 5
    },
    "is_commercial": false,
    "verified": true,
    "nearby": [
     {
      "category": "Фитнес",
      "category_id": 13,
      "name": "Simma FIT",
      "minutes": 7,
      "on_foot": true
     },
     {
      "category": "Парк",
      "category_id": 3,
      "name": "Сергелийский центральный парк",
      "minutes": 8,
      "on_foot": true
     },
     {
      "category": "Базар",
      "category_id": 4,
      "name": "Сергелийский фермерский рынок",
      "minutes": 4,
      "on_foot": true
     },
     {
      "category": "Маркет",
      "category_id": 6,
      "name": "Uzum Маркет",
      "minutes": 7,
      "on_foot": true
     },
     {
      "category": "Спорт",
      "category_id": 24,
      "name": "Футбольное поле",
      "minutes": 5,
      "on_foot": true
     },
     {
      "category": "Метро",
      "category_id": 1,
      "name": "Узгариш",
      "minutes": 5,
      "on_foot": true
     },
     {
      "category": "Спорт",
      "category_id": 24,
      "name": "Плавательный Бассейн",
      "minutes": 1,
      "on_foot": true
     }
    ],
    "declared_retail_min": 4,
    "declared_metro_min": 5,
    "area": "город",
    "source": "yangiuylar.uz",
    "url": "https://yangiuylar.uz/novostroyka/sergeli-bunyodobod-247",
    "coord_approx": false
   }
  },
  {
   "type": "Feature",
   "geometry": {
    "type": "Point",
    "coordinates": [
     69.218651,
     41.229428
    ]
   },
   "properties": {
    "yu_id": 168,
    "slug": "sergeli-residence-168",
    "name": "Sergeli Residence",
    "developer": "Element Construction",
    "developer_id": 115,
    "district": "Сергелийский район",
    "address": "г. Ташкент, Сергелийский р-н, ул. Янги Сергели, 6А",
    "completion": "2025",
    "completion_date": "2025-12-01",
    "year": 2025,
    "status": "done",
    "recent": true,
    "apartments": 344,
    "floors": 11,
    "apartments_for_sale": null,
    "price_m2": 11700000,
    "price_min_m2": null,
    "room_mix": {},
    "is_commercial": false,
    "verified": false,
    "nearby": [
     {
      "category": "Базар",
      "category_id": 4,
      "name": "Сергелийский фермерский рынок",
      "minutes": 5,
      "on_foot": true
     },
     {
      "category": "Фитнес",
      "category_id": 13,
      "name": "Simma FIT",
      "minutes": 10,
      "on_foot": true
     },
     {
      "category": "Метро",
      "category_id": 1,
      "name": "Тузель (3-я станция)",
      "minutes": 7,
      "on_foot": true
     },
     {
      "category": "Fast Food",
      "category_id": 25,
      "name": "Oqtepa lavash",
      "minutes": 6,
      "on_foot": true
     },
     {
      "category": "Маркет",
      "category_id": 6,
      "name": "Korzinka",
      "minutes": 7,
      "on_foot": true
     }
    ],
    "declared_retail_min": 5,
    "declared_metro_min": 7,
    "area": "город",
    "source": "yangiuylar.uz",
    "url": "https://yangiuylar.uz/novostroyka/sergeli-residence-168",
    "coord_approx": false
   }
  },
  {
   "type": "Feature",
   "geometry": {
    "type": "Point",
    "coordinates": [
     69.220573,
     41.24324
    ]
   },
   "properties": {
    "yu_id": 122,
    "slug": "twins-122",
    "name": "Twins",
    "developer": "New Build Development",
    "developer_id": 77,
    "district": "Сергелийский район",
    "address": "г.Ташкент, Сергелийский район, Кут-Барака М.Ф.Й., ТКАД кучаси, 1-уй",
    "completion": "2026",
    "completion_date": "2026-09-01",
    "year": 2026,
    "status": "done",
    "recent": true,
    "apartments": 180,
    "floors": 10,
    "apartments_for_sale": 30,
    "price_m2": 12200000,
    "price_min_m2": 12200000,
    "room_mix": {
     "2": 3,
     "3": 1
    },
    "is_commercial": false,
    "verified": false,
    "nearby": [
     {
      "category": "Международный Аэропорт",
      "category_id": 10,
      "name": "Международный Аэропорт",
      "minutes": 15,
      "on_foot": true
     },
     {
      "category": "Базар",
      "category_id": 4,
      "name": "Сергелийский фермерский рынок",
      "minutes": 5,
      "on_foot": true
     },
     {
      "category": "Маркет",
      "category_id": 6,
      "name": "Korzinka",
      "minutes": 5,
      "on_foot": true
     },
     {
      "category": "Метро",
      "category_id": 1,
      "name": "Чоштепа",
      "minutes": 10,
      "on_foot": true
     }
    ],
    "declared_retail_min": 5,
    "declared_metro_min": 10,
    "area": "город",
    "source": "yangiuylar.uz",
    "url": "https://yangiuylar.uz/novostroyka/twins-122",
    "coord_approx": false
   }
  },
  {
   "type": "Feature",
   "geometry": {
    "type": "Point",
    "coordinates": [
     69.255473,
     41.240881
    ]
   },
   "properties": {
    "yu_id": 199,
    "slug": "yangi-o'zbekiston-massivi-199",
    "name": "Yangi O’zbekiston Massivi",
    "developer": "Tower Up ",
    "developer_id": 137,
    "district": "Сергелийский район",
    "address": "г. Ташкент, Сергелийский район, Кухна Кумарык МФЙ, улица КХАЙ",
    "completion": "2026",
    "completion_date": "2026-08-31",
    "year": 2026,
    "status": "done",
    "recent": true,
    "apartments": 3974,
    "floors": 16,
    "apartments_for_sale": 2470,
    "price_m2": 14000000,
    "price_min_m2": null,
    "room_mix": {
     "1": 2,
     "2": 3,
     "3": 4
    },
    "is_commercial": false,
    "verified": true,
    "nearby": [
     {
      "category": "Фитнес",
      "category_id": 13,
      "name": "Simma FIT",
      "minutes": 13,
      "on_foot": true
     },
     {
      "category": "Маркет",
      "category_id": 6,
      "name": "Korzinka",
      "minutes": 11,
      "on_foot": true
     },
     {
      "category": "Аквапарк",
      "category_id": 5,
      "name": "Аквапарк Atlantis",
      "minutes": 14,
      "on_foot": true
     },
     {
      "category": "Метро",
      "category_id": 1,
      "name": "Таларык",
      "minutes": 5,
      "on_foot": true
     },
     {
      "category": "Международный Аэропорт",
      "category_id": 10,
      "name": "Международный Аэропорт",
      "minutes": 10,
      "on_foot": true
     }
    ],
    "declared_retail_min": 11,
    "declared_metro_min": 5,
    "area": "город",
    "source": "yangiuylar.uz",
    "url": "https://yangiuylar.uz/novostroyka/yangi-o'zbekiston-massivi-199",
    "coord_approx": false
   }
  },
  {
   "type": "Feature",
   "geometry": {
    "type": "Point",
    "coordinates": [
     69.195451,
     41.23847
    ]
   },
   "properties": {
    "yu_id": 67,
    "slug": "yangi-qo'shnilar-67",
    "name": "Yangi qo’shnilar",
    "developer": "BM Group",
    "developer_id": 37,
    "district": "Сергелийский район",
    "address": "г. Ташкент, Сергелийского район, Янги Шоштепа Юнарик,",
    "completion": "2023",
    "completion_date": "2023-12-27",
    "year": 2023,
    "status": "done",
    "recent": true,
    "apartments": 1000,
    "floors": 16,
    "apartments_for_sale": null,
    "price_m2": null,
    "price_min_m2": null,
    "room_mix": {},
    "is_commercial": false,
    "verified": false,
    "nearby": [
     {
      "category": "Маркет",
      "category_id": 6,
      "name": "Korzinka",
      "minutes": 7,
      "on_foot": true
     },
     {
      "category": "Аквапарк",
      "category_id": 5,
      "name": "Аквапарк Atlantis",
      "minutes": 12,
      "on_foot": true
     },
     {
      "category": "Базар",
      "category_id": 4,
      "name": "Абу Сахий",
      "minutes": 13,
      "on_foot": true
     },
     {
      "category": "Метро",
      "category_id": 1,
      "name": "Чоштепа",
      "minutes": 5,
      "on_foot": true
     }
    ],
    "declared_retail_min": 7,
    "declared_metro_min": 5,
    "area": "город",
    "source": "yangiuylar.uz",
    "url": "https://yangiuylar.uz/novostroyka/yangi-qo'shnilar-67",
    "coord_approx": false
   }
  },
  {
   "type": "Feature",
   "geometry": {
    "type": "Point",
    "coordinates": [
     69.179418,
     41.272244
    ]
   },
   "properties": {
    "yu_id": 258,
    "slug": "aman-residence-258",
    "name": "Aman Residence",
    "developer": "Aman Residence",
    "developer_id": 168,
    "district": "Учтепинский район",
    "address": "г. Ташкент, Учтепинский район, улица Заргарлик, 69",
    "completion": "2027",
    "completion_date": "2027-05-09",
    "year": 2027,
    "status": "building",
    "recent": true,
    "apartments": 1441,
    "floors": 12,
    "apartments_for_sale": null,
    "price_m2": 10900000,
    "price_min_m2": null,
    "room_mix": {
     "1": 1,
     "2": 9,
     "3": 3
    },
    "is_commercial": false,
    "verified": true,
    "nearby": [
     {
      "category": "Фитнес",
      "category_id": 13,
      "name": "Magic Galaxy",
      "minutes": 4,
      "on_foot": true
     },
     {
      "category": "Торговый центр",
      "category_id": 2,
      "name": "Депо Молл",
      "minutes": 3,
      "on_foot": true
     },
     {
      "category": "Маркет",
      "category_id": 6,
      "name": "Korzinka",
      "minutes": 3,
      "on_foot": true
     },
     {
      "category": "Базар",
      "category_id": 4,
      "name": "Абу Сахий",
      "minutes": 10,
      "on_foot": true
     },
     {
      "category": "Метро",
      "category_id": 1,
      "name": "Алмазар",
      "minutes": 7,
      "on_foot": true
     },
     {
      "category": "Метро",
      "category_id": 1,
      "name": "Чиланзар",
      "minutes": 7,
      "on_foot": true
     }
    ],
    "declared_retail_min": 3,
    "declared_metro_min": 7,
    "area": "город",
    "source": "yangiuylar.uz",
    "url": "https://yangiuylar.uz/novostroyka/aman-residence-258",
    "coord_approx": false
   }
  },
  {
   "type": "Feature",
   "geometry": {
    "type": "Point",
    "coordinates": [
     69.171013,
     41.273081
    ]
   },
   "properties": {
    "yu_id": 73,
    "slug": "depo-residence-73",
    "name": "Depo Residence",
    "developer": "Depo Residence",
    "developer_id": 42,
    "district": "Учтепинский район",
    "address": "г. Ташкент, Учтепинский р-н, улица Лутфий 57 а",
    "completion": "2026",
    "completion_date": "2026-07-01",
    "year": 2026,
    "status": "done",
    "recent": true,
    "apartments": 991,
    "floors": 9,
    "apartments_for_sale": null,
    "price_m2": 11500000,
    "price_min_m2": null,
    "room_mix": {
     "1": 6,
     "2": 8,
     "3": 5
    },
    "is_commercial": false,
    "verified": false,
    "nearby": [
     {
      "category": "Маркет",
      "category_id": 6,
      "name": "Magnum Express",
      "minutes": 10,
      "on_foot": true
     },
     {
      "category": "Базар",
      "category_id": 4,
      "name": "Абу Сахий",
      "minutes": 10,
      "on_foot": true
     },
     {
      "category": "Фитнес",
      "category_id": 13,
      "name": "Magic Galaxy",
      "minutes": 5,
      "on_foot": true
     },
     {
      "category": "Маркет",
      "category_id": 6,
      "name": "Korzinka",
      "minutes": 2,
      "on_foot": true
     },
     {
      "category": "Метро",
      "category_id": 1,
      "name": "Чиланзар",
      "minutes": 9,
      "on_foot": true
     }
    ],
    "declared_retail_min": 2,
    "declared_metro_min": 9,
    "area": "город",
    "source": "yangiuylar.uz",
    "url": "https://yangiuylar.uz/novostroyka/depo-residence-73",
    "coord_approx": false
   }
  },
  {
   "type": "Feature",
   "geometry": {
    "type": "Point",
    "coordinates": [
     69.1671,
     41.27365
    ]
   },
   "properties": {
    "yu_id": 243,
    "slug": "lutfiy-garden-243",
    "name": "Lutfiy Garden",
    "developer": "Uchtepa Avenue ",
    "developer_id": 21,
    "district": "Учтепинский район",
    "address": "г. Ташкент, Учтепинский район, Катта Кани, рядом Depo Mall",
    "completion": "2028",
    "completion_date": "2028-11-30",
    "year": 2028,
    "status": "building",
    "recent": true,
    "apartments": 780,
    "floors": 16,
    "apartments_for_sale": null,
    "price_m2": 11500000,
    "price_min_m2": 11500000,
    "room_mix": {
     "1": 4,
     "2": 7,
     "3": 2
    },
    "is_commercial": false,
    "verified": false,
    "nearby": [
     {
      "category": "Торговый центр",
      "category_id": 2,
      "name": "Депо Молл",
      "minutes": 5,
      "on_foot": true
     },
     {
      "category": "Фитнес",
      "category_id": 13,
      "name": "Magic Galaxy",
      "minutes": 4,
      "on_foot": true
     },
     {
      "category": "Университет",
      "category_id": 14,
      "name": "Сингапурский Институт",
      "minutes": 9,
      "on_foot": true
     },
     {
      "category": "Метро",
      "category_id": 1,
      "name": "Алмазар",
      "minutes": 9,
      "on_foot": true
     },
     {
      "category": "Маркет",
      "category_id": 6,
      "name": "Havas",
      "minutes": 1,
      "on_foot": true
     },
     {
      "category": "Маркет",
      "category_id": 6,
      "name": "Korzinka",
      "minutes": 5,
      "on_foot": true
     }
    ],
    "declared_retail_min": 1,
    "declared_metro_min": 9,
    "area": "город",
    "source": "yangiuylar.uz",
    "url": "https://yangiuylar.uz/novostroyka/lutfiy-garden-243",
    "coord_approx": false
   }
  },
  {
   "type": "Feature",
   "geometry": {
    "type": "Point",
    "coordinates": [
     69.209741,
     41.248224
    ]
   },
   "properties": {
    "yu_id": 93,
    "slug": "mening-uyim-93",
    "name": "Mening Uyim",
    "developer": "Soud Grop",
    "developer_id": 54,
    "district": "Учтепинский район",
    "address": "г. Ташкент, Сергелийский район, улица Чаштепа 74 Б",
    "completion": "2026",
    "completion_date": "2026-12-01",
    "year": 2026,
    "status": "building",
    "recent": true,
    "apartments": 600,
    "floors": 9,
    "apartments_for_sale": null,
    "price_m2": 8600000,
    "price_min_m2": null,
    "room_mix": {
     "1": 19,
     "2": 7,
     "3": 3
    },
    "is_commercial": false,
    "verified": true,
    "nearby": [
     {
      "category": "Парк",
      "category_id": 3,
      "name": "Парк Гафура Гуляма",
      "minutes": 12,
      "on_foot": true
     },
     {
      "category": "Аквапарк",
      "category_id": 5,
      "name": "Аквапарк Atlantis",
      "minutes": 13,
      "on_foot": true
     },
     {
      "category": "Маркет",
      "category_id": 6,
      "name": "Korzinka",
      "minutes": 6,
      "on_foot": true
     },
     {
      "category": "Базар",
      "category_id": 4,
      "name": "Сергелийский фермерский рынок",
      "minutes": 12,
      "on_foot": true
     },
     {
      "category": "Метро",
      "category_id": 1,
      "name": "Чоштепа",
      "minutes": 4,
      "on_foot": true
     }
    ],
    "declared_retail_min": 6,
    "declared_metro_min": 4,
    "area": "город",
    "source": "yangiuylar.uz",
    "url": "https://yangiuylar.uz/novostroyka/mening-uyim-93",
    "coord_approx": false
   }
  },
  {
   "type": "Feature",
   "geometry": {
    "type": "Point",
    "coordinates": [
     69.150701,
     41.292298
    ]
   },
   "properties": {
    "yu_id": 232,
    "slug": "o'rikzor-residence-232",
    "name": "O'rikzor Residence",
    "developer": "Land House",
    "developer_id": 155,
    "district": "Учтепинский район",
    "address": "г. Ташкент, Учтепинский район, улица Саккокий, 116",
    "completion": "2026",
    "completion_date": "2026-01-01",
    "year": 2026,
    "status": "done",
    "recent": true,
    "apartments": 3304,
    "floors": 16,
    "apartments_for_sale": 13,
    "price_m2": 11500000,
    "price_min_m2": 9000000,
    "room_mix": {
     "1": 2,
     "2": 13,
     "3": 3
    },
    "is_commercial": false,
    "verified": true,
    "nearby": [
     {
      "category": "Базар",
      "category_id": 4,
      "name": "Урикзор базар",
      "minutes": 6,
      "on_foot": true
     },
     {
      "category": "Торговый центр",
      "category_id": 2,
      "name": "Депо Молл",
      "minutes": 10,
      "on_foot": true
     },
     {
      "category": "Выпечка",
      "category_id": 22,
      "name": "Safia",
      "minutes": 9,
      "on_foot": true
     },
     {
      "category": "Спорт",
      "category_id": 24,
      "name": "Футбольное поле",
      "minutes": 10,
      "on_foot": true
     },
     {
      "category": "Метро",
      "category_id": 1,
      "name": "Алмазар",
      "minutes": 15,
      "on_foot": true
     }
    ],
    "declared_retail_min": 6,
    "declared_metro_min": 15,
    "area": "город",
    "source": "yangiuylar.uz",
    "url": "https://yangiuylar.uz/novostroyka/o'rikzor-residence-232",
    "coord_approx": false
   }
  },
  {
   "type": "Feature",
   "geometry": {
    "type": "Point",
    "coordinates": [
     69.187704,
     41.31279
    ]
   },
   "properties": {
    "yu_id": 314,
    "slug": "obod-maskan-314",
    "name": "Obod Maskan",
    "developer": "Art House",
    "developer_id": 67,
    "district": "Учтепинский район",
    "address": "г. Ташкент, Учтепинский р-н, Кукча Дарвоза, 487",
    "completion": "2026",
    "completion_date": "2026-12-01",
    "year": 2026,
    "status": "building",
    "recent": true,
    "apartments": 1735,
    "floors": 16,
    "apartments_for_sale": null,
    "price_m2": 13000000,
    "price_min_m2": 13000000,
    "room_mix": {
     "2": 4,
     "3": 1
    },
    "is_commercial": false,
    "verified": true,
    "nearby": [
     {
      "category": "Маркет",
      "category_id": 6,
      "name": "Korzinka",
      "minutes": 5,
      "on_foot": true
     },
     {
      "category": "Торговый центр",
      "category_id": 2,
      "name": "Samarqand Darvoza",
      "minutes": 11,
      "on_foot": true
     },
     {
      "category": "Базар",
      "category_id": 4,
      "name": "Чорсу базар",
      "minutes": 10,
      "on_foot": true
     },
     {
      "category": "Торговый центр",
      "category_id": 2,
      "name": "Депо Молл",
      "minutes": 12,
      "on_foot": true
     },
     {
      "category": "Метро",
      "category_id": 1,
      "name": "Тинчлик",
      "minutes": 9,
      "on_foot": true
     }
    ],
    "declared_retail_min": 5,
    "declared_metro_min": 9,
    "area": "город",
    "source": "yangiuylar.uz",
    "url": "https://yangiuylar.uz/novostroyka/obod-maskan-314",
    "coord_approx": false
   }
  },
  {
   "type": "Feature",
   "geometry": {
    "type": "Point",
    "coordinates": [
     69.17615,
     41.298796
    ]
   },
   "properties": {
    "yu_id": 80,
    "slug": "soy-bo'yi-80",
    "name": "Soy Bo'yi",
    "developer": "Murad Buildings",
    "developer_id": 4,
    "district": "Учтепинский район",
    "address": "г. Ташкент, Учтепинский р-н, улица Юсуфа Саккокий",
    "completion": "2026",
    "completion_date": "2026-01-01",
    "year": 2026,
    "status": "done",
    "recent": true,
    "apartments": 1249,
    "floors": 16,
    "apartments_for_sale": null,
    "price_m2": null,
    "price_min_m2": null,
    "room_mix": {
     "1": 3,
     "2": 7,
     "3": 4,
     "4+": 2
    },
    "is_commercial": false,
    "verified": true,
    "nearby": [
     {
      "category": "Базар",
      "category_id": 4,
      "name": "Фархадский рынок",
      "minutes": 10,
      "on_foot": true
     },
     {
      "category": "Маркет",
      "category_id": 6,
      "name": "Havas",
      "minutes": 4,
      "on_foot": true
     },
     {
      "category": "Торговый центр",
      "category_id": 2,
      "name": "Uchtepa Outlet Center",
      "minutes": 3,
      "on_foot": true
     },
     {
      "category": "Парк",
      "category_id": 3,
      "name": "Парк Богишамол",
      "minutes": 5,
      "on_foot": true
     },
     {
      "category": "Маркет",
      "category_id": 6,
      "name": "Korzinka",
      "minutes": 3,
      "on_foot": true
     },
     {
      "category": "Метро",
      "category_id": 1,
      "name": "Чиланзар",
      "minutes": 15,
      "on_foot": true
     }
    ],
    "declared_retail_min": 3,
    "declared_metro_min": 15,
    "area": "город",
    "source": "yangiuylar.uz",
    "url": "https://yangiuylar.uz/novostroyka/soy-bo'yi-80",
    "coord_approx": false
   }
  },
  {
   "type": "Feature",
   "geometry": {
    "type": "Point",
    "coordinates": [
     69.185712,
     41.27594
    ]
   },
   "properties": {
    "yu_id": 48,
    "slug": "uchtepa-avenue-48",
    "name": "Uchtepa Avenue",
    "developer": "Uchtepa Avenue ",
    "developer_id": 21,
    "district": "Учтепинский район",
    "address": "Ташкент, Учтепинский район, ул Ширин 9а",
    "completion": "2027",
    "completion_date": "2027-12-01",
    "year": 2027,
    "status": "building",
    "recent": true,
    "apartments": 1500,
    "floors": 13,
    "apartments_for_sale": null,
    "price_m2": 13000000,
    "price_min_m2": 13000000,
    "room_mix": {
     "1": 1,
     "2": 15,
     "3": 2,
     "4+": 2
    },
    "is_commercial": false,
    "verified": false,
    "nearby": [
     {
      "category": "Мечеть",
      "category_id": 9,
      "name": "Мечеть Убайй ибн Каб",
      "minutes": 4,
      "on_foot": true
     },
     {
      "category": "Маркет",
      "category_id": 6,
      "name": "Korzinka",
      "minutes": 12,
      "on_foot": true
     },
     {
      "category": "Базар",
      "category_id": 4,
      "name": "Фархадский рынок",
      "minutes": 6,
      "on_foot": true
     },
     {
      "category": "Торговый центр",
      "category_id": 2,
      "name": "Депо Молл",
      "minutes": 5,
      "on_foot": true
     },
     {
      "category": "Метро",
      "category_id": 1,
      "name": "Чиланзар",
      "minutes": 7,
      "on_foot": true
     }
    ],
    "declared_retail_min": 5,
    "declared_metro_min": 7,
    "area": "город",
    "source": "yangiuylar.uz",
    "url": "https://yangiuylar.uz/novostroyka/uchtepa-avenue-48",
    "coord_approx": false
   }
  },
  {
   "type": "Feature",
   "geometry": {
    "type": "Point",
    "coordinates": [
     69.194533,
     41.254063
    ]
   },
   "properties": {
    "yu_id": 145,
    "slug": "barxan-residence-145",
    "name": "Barxan Residence",
    "developer": "Barxan Residence",
    "developer_id": 95,
    "district": "Чиланзарский район",
    "address": "Чиланзарский район, улица Гавхар, 125.",
    "completion": "2027",
    "completion_date": "2027-12-01",
    "year": 2027,
    "status": "building",
    "recent": true,
    "apartments": 1170,
    "floors": 16,
    "apartments_for_sale": 200,
    "price_m2": 11400000,
    "price_min_m2": 11400000,
    "room_mix": {
     "1": 1,
     "2": 2,
     "3": 4
    },
    "is_commercial": false,
    "verified": false,
    "nearby": [
     {
      "category": "Университет",
      "category_id": 14,
      "name": "Сингапурский Институт",
      "minutes": 4,
      "on_foot": true
     },
     {
      "category": "Торговый центр",
      "category_id": 2,
      "name": "Депо Молл",
      "minutes": 10,
      "on_foot": true
     },
     {
      "category": "Базар",
      "category_id": 4,
      "name": "Абу Сахий",
      "minutes": 10,
      "on_foot": true
     },
     {
      "category": "Маркет",
      "category_id": 6,
      "name": "Korzinka",
      "minutes": 4,
      "on_foot": true
     },
     {
      "category": "Метро",
      "category_id": 1,
      "name": "Алмазар",
      "minutes": 5,
      "on_foot": true
     }
    ],
    "declared_retail_min": 4,
    "declared_metro_min": 5,
    "area": "город",
    "source": "yangiuylar.uz",
    "url": "https://yangiuylar.uz/novostroyka/barxan-residence-145",
    "coord_approx": false
   }
  },
  {
   "type": "Feature",
   "geometry": {
    "type": "Point",
    "coordinates": [
     69.203292,
     41.246352
    ]
   },
   "properties": {
    "yu_id": 130,
    "slug": "do'mbirobod-residence-130",
    "name": "Do’mbirobod Residence",
    "developer": "BM Group",
    "developer_id": 37,
    "district": "Чиланзарский район",
    "address": "г. Ташкент Чиланзарский район массив Домбиробод. Тирсакобод улица",
    "completion": "2026",
    "completion_date": "2026-11-30",
    "year": 2026,
    "status": "building",
    "recent": true,
    "apartments": 1900,
    "floors": 16,
    "apartments_for_sale": null,
    "price_m2": 11900000,
    "price_min_m2": null,
    "room_mix": {
     "1": 4,
     "2": 5
    },
    "is_commercial": false,
    "verified": false,
    "nearby": [
     {
      "category": "Парк",
      "category_id": 3,
      "name": "Парк Гафура Гуляма",
      "minutes": 10,
      "on_foot": true
     },
     {
      "category": "Маркет",
      "category_id": 6,
      "name": "Magnum Express",
      "minutes": 8,
      "on_foot": true
     },
     {
      "category": "Маркет",
      "category_id": 6,
      "name": "Korzinka",
      "minutes": 4,
      "on_foot": true
     },
     {
      "category": "Базар",
      "category_id": 4,
      "name": "Абу Сахий",
      "minutes": 10,
      "on_foot": true
     },
     {
      "category": "Метро",
      "category_id": 1,
      "name": "Алмазар",
      "minutes": 5,
      "on_foot": true
     }
    ],
    "declared_retail_min": 4,
    "declared_metro_min": 5,
    "area": "город",
    "source": "yangiuylar.uz",
    "url": "https://yangiuylar.uz/novostroyka/do'mbirobod-residence-130",
    "coord_approx": false
   }
  },
  {
   "type": "Feature",
   "geometry": {
    "type": "Point",
    "coordinates": [
     69.210728,
     41.295184
    ]
   },
   "properties": {
    "yu_id": 268,
    "slug": "joziba-268",
    "name": "Joziba",
    "developer": "Ziynat Capital",
    "developer_id": 176,
    "district": "Чиланзарский район",
    "address": "г. Ташкент, Чиланзарский район, улица Катартал, 7-квартал, 45А",
    "completion": "2026",
    "completion_date": "2026-08-01",
    "year": 2026,
    "status": "done",
    "recent": true,
    "apartments": 224,
    "floors": 8,
    "apartments_for_sale": 88,
    "price_m2": 15500000,
    "price_min_m2": null,
    "room_mix": {
     "1": 2,
     "2": 6,
     "3": 4
    },
    "is_commercial": false,
    "verified": false,
    "nearby": [
     {
      "category": "Университет",
      "category_id": 14,
      "name": "Сингапурский Институт",
      "minutes": 10,
      "on_foot": true
     },
     {
      "category": "Fast Food",
      "category_id": 25,
      "name": "Evos",
      "minutes": 3,
      "on_foot": true
     },
     {
      "category": "Торговый центр",
      "category_id": 2,
      "name": "Uchtepa Outlet Center",
      "minutes": 10,
      "on_foot": true
     },
     {
      "category": "Выпечка",
      "category_id": 22,
      "name": "Safia",
      "minutes": 8,
      "on_foot": true
     },
     {
      "category": "Спорт",
      "category_id": 24,
      "name": "Футбольное поле",
      "minutes": 2,
      "on_foot": true
     },
     {
      "category": "Метро",
      "category_id": 1,
      "name": "Новза",
      "minutes": 8,
      "on_foot": true
     }
    ],
    "declared_retail_min": 10,
    "declared_metro_min": 8,
    "area": "город",
    "source": "yangiuylar.uz",
    "url": "https://yangiuylar.uz/novostroyka/joziba-268",
    "coord_approx": false
   }
  },
  {
   "type": "Feature",
   "geometry": {
    "type": "Point",
    "coordinates": [
     69.21566,
     41.29595
    ]
   },
   "properties": {
    "yu_id": 196,
    "slug": "orzular-maskani-196",
    "name": "Orzular Maskani",
    "developer": "Zamon Binolar",
    "developer_id": 134,
    "district": "Чиланзарский район",
    "address": "г. Ташкент, Чиланзарский район , ул. Катарал-1",
    "completion": "2027",
    "completion_date": "2027-04-01",
    "year": 2027,
    "status": "building",
    "recent": true,
    "apartments": 557,
    "floors": 9,
    "apartments_for_sale": null,
    "price_m2": 13800000,
    "price_min_m2": 13800000,
    "room_mix": {
     "2": 9,
     "3": 3
    },
    "is_commercial": false,
    "verified": false,
    "nearby": [
     {
      "category": "Мечеть",
      "category_id": 9,
      "name": "Мечеть Новза",
      "minutes": 15,
      "on_foot": true
     },
     {
      "category": "Фитнес",
      "category_id": 13,
      "name": "Magic Galaxy",
      "minutes": 13,
      "on_foot": true
     },
     {
      "category": "Метро",
      "category_id": 1,
      "name": "Новза",
      "minutes": 12,
      "on_foot": true
     },
     {
      "category": "Базар",
      "category_id": 4,
      "name": "Фархадский рынок",
      "minutes": 11,
      "on_foot": true
     },
     {
      "category": "Выпечка",
      "category_id": 22,
      "name": "Safia",
      "minutes": 10,
      "on_foot": true
     },
     {
      "category": "Банк",
      "category_id": 23,
      "name": "Asia Alliance Bank",
      "minutes": 9,
      "on_foot": true
     }
    ],
    "declared_retail_min": 11,
    "declared_metro_min": 12,
    "area": "город",
    "source": "yangiuylar.uz",
    "url": "https://yangiuylar.uz/novostroyka/orzular-maskani-196",
    "coord_approx": false
   }
  },
  {
   "type": "Feature",
   "geometry": {
    "type": "Point",
    "coordinates": [
     69.183698,
     41.311151
    ]
   },
   "properties": {
    "yu_id": 222,
    "slug": "qatortol-residence-222",
    "name": "Qatortol Residence",
    "developer": "Dream House Development",
    "developer_id": 149,
    "district": "Чиланзарский район",
    "address": "г. Ташкент, Чиланзарский район, Октепа МФЙ, 16-Б",
    "completion": "2026",
    "completion_date": "2026-09-01",
    "year": 2026,
    "status": "done",
    "recent": true,
    "apartments": 42,
    "floors": 9,
    "apartments_for_sale": null,
    "price_m2": 17300000,
    "price_min_m2": null,
    "room_mix": {
     "1": 3,
     "2": 6,
     "3": 7
    },
    "is_commercial": false,
    "verified": false,
    "nearby": [
     {
      "category": "Мечеть",
      "category_id": 9,
      "name": "Мечеть Новза",
      "minutes": 6,
      "on_foot": true
     },
     {
      "category": "Фитнес",
      "category_id": 13,
      "name": "Befit",
      "minutes": 12,
      "on_foot": true
     },
     {
      "category": "Клиника",
      "category_id": 11,
      "name": "Shox International Hospital",
      "minutes": 15,
      "on_foot": true
     },
     {
      "category": "Выпечка",
      "category_id": 22,
      "name": "Safia",
      "minutes": 7,
      "on_foot": true
     },
     {
      "category": "Университет",
      "category_id": 14,
      "name": "Сингапурский Институт",
      "minutes": 10,
      "on_foot": true
     },
     {
      "category": "Метро",
      "category_id": 1,
      "name": "Новза",
      "minutes": 7,
      "on_foot": true
     },
     {
      "category": "Спорт",
      "category_id": 24,
      "name": "Футбольное поле",
      "minutes": 3,
      "on_foot": true
     }
    ],
    "declared_retail_min": null,
    "declared_metro_min": 7,
    "area": "город",
    "source": "yangiuylar.uz",
    "url": "https://yangiuylar.uz/novostroyka/qatortol-residence-222",
    "coord_approx": false
   }
  },
  {
   "type": "Feature",
   "geometry": {
    "type": "Point",
    "coordinates": [
     69.19174,
     41.25365
    ]
   },
   "properties": {
    "yu_id": 8,
    "slug": "silk-road-8",
    "name": "Silk Road",
    "developer": "Simplex Buildings",
    "developer_id": 5,
    "district": "Чиланзарский район",
    "address": "Чиланзарский район, улица Гавхар 125",
    "completion": "2024",
    "completion_date": "2024-01-02",
    "year": 2024,
    "status": "done",
    "recent": true,
    "apartments": 225,
    "floors": 9,
    "apartments_for_sale": null,
    "price_m2": 13000000,
    "price_min_m2": null,
    "room_mix": {
     "1": 3,
     "2": 1,
     "3": 1
    },
    "is_commercial": false,
    "verified": false,
    "nearby": [
     {
      "category": "Университет",
      "category_id": 14,
      "name": "Сингапурский Институт",
      "minutes": 4,
      "on_foot": true
     },
     {
      "category": "Парк",
      "category_id": 3,
      "name": "Парк Гафура Гуляма",
      "minutes": 9,
      "on_foot": true
     },
     {
      "category": "Фитнес",
      "category_id": 13,
      "name": "Magic Galaxy",
      "minutes": 7,
      "on_foot": true
     },
     {
      "category": "Базар",
      "category_id": 4,
      "name": "Абу Сахий",
      "minutes": 8,
      "on_foot": true
     },
     {
      "category": "Метро",
      "category_id": 1,
      "name": "Алмазар",
      "minutes": 15,
      "on_foot": true
     }
    ],
    "declared_retail_min": 8,
    "declared_metro_min": 15,
    "area": "город",
    "source": "yangiuylar.uz",
    "url": "https://yangiuylar.uz/novostroyka/silk-road-8",
    "coord_approx": false
   }
  },
  {
   "type": "Feature",
   "geometry": {
    "type": "Point",
    "coordinates": [
     69.234009,
     41.28373
    ]
   },
   "properties": {
    "yu_id": 150,
    "slug": "vision-150",
    "name": "Vision",
    "developer": "Neo House",
    "developer_id": 100,
    "district": "Чиланзарский район",
    "address": "Ташкент, Чиланзарский район, ул.Арнасой-5А",
    "completion": "2027",
    "completion_date": "2027-04-01",
    "year": 2027,
    "status": "building",
    "recent": true,
    "apartments": 312,
    "floors": 11,
    "apartments_for_sale": null,
    "price_m2": 16500000,
    "price_min_m2": null,
    "room_mix": {
     "1": 6,
     "2": 1,
     "3": 2,
     "4+": 6
    },
    "is_commercial": false,
    "verified": false,
    "nearby": [
     {
      "category": "Торговый центр",
      "category_id": 2,
      "name": "Торговый центр Next",
      "minutes": 10,
      "on_foot": true
     },
     {
      "category": "Мечеть",
      "category_id": 9,
      "name": "Мечет Катта Козиробод",
      "minutes": 7,
      "on_foot": true
     },
     {
      "category": "Парк",
      "category_id": 3,
      "name": "Парк Гафура Гуляма",
      "minutes": 8,
      "on_foot": true
     },
     {
      "category": "Маркет",
      "category_id": 6,
      "name": "Korzinka",
      "minutes": 5,
      "on_foot": true
     },
     {
      "category": "Метро",
      "category_id": 1,
      "name": "Новза",
      "minutes": 5,
      "on_foot": true
     }
    ],
    "declared_retail_min": 5,
    "declared_metro_min": 5,
    "area": "город",
    "source": "yangiuylar.uz",
    "url": "https://yangiuylar.uz/novostroyka/vision-150",
    "coord_approx": false
   }
  },
  {
   "type": "Feature",
   "geometry": {
    "type": "Point",
    "coordinates": [
     69.27558,
     41.311127
    ]
   },
   "properties": {
    "yu_id": 271,
    "slug": "broadway-plaza-271",
    "name": "Broadway Plaza",
    "developer": "The Pirzada Group",
    "developer_id": 173,
    "district": "Шайхантахурский район",
    "address": "г. Ташкент, Мирабадский район, улица Матбуотчилар, ориентир ТЦ \"Poytaxt\"",
    "completion": "2026",
    "completion_date": "2026-12-01",
    "year": 2026,
    "status": "building",
    "recent": true,
    "apartments": 63,
    "floors": 8,
    "apartments_for_sale": null,
    "price_m2": 36600000,
    "price_min_m2": null,
    "room_mix": {
     "1": 22
    },
    "is_commercial": true,
    "verified": false,
    "nearby": [
     {
      "category": "Фитнес",
      "category_id": 13,
      "name": "Befit",
      "minutes": 9,
      "on_foot": true
     },
     {
      "category": "Университет",
      "category_id": 14,
      "name": "Westminister",
      "minutes": 4,
      "on_foot": true
     },
     {
      "category": "Базар",
      "category_id": 4,
      "name": "Алайский рынок",
      "minutes": 5,
      "on_foot": true
     },
     {
      "category": "Ресторан",
      "category_id": 20,
      "name": "Bon!",
      "minutes": 3,
      "on_foot": true
     },
     {
      "category": "Банк",
      "category_id": 23,
      "name": "Kapital Bank",
      "minutes": 2,
      "on_foot": true
     },
     {
      "category": "Парк",
      "category_id": 3,
      "name": "Сквер Амира Темура",
      "minutes": 5,
      "on_foot": true
     },
     {
      "category": "Метро",
      "category_id": 1,
      "name": "Мустакиллик майдони",
      "minutes": 4,
      "on_foot": true
     }
    ],
    "declared_retail_min": 5,
    "declared_metro_min": 4,
    "area": "город",
    "source": "yangiuylar.uz",
    "url": "https://yangiuylar.uz/novostroyka/broadway-plaza-271",
    "coord_approx": false
   }
  },
  {
   "type": "Feature",
   "geometry": {
    "type": "Point",
    "coordinates": [
     69.25997,
     41.337336
    ]
   },
   "properties": {
    "yu_id": 176,
    "slug": "nafas-sebzor-176",
    "name": "Nafas Sebzor",
    "developer": "Taxtapul Avenue",
    "developer_id": 121,
    "district": "Шайхантахурский район",
    "address": "г. Ташкент, Шайхонтохурский район, махалля Тахтапул, улица Соиб Хужаев, дом 11",
    "completion": "2026",
    "completion_date": "2026-07-01",
    "year": 2026,
    "status": "done",
    "recent": true,
    "apartments": 390,
    "floors": 14,
    "apartments_for_sale": null,
    "price_m2": 17000000,
    "price_min_m2": null,
    "room_mix": {
     "1": 3,
     "2": 14,
     "3": 6
    },
    "is_commercial": false,
    "verified": false,
    "nearby": [
     {
      "category": "Метро",
      "category_id": 1,
      "name": "Минор",
      "minutes": 10,
      "on_foot": true
     },
     {
      "category": "Парк",
      "category_id": 3,
      "name": "Парк Наврўз",
      "minutes": 7,
      "on_foot": true
     },
     {
      "category": "Мечеть",
      "category_id": 9,
      "name": "Мечеть Минор",
      "minutes": 6,
      "on_foot": true
     },
     {
      "category": "Торговый центр",
      "category_id": 2,
      "name": "ТРЦ Riviera",
      "minutes": 7,
      "on_foot": true
     },
     {
      "category": "Ресторан",
      "category_id": 20,
      "name": "Azur",
      "minutes": 5,
      "on_foot": true
     }
    ],
    "declared_retail_min": 7,
    "declared_metro_min": 10,
    "area": "город",
    "source": "yangiuylar.uz",
    "url": "https://yangiuylar.uz/novostroyka/nafas-sebzor-176",
    "coord_approx": false
   }
  },
  {
   "type": "Feature",
   "geometry": {
    "type": "Point",
    "coordinates": [
     69.263167,
     41.329223
    ]
   },
   "properties": {
    "yu_id": 79,
    "slug": "park-city-labzak-79",
    "name": "Park City Labzak",
    "developer": "Park City Labzak",
    "developer_id": 46,
    "district": "Шайхантахурский район",
    "address": "г.Ташкент, Шайхантахурский район, улица Лабзак 1Б.",
    "completion": "2025",
    "completion_date": "2025-09-16",
    "year": 2025,
    "status": "done",
    "recent": true,
    "apartments": 700,
    "floors": 14,
    "apartments_for_sale": null,
    "price_m2": null,
    "price_min_m2": null,
    "room_mix": {
     "2": 15
    },
    "is_commercial": false,
    "verified": false,
    "nearby": [
     {
      "category": "Торговый центр",
      "category_id": 2,
      "name": "Samarqand Darvoza",
      "minutes": 9,
      "on_foot": true
     },
     {
      "category": "Базар",
      "category_id": 4,
      "name": "Чорсу базар",
      "minutes": 7,
      "on_foot": true
     },
     {
      "category": "Парк",
      "category_id": 3,
      "name": "Парк Ташкент Сити",
      "minutes": 7,
      "on_foot": true
     },
     {
      "category": "Парк",
      "category_id": 3,
      "name": "Парк А. Qodiriy",
      "minutes": 6,
      "on_foot": true
     },
     {
      "category": "Маркет",
      "category_id": 6,
      "name": "Korzinka",
      "minutes": 5,
      "on_foot": true
     },
     {
      "category": "Парк",
      "category_id": 3,
      "name": "Анхор парк",
      "minutes": 6,
      "on_foot": true
     },
     {
      "category": "Метро",
      "category_id": 1,
      "name": "Гафура Гуляма",
      "minutes": 4,
      "on_foot": true
     }
    ],
    "declared_retail_min": 5,
    "declared_metro_min": 4,
    "area": "город",
    "source": "yangiuylar.uz",
    "url": "https://yangiuylar.uz/novostroyka/park-city-labzak-79",
    "coord_approx": false
   }
  },
  {
   "type": "Feature",
   "geometry": {
    "type": "Point",
    "coordinates": [
     69.310495,
     41.353558
    ]
   },
   "properties": {
    "yu_id": 183,
    "slug": "bo'z-suv-183",
    "name": "Bo'z-Suv",
    "developer": "Greenpark Development",
    "developer_id": 125,
    "district": "Юнусабадский район",
    "address": "г. Ташкент, Юнусабадский район, кв.Манзара, Отчопар-2 МСГ, дом 2, кв 34",
    "completion": "2027",
    "completion_date": "2027-02-28",
    "year": 2027,
    "status": "building",
    "recent": true,
    "apartments": 2200,
    "floors": 16,
    "apartments_for_sale": 1000,
    "price_m2": 14000000,
    "price_min_m2": null,
    "room_mix": {},
    "is_commercial": false,
    "verified": true,
    "nearby": [
     {
      "category": "Мечеть",
      "category_id": 9,
      "name": "Мечеть Минор",
      "minutes": 16,
      "on_foot": true
     },
     {
      "category": "Торговый центр",
      "category_id": 2,
      "name": "Mega Planet",
      "minutes": 5,
      "on_foot": true
     },
     {
      "category": "Зоопарк",
      "category_id": 8,
      "name": "Ташкентский зоопарк",
      "minutes": 6,
      "on_foot": true
     },
     {
      "category": "Метро",
      "category_id": 1,
      "name": "Шахристан",
      "minutes": 7,
      "on_foot": true
     }
    ],
    "declared_retail_min": 5,
    "declared_metro_min": 7,
    "area": "город",
    "source": "yangiuylar.uz",
    "url": "https://yangiuylar.uz/novostroyka/bo'z-suv-183",
    "coord_approx": false
   }
  },
  {
   "type": "Feature",
   "geometry": {
    "type": "Point",
    "coordinates": [
     69.29057,
     41.332171
    ]
   },
   "properties": {
    "yu_id": 224,
    "slug": "bodomzor-224",
    "name": "Bodomzor",
    "developer": "Dream House Development",
    "developer_id": 149,
    "district": "Юнусабадский район",
    "address": "г. Ташкент, Юнусабадский район, Бодомзор йули, на пересечении улиц Шивли и Ч. Айтматов",
    "completion": "2026",
    "completion_date": "2026-09-01",
    "year": 2026,
    "status": "done",
    "recent": true,
    "apartments": 399,
    "floors": 17,
    "apartments_for_sale": 48,
    "price_m2": 17580000,
    "price_min_m2": null,
    "room_mix": {},
    "is_commercial": false,
    "verified": false,
    "nearby": [
     {
      "category": "Ресторан",
      "category_id": 20,
      "name": "Bon!",
      "minutes": 3,
      "on_foot": true
     },
     {
      "category": "Мечеть",
      "category_id": 9,
      "name": "Мечеть Минор",
      "minutes": 5,
      "on_foot": true
     },
     {
      "category": "Торговый центр",
      "category_id": 2,
      "name": "Mega Planet",
      "minutes": 11,
      "on_foot": true
     },
     {
      "category": "Ресторан",
      "category_id": 20,
      "name": "Azur",
      "minutes": 10,
      "on_foot": true
     },
     {
      "category": "Метро",
      "category_id": 1,
      "name": "Бадамзар",
      "minutes": 10,
      "on_foot": true
     },
     {
      "category": "Маркет",
      "category_id": 6,
      "name": "Korzinka",
      "minutes": 5,
      "on_foot": true
     }
    ],
    "declared_retail_min": 5,
    "declared_metro_min": 10,
    "area": "город",
    "source": "yangiuylar.uz",
    "url": "https://yangiuylar.uz/novostroyka/bodomzor-224",
    "coord_approx": false
   }
  },
  {
   "type": "Feature",
   "geometry": {
    "type": "Point",
    "coordinates": [
     69.263531,
     41.34929
    ]
   },
   "properties": {
    "yu_id": 114,
    "slug": "bridge-114",
    "name": "Bridge",
    "developer": "New Build",
    "developer_id": 69,
    "district": "Юнусабадский район",
    "address": "г. Ташкент, Юнусабадский район, улица Уста-Ширин, 104",
    "completion": "2026",
    "completion_date": "2026-12-30",
    "year": 2026,
    "status": "building",
    "recent": true,
    "apartments": 126,
    "floors": 9,
    "apartments_for_sale": null,
    "price_m2": 13400000,
    "price_min_m2": null,
    "room_mix": {
     "1": 1,
     "2": 10,
     "3": 4
    },
    "is_commercial": false,
    "verified": false,
    "nearby": [
     {
      "category": "Парк",
      "category_id": 3,
      "name": "Анхор парк",
      "minutes": 9,
      "on_foot": true
     },
     {
      "category": "Аквапарк",
      "category_id": 5,
      "name": "Аквапарк",
      "minutes": 7,
      "on_foot": true
     },
     {
      "category": "Маркет",
      "category_id": 6,
      "name": "Havas",
      "minutes": 6,
      "on_foot": true
     },
     {
      "category": "Маркет",
      "category_id": 6,
      "name": "Korzinka",
      "minutes": 5,
      "on_foot": true
     },
     {
      "category": "Метро",
      "category_id": 1,
      "name": "Шахристан",
      "minutes": 10,
      "on_foot": true
     }
    ],
    "declared_retail_min": 5,
    "declared_metro_min": 10,
    "area": "город",
    "source": "yangiuylar.uz",
    "url": "https://yangiuylar.uz/novostroyka/bridge-114",
    "coord_approx": false
   }
  },
  {
   "type": "Feature",
   "geometry": {
    "type": "Point",
    "coordinates": [
     69.300407,
     41.354133
    ]
   },
   "properties": {
    "yu_id": 262,
    "slug": "diamond-city-262",
    "name": "Diamond City",
    "developer": "Diamond City",
    "developer_id": 171,
    "district": "Юнусабадский район",
    "address": "г. Ташкент, Юнусабадский район, улица Чинабад, 57",
    "completion": "2027",
    "completion_date": "2027-10-01",
    "year": 2027,
    "status": "done",
    "recent": true,
    "apartments": 350,
    "floors": 10,
    "apartments_for_sale": null,
    "price_m2": 14000000,
    "price_min_m2": 14000000,
    "room_mix": {
     "2": 4,
     "3": 1
    },
    "is_commercial": false,
    "verified": false,
    "nearby": [
     {
      "category": "Торговый центр",
      "category_id": 2,
      "name": "Mega Planet",
      "minutes": 6,
      "on_foot": true
     },
     {
      "category": "Спорт",
      "category_id": 24,
      "name": "Теннисный Клуб (Юнусабад)",
      "minutes": 5,
      "on_foot": true
     },
     {
      "category": "Парк",
      "category_id": 3,
      "name": "Ботанический сад",
      "minutes": 8,
      "on_foot": true
     },
     {
      "category": "Зоопарк",
      "category_id": 8,
      "name": "Ташкентский зоопарк",
      "minutes": 7,
      "on_foot": true
     },
     {
      "category": "Аквапарк",
      "category_id": 5,
      "name": "Акваленд Ташкент",
      "minutes": 5,
      "on_foot": true
     },
     {
      "category": "Выпечка",
      "category_id": 22,
      "name": "Safia",
      "minutes": 4,
      "on_foot": true
     },
     {
      "category": "Метро",
      "category_id": 1,
      "name": "Туркистон",
      "minutes": 4,
      "on_foot": true
     }
    ],
    "declared_retail_min": 6,
    "declared_metro_min": 4,
    "area": "город",
    "source": "yangiuylar.uz",
    "url": "https://yangiuylar.uz/novostroyka/diamond-city-262",
    "coord_approx": false
   }
  },
  {
   "type": "Feature",
   "geometry": {
    "type": "Point",
    "coordinates": [
     69.336506,
     41.386588
    ]
   },
   "properties": {
    "yu_id": 216,
    "slug": "green-house-216",
    "name": "Green House",
    "developer": "Inter Drujba ",
    "developer_id": 109,
    "district": "Юнусабадский район",
    "address": "Ташкент, Юнусабадский район, махалля Сабзавот",
    "completion": "2025",
    "completion_date": "2025-12-30",
    "year": 2025,
    "status": "done",
    "recent": true,
    "apartments": 198,
    "floors": 3,
    "apartments_for_sale": null,
    "price_m2": 6300000,
    "price_min_m2": null,
    "room_mix": {},
    "is_commercial": false,
    "verified": true,
    "nearby": [
     {
      "category": "Мечеть",
      "category_id": 9,
      "name": "Мечеть Кулолкургон",
      "minutes": 7,
      "on_foot": true
     },
     {
      "category": "Fast Food",
      "category_id": 25,
      "name": "KFC",
      "minutes": 11,
      "on_foot": true
     },
     {
      "category": "Торговый центр",
      "category_id": 2,
      "name": "Mega Planet",
      "minutes": 8,
      "on_foot": true
     },
     {
      "category": "Маркет",
      "category_id": 6,
      "name": "Korzinka",
      "minutes": 7,
      "on_foot": true
     },
     {
      "category": "Банк",
      "category_id": 23,
      "name": "Kapital Bank",
      "minutes": 7,
      "on_foot": true
     },
     {
      "category": "Метро",
      "category_id": 1,
      "name": "Туркистон",
      "minutes": 5,
      "on_foot": true
     }
    ],
    "declared_retail_min": 7,
    "declared_metro_min": 5,
    "area": "город",
    "source": "yangiuylar.uz",
    "url": "https://yangiuylar.uz/novostroyka/green-house-216",
    "coord_approx": false
   }
  },
  {
   "type": "Feature",
   "geometry": {
    "type": "Point",
    "coordinates": [
     69.310773,
     41.35638
    ]
   },
   "properties": {
    "yu_id": 303,
    "slug": "high-town-city-303",
    "name": "High Town City",
    "developer": "TSC-HK-INVESTMENT",
    "developer_id": 191,
    "district": "Юнусабадский район",
    "address": "г. Ташкент, Юнусабадский район, улица Янги Шахар, 67",
    "completion": "2026",
    "completion_date": "2026-01-01",
    "year": 2026,
    "status": "done",
    "recent": true,
    "apartments": 2000,
    "floors": 16,
    "apartments_for_sale": null,
    "price_m2": 14500000,
    "price_min_m2": null,
    "room_mix": {
     "3": 1,
     "4+": 1
    },
    "is_commercial": false,
    "verified": false,
    "nearby": [
     {
      "category": "Торговый центр",
      "category_id": 2,
      "name": "High Town Mall",
      "minutes": 2,
      "on_foot": true
     },
     {
      "category": "Мечеть",
      "category_id": 9,
      "name": "Мечеть Минор",
      "minutes": 11,
      "on_foot": true
     },
     {
      "category": "Метро",
      "category_id": 1,
      "name": "Юнусабад",
      "minutes": 5,
      "on_foot": true
     },
     {
      "category": "Аквапарк",
      "category_id": 5,
      "name": "Акваленд Ташкент",
      "minutes": 5,
      "on_foot": true
     },
     {
      "category": "Парк",
      "category_id": 3,
      "name": "Ботанический сад",
      "minutes": 6,
      "on_foot": true
     }
    ],
    "declared_retail_min": 2,
    "declared_metro_min": 5,
    "area": "город",
    "source": "yangiuylar.uz",
    "url": "https://yangiuylar.uz/novostroyka/high-town-city-303",
    "coord_approx": false
   }
  },
  {
   "type": "Feature",
   "geometry": {
    "type": "Point",
    "coordinates": [
     69.276278,
     41.388421
    ]
   },
   "properties": {
    "yu_id": 307,
    "slug": "islomobod-307",
    "name": "Islomobod",
    "developer": "TXT Group",
    "developer_id": 151,
    "district": "Юнусабадский район",
    "address": "г. Ташкент, Юнусабадский район, улица Авлиё ота, 117",
    "completion": "2028",
    "completion_date": "2028-12-01",
    "year": 2028,
    "status": "building",
    "recent": true,
    "apartments": 600,
    "floors": 16,
    "apartments_for_sale": null,
    "price_m2": 10500000,
    "price_min_m2": 10500000,
    "room_mix": {
     "1": 1,
     "2": 3,
     "3": 1
    },
    "is_commercial": false,
    "verified": false,
    "nearby": [
     {
      "category": "Парк",
      "category_id": 3,
      "name": "Парк победы",
      "minutes": 16,
      "on_foot": true
     },
     {
      "category": "Торговый центр",
      "category_id": 2,
      "name": "Mega Planet",
      "minutes": 8,
      "on_foot": true
     },
     {
      "category": "Торговый центр",
      "category_id": 2,
      "name": "High Town Mall",
      "minutes": 13,
      "on_foot": true
     },
     {
      "category": "Маркет",
      "category_id": 6,
      "name": "Korzinka",
      "minutes": 8,
      "on_foot": true
     },
     {
      "category": "Метро",
      "category_id": 1,
      "name": "Туркистон",
      "minutes": 6,
      "on_foot": true
     }
    ],
    "declared_retail_min": 8,
    "declared_metro_min": 6,
    "area": "город",
    "source": "yangiuylar.uz",
    "url": "https://yangiuylar.uz/novostroyka/islomobod-307",
    "coord_approx": false
   }
  },
  {
   "type": "Feature",
   "geometry": {
    "type": "Point",
    "coordinates": [
     69.312147,
     41.367964
    ]
   },
   "properties": {
    "yu_id": 215,
    "slug": "mezbon-215",
    "name": "Mezbon",
    "developer": "Iskander Buildings",
    "developer_id": 145,
    "district": "Юнусабадский район",
    "address": "г. Ташкент, Юнусабадский район, массив Юнусабад 17-квартал",
    "completion": "2028",
    "completion_date": "2028-04-01",
    "year": 2028,
    "status": "building",
    "recent": true,
    "apartments": 969,
    "floors": 16,
    "apartments_for_sale": 140,
    "price_m2": 9068000,
    "price_min_m2": null,
    "room_mix": {
     "1": 2,
     "2": 3,
     "3": 4
    },
    "is_commercial": false,
    "verified": true,
    "nearby": [
     {
      "category": "Зоопарк",
      "category_id": 8,
      "name": "Ташкентский зоопарк",
      "minutes": 11,
      "on_foot": true
     },
     {
      "category": "Ресторан",
      "category_id": 20,
      "name": "Bon!",
      "minutes": 9,
      "on_foot": true
     },
     {
      "category": "Торговый центр",
      "category_id": 2,
      "name": "Mega Planet",
      "minutes": 7,
      "on_foot": true
     },
     {
      "category": "Метро",
      "category_id": 1,
      "name": "Туркистон",
      "minutes": 6,
      "on_foot": true
     },
     {
      "category": "Маркет",
      "category_id": 6,
      "name": "Makro",
      "minutes": 5,
      "on_foot": true
     },
     {
      "category": "Фитнес",
      "category_id": 13,
      "name": "Chekhov Sport Clubs",
      "minutes": 6,
      "on_foot": true
     }
    ],
    "declared_retail_min": 5,
    "declared_metro_min": 6,
    "area": "город",
    "source": "yangiuylar.uz",
    "url": "https://yangiuylar.uz/novostroyka/mezbon-215",
    "coord_approx": false
   }
  },
  {
   "type": "Feature",
   "geometry": {
    "type": "Point",
    "coordinates": [
     69.305949,
     41.357453
    ]
   },
   "properties": {
    "yu_id": 112,
    "slug": "musaffo-112",
    "name": "Musaffo",
    "developer": "Art House",
    "developer_id": 67,
    "district": "Юнусабадский район",
    "address": "г. Ташкент, Юнусобод, Янги шаҳар кўчаси",
    "completion": "2026",
    "completion_date": "2026-12-01",
    "year": 2026,
    "status": "building",
    "recent": true,
    "apartments": 1260,
    "floors": 16,
    "apartments_for_sale": 350,
    "price_m2": 14000000,
    "price_min_m2": null,
    "room_mix": {
     "1": 2,
     "2": 1,
     "3": 2
    },
    "is_commercial": false,
    "verified": false,
    "nearby": [
     {
      "category": "Торговый центр",
      "category_id": 2,
      "name": "Mega Planet",
      "minutes": 5,
      "on_foot": true
     },
     {
      "category": "Санатория",
      "category_id": 7,
      "name": "Санаторий Чинобод",
      "minutes": 5,
      "on_foot": true
     },
     {
      "category": "Маркет",
      "category_id": 6,
      "name": "Havas",
      "minutes": 6,
      "on_foot": true
     },
     {
      "category": "Маркет",
      "category_id": 6,
      "name": "Korzinka",
      "minutes": 4,
      "on_foot": true
     },
     {
      "category": "Метро",
      "category_id": 1,
      "name": "Юнусабад",
      "minutes": 5,
      "on_foot": true
     }
    ],
    "declared_retail_min": 4,
    "declared_metro_min": 5,
    "area": "город",
    "source": "yangiuylar.uz",
    "url": "https://yangiuylar.uz/novostroyka/musaffo-112",
    "coord_approx": false
   }
  },
  {
   "type": "Feature",
   "geometry": {
    "type": "Point",
    "coordinates": [
     69.316123,
     41.35769
    ]
   },
   "properties": {
    "yu_id": 109,
    "slug": "trinity-109",
    "name": "Trinity",
    "developer": "B.Invest Development",
    "developer_id": 10,
    "district": "Юнусабадский район",
    "address": "Юнусабаский район, Улица Чинабад, 49",
    "completion": "2027",
    "completion_date": "2027-01-01",
    "year": 2027,
    "status": "building",
    "recent": true,
    "apartments": 507,
    "floors": 16,
    "apartments_for_sale": null,
    "price_m2": 16000000,
    "price_min_m2": 16000000,
    "room_mix": {
     "1": 3,
     "2": 3,
     "3": 2
    },
    "is_commercial": false,
    "verified": false,
    "nearby": [
     {
      "category": "Торговый центр",
      "category_id": 2,
      "name": "Mega Planet",
      "minutes": 8,
      "on_foot": true
     },
     {
      "category": "Аквапарк",
      "category_id": 5,
      "name": "Акваленд Ташкент",
      "minutes": 5,
      "on_foot": true
     },
     {
      "category": "Парк",
      "category_id": 3,
      "name": "Ботанический сад",
      "minutes": 8,
      "on_foot": true
     },
     {
      "category": "Маркет",
      "category_id": 6,
      "name": "Korzinka",
      "minutes": 4,
      "on_foot": true
     },
     {
      "category": "Санатория",
      "category_id": 7,
      "name": "Санаторий Чинобод",
      "minutes": 2,
      "on_foot": true
     },
     {
      "category": "Метро",
      "category_id": 1,
      "name": "Шахристан",
      "minutes": 4,
      "on_foot": true
     }
    ],
    "declared_retail_min": 4,
    "declared_metro_min": 4,
    "area": "город",
    "source": "yangiuylar.uz",
    "url": "https://yangiuylar.uz/novostroyka/trinity-109",
    "coord_approx": false
   }
  },
  {
   "type": "Feature",
   "geometry": {
    "type": "Point",
    "coordinates": [
     69.307452,
     41.386598
    ]
   },
   "properties": {
    "yu_id": 110,
    "slug": "turkiston-110",
    "name": "Turkiston Avenue",
    "developer": "Turkiston Development",
    "developer_id": 66,
    "district": "Юнусабадский район",
    "address": "г. Ташкент, Юнусабадский район, Сабзават",
    "completion": "2027",
    "completion_date": "2027-12-30",
    "year": 2027,
    "status": "building",
    "recent": true,
    "apartments": 2535,
    "floors": 16,
    "apartments_for_sale": null,
    "price_m2": 9900000,
    "price_min_m2": null,
    "room_mix": {
     "1": 1,
     "2": 3,
     "3": 1,
     "4+": 2
    },
    "is_commercial": false,
    "verified": true,
    "nearby": [
     {
      "category": "Торговый центр",
      "category_id": 2,
      "name": "Mega Planet",
      "minutes": 12,
      "on_foot": true
     },
     {
      "category": "Парк",
      "category_id": 3,
      "name": "Локомотив парк",
      "minutes": 16,
      "on_foot": true
     },
     {
      "category": "Маркет",
      "category_id": 6,
      "name": "Korzinka",
      "minutes": 4,
      "on_foot": true
     },
     {
      "category": "Маркет",
      "category_id": 6,
      "name": "Havas",
      "minutes": 5,
      "on_foot": true
     },
     {
      "category": "Базар",
      "category_id": 4,
      "name": "Уч кахрамон",
      "minutes": 7,
      "on_foot": true
     },
     {
      "category": "Метро",
      "category_id": 1,
      "name": "Туркистон",
      "minutes": 8,
      "on_foot": true
     }
    ],
    "declared_retail_min": 4,
    "declared_metro_min": 8,
    "area": "город",
    "source": "yangiuylar.uz",
    "url": "https://yangiuylar.uz/novostroyka/turkiston-110",
    "coord_approx": false
   }
  },
  {
   "type": "Feature",
   "geometry": {
    "type": "Point",
    "coordinates": [
     69.276487,
     41.337559
    ]
   },
   "properties": {
    "yu_id": 280,
    "slug": "venetsiya-280",
    "name": "Venetsiya",
    "developer": "Venetsiya",
    "developer_id": 184,
    "district": "Юнусабадский район",
    "address": "г. Ташкент, Юнусабадский район, МКАД, 1 дом (ориентир: Белая Мечеть Минор, гос. Больница им. Семашко)",
    "completion": "2027",
    "completion_date": "2027-12-31",
    "year": 2027,
    "status": "building",
    "recent": true,
    "apartments": 900,
    "floors": 27,
    "apartments_for_sale": null,
    "price_m2": null,
    "price_min_m2": null,
    "room_mix": {
     "1": 3,
     "2": 2,
     "4+": 2
    },
    "is_commercial": false,
    "verified": false,
    "nearby": [
     {
      "category": "Торговый центр",
      "category_id": 2,
      "name": "ТРЦ Riviera",
      "minutes": 7,
      "on_foot": true
     },
     {
      "category": "Парк",
      "category_id": 3,
      "name": "Парк Наврўз",
      "minutes": 6,
      "on_foot": true
     },
     {
      "category": "Мечеть",
      "category_id": 9,
      "name": "Мечеть Минор",
      "minutes": 4,
      "on_foot": true
     },
     {
      "category": "Fast Food",
      "category_id": 25,
      "name": "KFC",
      "minutes": 3,
      "on_foot": true
     },
     {
      "category": "Маркет",
      "category_id": 6,
      "name": "Korzinka",
      "minutes": 5,
      "on_foot": true
     },
     {
      "category": "Метро",
      "category_id": 1,
      "name": "Бадамзар",
      "minutes": 7,
      "on_foot": true
     }
    ],
    "declared_retail_min": 5,
    "declared_metro_min": 7,
    "area": "город",
    "source": "yangiuylar.uz",
    "url": "https://yangiuylar.uz/novostroyka/venetsiya-280",
    "coord_approx": false
   }
  },
  {
   "type": "Feature",
   "geometry": {
    "type": "Point",
    "coordinates": [
     69.275278,
     41.370748
    ]
   },
   "properties": {
    "yu_id": 108,
    "slug": "yunusabad-residence-108",
    "name": "Yunusabad Residence",
    "developer": "Yunusabad Residence",
    "developer_id": 65,
    "district": "Юнусабадский район",
    "address": "Юнусабадский район, 4 квартал дом 88. Ориентир посольство США",
    "completion": "2023",
    "completion_date": "2023-02-08",
    "year": 2023,
    "status": "done",
    "recent": true,
    "apartments": 438,
    "floors": 9,
    "apartments_for_sale": null,
    "price_m2": 21000000,
    "price_min_m2": null,
    "room_mix": {
     "1": 1,
     "2": 2,
     "3": 2
    },
    "is_commercial": false,
    "verified": false,
    "nearby": [
     {
      "category": "Торговый центр",
      "category_id": 2,
      "name": "Mega Planet",
      "minutes": 7,
      "on_foot": true
     },
     {
      "category": "Базар",
      "category_id": 4,
      "name": "Уч кахрамон",
      "minutes": 8,
      "on_foot": true
     },
     {
      "category": "Маркет",
      "category_id": 6,
      "name": "Korzinka",
      "minutes": 4,
      "on_foot": true
     },
     {
      "category": "Маркет",
      "category_id": 6,
      "name": "Havas",
      "minutes": 3,
      "on_foot": true
     },
     {
      "category": "Метро",
      "category_id": 1,
      "name": "Юнусабад",
      "minutes": 6,
      "on_foot": true
     }
    ],
    "declared_retail_min": 3,
    "declared_metro_min": 6,
    "area": "город",
    "source": "yangiuylar.uz",
    "url": "https://yangiuylar.uz/novostroyka/yunusabad-residence-108",
    "coord_approx": false
   }
  },
  {
   "type": "Feature",
   "geometry": {
    "type": "Point",
    "coordinates": [
     69.269656,
     41.375848
    ]
   },
   "properties": {
    "yu_id": 94,
    "slug": "zenit-94",
    "name": "Zenit",
    "developer": "Premier House ",
    "developer_id": 55,
    "district": "Юнусабадский район",
    "address": "ул. Юкори Коракамиш 2, Ташкент, Узбекистан",
    "completion": "2025",
    "completion_date": "2025-12-01",
    "year": 2025,
    "status": "done",
    "recent": true,
    "apartments": 3200,
    "floors": 9,
    "apartments_for_sale": null,
    "price_m2": 12500000,
    "price_min_m2": null,
    "room_mix": {
     "1": 1,
     "2": 6,
     "3": 2,
     "4+": 1
    },
    "is_commercial": false,
    "verified": false,
    "nearby": [
     {
      "category": "Торговый центр",
      "category_id": 2,
      "name": "Mega Planet",
      "minutes": 8,
      "on_foot": true
     },
     {
      "category": "Базар",
      "category_id": 4,
      "name": "Уч кахрамон",
      "minutes": 8,
      "on_foot": true
     },
     {
      "category": "Маркет",
      "category_id": 6,
      "name": "Havas",
      "minutes": 4,
      "on_foot": true
     },
     {
      "category": "Маркет",
      "category_id": 6,
      "name": "Korzinka",
      "minutes": 5,
      "on_foot": true
     },
     {
      "category": "Метро",
      "category_id": 1,
      "name": "Юнусабад",
      "minutes": 10,
      "on_foot": true
     }
    ],
    "declared_retail_min": 4,
    "declared_metro_min": 10,
    "area": "город",
    "source": "yangiuylar.uz",
    "url": "https://yangiuylar.uz/novostroyka/zenit-94",
    "coord_approx": false
   }
  },
  {
   "type": "Feature",
   "geometry": {
    "type": "Point",
    "coordinates": [
     69.273933,
     41.37604
    ]
   },
   "properties": {
    "yu_id": 51,
    "slug": "zo'rsan-51",
    "name": "Zo'rsan",
    "developer": "Xon Saroy",
    "developer_id": 24,
    "district": "Юнусабадский район",
    "address": "улица Юкори Каракамыш, 9, Юнусабадский район, Ташкент",
    "completion": "2027",
    "completion_date": "2027-01-01",
    "year": 2027,
    "status": "building",
    "recent": true,
    "apartments": 1600,
    "floors": 16,
    "apartments_for_sale": null,
    "price_m2": null,
    "price_min_m2": null,
    "room_mix": {
     "1": 2,
     "3": 4
    },
    "is_commercial": false,
    "verified": false,
    "nearby": [
     {
      "category": "Выпечка",
      "category_id": 22,
      "name": "Safia",
      "minutes": 5,
      "on_foot": true
     },
     {
      "category": "Маркет",
      "category_id": 6,
      "name": "Korzinka",
      "minutes": 10,
      "on_foot": true
     },
     {
      "category": "Базар",
      "category_id": 4,
      "name": "Универсам",
      "minutes": 8,
      "on_foot": true
     },
     {
      "category": "Торговый центр",
      "category_id": 2,
      "name": "Mega Planet",
      "minutes": 6,
      "on_foot": true
     },
     {
      "category": "Метро",
      "category_id": 1,
      "name": "Юнусабад",
      "minutes": 8,
      "on_foot": true
     }
    ],
    "declared_retail_min": 6,
    "declared_metro_min": 8,
    "area": "город",
    "source": "yangiuylar.uz",
    "url": "https://yangiuylar.uz/novostroyka/zo'rsan-51",
    "coord_approx": false
   }
  },
  {
   "type": "Feature",
   "geometry": {
    "type": "Point",
    "coordinates": [
     69.259466,
     41.277649
    ]
   },
   "properties": {
    "yu_id": 96,
    "slug": "bobur-residence-96",
    "name": "Bobur Residence",
    "developer": "Silver Flex",
    "developer_id": 57,
    "district": "Яккасарайский район",
    "address": "г. Ташкент, Яккасарайский район, ул. Бабура-73",
    "completion": "2026",
    "completion_date": "2026-10-31",
    "year": 2026,
    "status": "building",
    "recent": true,
    "apartments": 1200,
    "floors": 16,
    "apartments_for_sale": null,
    "price_m2": 20000000,
    "price_min_m2": 20000000,
    "room_mix": {
     "2": 12,
     "3": 5,
     "4+": 4
    },
    "is_commercial": false,
    "verified": false,
    "nearby": [
     {
      "category": "Торговый центр",
      "category_id": 2,
      "name": "Торговый центр Next",
      "minutes": 7,
      "on_foot": true
     },
     {
      "category": "Фитнес",
      "category_id": 13,
      "name": "Buka Fit",
      "minutes": 8,
      "on_foot": true
     },
     {
      "category": "Маркет",
      "category_id": 6,
      "name": "Korzinka",
      "minutes": 4,
      "on_foot": true
     },
     {
      "category": "Рынок",
      "category_id": 12,
      "name": "Мирабадский рынок",
      "minutes": 7,
      "on_foot": true
     },
     {
      "category": "Парк",
      "category_id": 3,
      "name": "Парк Бабура",
      "minutes": 8,
      "on_foot": true
     },
     {
      "category": "Метро",
      "category_id": 1,
      "name": "Ташкент",
      "minutes": 8,
      "on_foot": true
     }
    ],
    "declared_retail_min": 4,
    "declared_metro_min": 8,
    "area": "город",
    "source": "yangiuylar.uz",
    "url": "https://yangiuylar.uz/novostroyka/bobur-residence-96",
    "coord_approx": false
   }
  },
  {
   "type": "Feature",
   "geometry": {
    "type": "Point",
    "coordinates": [
     69.265247,
     41.276734
    ]
   },
   "properties": {
    "yu_id": 261,
    "slug": "celebrity-residence-261",
    "name": "Celebrity Residence",
    "developer": "Interra ",
    "developer_id": 170,
    "district": "Яккасарайский район",
    "address": "г. Ташкент, Яккасарайский район, 7-й проезд Абдуллы Каххара",
    "completion": "2026",
    "completion_date": "2026-04-15",
    "year": 2026,
    "status": "done",
    "recent": true,
    "apartments": 700,
    "floors": 13,
    "apartments_for_sale": null,
    "price_m2": 19500000,
    "price_min_m2": null,
    "room_mix": {
     "1": 5,
     "2": 9,
     "3": 3,
     "4+": 1
    },
    "is_commercial": false,
    "verified": false,
    "nearby": [
     {
      "category": "Международный Аэропорт",
      "category_id": 10,
      "name": "Международный Аэропорт",
      "minutes": 5,
      "on_foot": true
     },
     {
      "category": "Клиника",
      "category_id": 11,
      "name": "Shox International Hospital",
      "minutes": 7,
      "on_foot": true
     },
     {
      "category": "Парк",
      "category_id": 3,
      "name": "Дустлик парк",
      "minutes": 7,
      "on_foot": true
     },
     {
      "category": "Рынок",
      "category_id": 12,
      "name": "Мирабадский рынок",
      "minutes": 8,
      "on_foot": true
     },
     {
      "category": "Маркет",
      "category_id": 6,
      "name": "Makro",
      "minutes": 5,
      "on_foot": true
     },
     {
      "category": "Маркет",
      "category_id": 6,
      "name": "Korzinka",
      "minutes": 4,
      "on_foot": true
     },
     {
      "category": "Метро",
      "category_id": 1,
      "name": "Ташкент",
      "minutes": 9,
      "on_foot": true
     }
    ],
    "declared_retail_min": 4,
    "declared_metro_min": 9,
    "area": "город",
    "source": "yangiuylar.uz",
    "url": "https://yangiuylar.uz/novostroyka/celebrity-residence-261",
    "coord_approx": false
   }
  },
  {
   "type": "Feature",
   "geometry": {
    "type": "Point",
    "coordinates": [
     69.264765,
     41.275159
    ]
   },
   "properties": {
    "yu_id": 102,
    "slug": "istanbul-city-102",
    "name": "Istanbul City",
    "developer": "Istanbul City",
    "developer_id": 60,
    "district": "Яккасарайский район",
    "address": "г. Ташкент, Яккасарайский р-н, ул. Абдулла Қаххор, 49",
    "completion": "2028",
    "completion_date": "2028-03-01",
    "year": 2028,
    "status": "building",
    "recent": true,
    "apartments": 2200,
    "floors": 20,
    "apartments_for_sale": 161,
    "price_m2": 17400000,
    "price_min_m2": null,
    "room_mix": {
     "1": 4,
     "2": 17,
     "3": 5,
     "4+": 5
    },
    "is_commercial": false,
    "verified": false,
    "nearby": [
     {
      "category": "Торговый центр",
      "category_id": 2,
      "name": "Торговый центр Next",
      "minutes": 13,
      "on_foot": true
     },
     {
      "category": "Маркет",
      "category_id": 6,
      "name": "Korzinka",
      "minutes": 5,
      "on_foot": true
     },
     {
      "category": "Парк",
      "category_id": 3,
      "name": "Дустлик парк",
      "minutes": 11,
      "on_foot": true
     },
     {
      "category": "Метро",
      "category_id": 1,
      "name": "Ташкент",
      "minutes": 8,
      "on_foot": true
     }
    ],
    "declared_retail_min": 5,
    "declared_metro_min": 8,
    "area": "город",
    "source": "yangiuylar.uz",
    "url": "https://yangiuylar.uz/novostroyka/istanbul-city-102",
    "coord_approx": false
   }
  },
  {
   "type": "Feature",
   "geometry": {
    "type": "Point",
    "coordinates": [
     69.244414,
     41.276409
    ]
   },
   "properties": {
    "yu_id": 50,
    "slug": "kushbegi-residence-50",
    "name": "Kushbegi Residence",
    "developer": "OSC",
    "developer_id": 23,
    "district": "Яккасарайский район",
    "address": "г. Ташкент, Яккасарайский р-н. ул.Кушбеги 1",
    "completion": "2024",
    "completion_date": "2024-03-05",
    "year": 2024,
    "status": "done",
    "recent": true,
    "apartments": 81,
    "floors": 17,
    "apartments_for_sale": null,
    "price_m2": 17800000,
    "price_min_m2": 17800000,
    "room_mix": {
     "2": 5,
     "3": 1,
     "4+": 1
    },
    "is_commercial": false,
    "verified": false,
    "nearby": [
     {
      "category": "Мечеть",
      "category_id": 9,
      "name": "Мечеть Новза",
      "minutes": 13,
      "on_foot": true
     },
     {
      "category": "Парк",
      "category_id": 3,
      "name": "Парк Гафура Гуляма",
      "minutes": 15,
      "on_foot": true
     },
     {
      "category": "Маркет",
      "category_id": 6,
      "name": "Korzinka",
      "minutes": 8,
      "on_foot": true
     },
     {
      "category": "Метро",
      "category_id": 1,
      "name": "Новза",
      "minutes": 8,
      "on_foot": true
     }
    ],
    "declared_retail_min": 8,
    "declared_metro_min": 8,
    "area": "город",
    "source": "yangiuylar.uz",
    "url": "https://yangiuylar.uz/novostroyka/kushbegi-residence-50",
    "coord_approx": false
   }
  },
  {
   "type": "Feature",
   "geometry": {
    "type": "Point",
    "coordinates": [
     69.265151,
     41.278147
    ]
   },
   "properties": {
    "yu_id": 157,
    "slug": "mavera-town-157",
    "name": "Mavera Town",
    "developer": "Mavera Town",
    "developer_id": 107,
    "district": "Яккасарайский район",
    "address": "г. Ташкент, Яккасарайский район, ул Кичик Бешегач, 130Б",
    "completion": "2027",
    "completion_date": "2027-01-01",
    "year": 2027,
    "status": "building",
    "recent": true,
    "apartments": 738,
    "floors": 16,
    "apartments_for_sale": null,
    "price_m2": 22000000,
    "price_min_m2": 22000000,
    "room_mix": {
     "2": 3,
     "3": 1,
     "4+": 3
    },
    "is_commercial": false,
    "verified": false,
    "nearby": [
     {
      "category": "Базар",
      "category_id": 4,
      "name": "Базар Аския",
      "minutes": 5,
      "on_foot": true
     },
     {
      "category": "Университет",
      "category_id": 14,
      "name": "Сингапурский Институт",
      "minutes": 13,
      "on_foot": true
     },
     {
      "category": "Банк",
      "category_id": 23,
      "name": "Kapital Bank",
      "minutes": 2,
      "on_foot": true
     },
     {
      "category": "Маркет",
      "category_id": 6,
      "name": "Havas",
      "minutes": 3,
      "on_foot": true
     },
     {
      "category": "Маркет",
      "category_id": 6,
      "name": "Korzinka",
      "minutes": 5,
      "on_foot": true
     },
     {
      "category": "Международный Аэропорт",
      "category_id": 10,
      "name": "Международный Аэропорт",
      "minutes": 5,
      "on_foot": true
     },
     {
      "category": "Парк",
      "category_id": 3,
      "name": "Парк Бабура",
      "minutes": 5,
      "on_foot": true
     }
    ],
    "declared_retail_min": 3,
    "declared_metro_min": null,
    "area": "город",
    "source": "yangiuylar.uz",
    "url": "https://yangiuylar.uz/novostroyka/mavera-town-157",
    "coord_approx": false
   }
  },
  {
   "type": "Feature",
   "geometry": {
    "type": "Point",
    "coordinates": [
     69.266883,
     41.272119
    ]
   },
   "properties": {
    "yu_id": 27,
    "slug": "newport-27",
    "name": "Newport",
    "developer": "UNIO",
    "developer_id": 12,
    "district": "Яккасарайский район",
    "address": "г. Ташкент, Яккасарайский р-н, малая кольцевая дорога 190",
    "completion": "2025",
    "completion_date": "2025-09-10",
    "year": 2025,
    "status": "done",
    "recent": true,
    "apartments": 1684,
    "floors": 20,
    "apartments_for_sale": null,
    "price_m2": 19000000,
    "price_min_m2": null,
    "room_mix": {
     "2": 3,
     "3": 2,
     "4+": 1
    },
    "is_commercial": false,
    "verified": false,
    "nearby": [
     {
      "category": "Рынок",
      "category_id": 12,
      "name": "Мирабадский рынок",
      "minutes": 15,
      "on_foot": true
     },
     {
      "category": "Международный Аэропорт",
      "category_id": 10,
      "name": "Международный Аэропорт",
      "minutes": 8,
      "on_foot": true
     },
     {
      "category": "Клиника",
      "category_id": 11,
      "name": "Shox International Hospital",
      "minutes": 13,
      "on_foot": true
     },
     {
      "category": "Мечеть",
      "category_id": 9,
      "name": "Мечеть ракат",
      "minutes": 12,
      "on_foot": true
     },
     {
      "category": "Парк",
      "category_id": 3,
      "name": "Парк Бабура",
      "minutes": 10,
      "on_foot": true
     },
     {
      "category": "Метро",
      "category_id": 1,
      "name": "Ташкент",
      "minutes": 7,
      "on_foot": true
     }
    ],
    "declared_retail_min": 15,
    "declared_metro_min": 7,
    "area": "город",
    "source": "yangiuylar.uz",
    "url": "https://yangiuylar.uz/novostroyka/newport-27",
    "coord_approx": false
   }
  },
  {
   "type": "Feature",
   "geometry": {
    "type": "Point",
    "coordinates": [
     69.262611,
     41.275121
    ]
   },
   "properties": {
    "yu_id": 117,
    "slug": "yakkasaroy-palace-117",
    "name": "Yakkasaroy Palace",
    "developer": "Elite Development",
    "developer_id": 72,
    "district": "Яккасарайский район",
    "address": "г.Ташкент, Яккасарайский р-н ул.А.Каххара 49",
    "completion": "2024",
    "completion_date": "2024-12-30",
    "year": 2024,
    "status": "done",
    "recent": true,
    "apartments": 219,
    "floors": 12,
    "apartments_for_sale": null,
    "price_m2": 15500000,
    "price_min_m2": 15500000,
    "room_mix": {
     "1": 4,
     "2": 5,
     "3": 6,
     "4+": 3
    },
    "is_commercial": false,
    "verified": false,
    "nearby": [
     {
      "category": "Фитнес",
      "category_id": 13,
      "name": "Buka Fit",
      "minutes": 8,
      "on_foot": true
     },
     {
      "category": "Парк",
      "category_id": 3,
      "name": "Дустлик парк",
      "minutes": 7,
      "on_foot": true
     },
     {
      "category": "Базар",
      "category_id": 4,
      "name": "Мирабадский рынок",
      "minutes": 13,
      "on_foot": true
     },
     {
      "category": "Международный Аэропорт",
      "category_id": 10,
      "name": "Международный Аэропорт",
      "minutes": 5,
      "on_foot": true
     },
     {
      "category": "Маркет",
      "category_id": 6,
      "name": "Korzinka",
      "minutes": 5,
      "on_foot": true
     },
     {
      "category": "Метро",
      "category_id": 1,
      "name": "Ташкент",
      "minutes": 10,
      "on_foot": true
     }
    ],
    "declared_retail_min": 5,
    "declared_metro_min": 10,
    "area": "город",
    "source": "yangiuylar.uz",
    "url": "https://yangiuylar.uz/novostroyka/yakkasaroy-palace-117",
    "coord_approx": false
   }
  },
  {
   "type": "Feature",
   "geometry": {
    "type": "Point",
    "coordinates": [
     69.186599,
     41.212966
    ]
   },
   "properties": {
    "yu_id": 223,
    "slug": "new-life-darkhon-223",
    "name": "New Life Darkhon",
    "developer": "Imorat House",
    "developer_id": 150,
    "district": "Янгихаётский район",
    "address": "г. Ташкент, Янгихаётский район, Янги Дархон МФЙ, улица Навруз, 310",
    "completion": "2027",
    "completion_date": "2027-01-01",
    "year": 2027,
    "status": "building",
    "recent": true,
    "apartments": 162,
    "floors": 9,
    "apartments_for_sale": null,
    "price_m2": 7800000,
    "price_min_m2": null,
    "room_mix": {
     "1": 4,
     "2": 1
    },
    "is_commercial": false,
    "verified": true,
    "nearby": [
     {
      "category": "Метро",
      "category_id": 1,
      "name": "Узгариш",
      "minutes": 8,
      "on_foot": true
     },
     {
      "category": "Аквапарк",
      "category_id": 5,
      "name": "Аквапарк",
      "minutes": 10,
      "on_foot": true
     },
     {
      "category": "Базар",
      "category_id": 4,
      "name": "Сергелийский фермерский рынок",
      "minutes": 12,
      "on_foot": true
     },
     {
      "category": "Парк",
      "category_id": 3,
      "name": "Flowers Garden парк",
      "minutes": 9,
      "on_foot": true
     },
     {
      "category": "Фитнес",
      "category_id": 13,
      "name": "Simma FIT",
      "minutes": 7,
      "on_foot": true
     }
    ],
    "declared_retail_min": 12,
    "declared_metro_min": 8,
    "area": "город",
    "source": "yangiuylar.uz",
    "url": "https://yangiuylar.uz/novostroyka/new-life-darkhon-223",
    "coord_approx": false
   }
  },
  {
   "type": "Feature",
   "geometry": {
    "type": "Point",
    "coordinates": [
     69.242645,
     41.213991
    ]
   },
   "properties": {
    "yu_id": 49,
    "slug": "nur-hayat-new-classics-49",
    "name": "Nur Hayat New Classics",
    "developer": "Nur Hayat",
    "developer_id": 22,
    "district": "Янгихаётский район",
    "address": "Ташкент, Янгихаётский район, улица Кипчак, 18,",
    "completion": "2025",
    "completion_date": "2025-12-31",
    "year": 2025,
    "status": "done",
    "recent": true,
    "apartments": 2400,
    "floors": 16,
    "apartments_for_sale": null,
    "price_m2": 12000000,
    "price_min_m2": null,
    "room_mix": {
     "1": 4,
     "2": 5,
     "3": 3,
     "4+": 3
    },
    "is_commercial": false,
    "verified": true,
    "nearby": [
     {
      "category": "Аквапарк",
      "category_id": 5,
      "name": "Аквапарк Atlantis",
      "minutes": 13,
      "on_foot": true
     },
     {
      "category": "Парк",
      "category_id": 3,
      "name": "Сергелийский центральный парк",
      "minutes": 8,
      "on_foot": true
     },
     {
      "category": "Маркет",
      "category_id": 6,
      "name": "Korzinka",
      "minutes": 8,
      "on_foot": true
     },
     {
      "category": "Метро",
      "category_id": 1,
      "name": "5-я Станция",
      "minutes": 10,
      "on_foot": true
     }
    ],
    "declared_retail_min": 8,
    "declared_metro_min": 10,
    "area": "город",
    "source": "yangiuylar.uz",
    "url": "https://yangiuylar.uz/novostroyka/nur-hayat-new-classics-49",
    "coord_approx": false
   }
  },
  {
   "type": "Feature",
   "geometry": {
    "type": "Point",
    "coordinates": [
     69.317843,
     41.329896
    ]
   },
   "properties": {
    "yu_id": 175,
    "slug": "park-avenue-175",
    "name": "Park Avenue",
    "developer": "Arkan Development",
    "developer_id": 120,
    "district": "Янгихаётский район",
    "address": "г. Ташкент, район Янгихайот, улица Спутник 7, 5",
    "completion": "2026",
    "completion_date": "2026-05-20",
    "year": 2026,
    "status": "done",
    "recent": true,
    "apartments": 270,
    "floors": 16,
    "apartments_for_sale": null,
    "price_m2": 12500000,
    "price_min_m2": 12500000,
    "room_mix": {
     "1": 7,
     "2": 9,
     "3": 2
    },
    "is_commercial": false,
    "verified": true,
    "nearby": [
     {
      "category": "Парк",
      "category_id": 3,
      "name": "Magic Safari",
      "minutes": 5,
      "on_foot": true
     },
     {
      "category": "Аквапарк",
      "category_id": 5,
      "name": "Аквапарк Atlantis",
      "minutes": 6,
      "on_foot": true
     },
     {
      "category": "Фитнес",
      "category_id": 13,
      "name": "Simma FIT",
      "minutes": 10,
      "on_foot": true
     },
     {
      "category": "Маркет",
      "category_id": 6,
      "name": "Korzinka",
      "minutes": 5,
      "on_foot": true
     },
     {
      "category": "Метро",
      "category_id": 1,
      "name": "Илтифат (4-я станция)",
      "minutes": 7,
      "on_foot": true
     }
    ],
    "declared_retail_min": 5,
    "declared_metro_min": 7,
    "area": "город",
    "source": "yangiuylar.uz",
    "url": "https://yangiuylar.uz/novostroyka/park-avenue-175",
    "coord_approx": false
   }
  },
  {
   "type": "Feature",
   "geometry": {
    "type": "Point",
    "coordinates": [
     69.196332,
     41.226767
    ]
   },
   "properties": {
    "yu_id": 41,
    "slug": "yangi-darhon-41",
    "name": "Yangi Darhon",
    "developer": "B Building",
    "developer_id": 17,
    "district": "Янгихаётский район",
    "address": "г. Ташкент, Янгихаётский район, Улица Навруз",
    "completion": "2024",
    "completion_date": "2024-12-31",
    "year": 2024,
    "status": "done",
    "recent": true,
    "apartments": 208,
    "floors": 16,
    "apartments_for_sale": null,
    "price_m2": 10900000,
    "price_min_m2": 10900000,
    "room_mix": {
     "2": 2,
     "3": 4
    },
    "is_commercial": false,
    "verified": false,
    "nearby": [
     {
      "category": "Парк",
      "category_id": 3,
      "name": "Magic Safari",
      "minutes": 12,
      "on_foot": true
     },
     {
      "category": "Аквапарк",
      "category_id": 5,
      "name": "Аквапарк Atlantis",
      "minutes": 8,
      "on_foot": true
     },
     {
      "category": "Фитнес",
      "category_id": 13,
      "name": "Simma FIT",
      "minutes": 3,
      "on_foot": true
     },
     {
      "category": "Парк",
      "category_id": 3,
      "name": "Flowers Garden парк",
      "minutes": 12,
      "on_foot": true
     },
     {
      "category": "Метро",
      "category_id": 1,
      "name": "Узгариш",
      "minutes": 12,
      "on_foot": true
     }
    ],
    "declared_retail_min": null,
    "declared_metro_min": 12,
    "area": "город",
    "source": "yangiuylar.uz",
    "url": "https://yangiuylar.uz/novostroyka/yangi-darhon-41",
    "coord_approx": false
   }
  },
  {
   "type": "Feature",
   "geometry": {
    "type": "Point",
    "coordinates": [
     69.210318,
     41.217574
    ]
   },
   "properties": {
    "yu_id": 234,
    "slug": "yangi-hayot-234",
    "name": "Yangi Hayot",
    "developer": "Modern City Construct",
    "developer_id": 156,
    "district": "Янгихаётский район",
    "address": "г. Ташкент, Янгихаетский район, Янгихает СГМ, улица Турсунзода",
    "completion": "2026",
    "completion_date": "2026-07-01",
    "year": 2026,
    "status": "done",
    "recent": true,
    "apartments": 2200,
    "floors": 16,
    "apartments_for_sale": null,
    "price_m2": 15000000,
    "price_min_m2": 15000000,
    "room_mix": {
     "1": 4,
     "2": 5
    },
    "is_commercial": false,
    "verified": true,
    "nearby": [
     {
      "category": "Парк",
      "category_id": 3,
      "name": "Сергелийский центральный парк",
      "minutes": 5,
      "on_foot": true
     },
     {
      "category": "Базар",
      "category_id": 4,
      "name": "Сергелийский фермерский рынок",
      "minutes": 5,
      "on_foot": true
     },
     {
      "category": "Фитнес",
      "category_id": 13,
      "name": "Simma FIT",
      "minutes": 7,
      "on_foot": true
     },
     {
      "category": "Аквапарк",
      "category_id": 5,
      "name": "Аквапарк Atlantis",
      "minutes": 3,
      "on_foot": true
     },
     {
      "category": "Выпечка",
      "category_id": 22,
      "name": "Safia",
      "minutes": 12,
      "on_foot": true
     },
     {
      "category": "Метро",
      "category_id": 1,
      "name": "Янги Хаёт",
      "minutes": 5,
      "on_foot": true
     }
    ],
    "declared_retail_min": 5,
    "declared_metro_min": 5,
    "area": "город",
    "source": "yangiuylar.uz",
    "url": "https://yangiuylar.uz/novostroyka/yangi-hayot-234",
    "coord_approx": false
   }
  },
  {
   "type": "Feature",
   "geometry": {
    "type": "Point",
    "coordinates": [
     69.197937,
     41.201144
    ]
   },
   "properties": {
    "yu_id": 166,
    "slug": "yangi-mahalla-166",
    "name": "Yangi Mahalla",
    "developer": "GC Group Industries",
    "developer_id": 113,
    "district": "Янгихаётский район",
    "address": "Янгихаётский район, махалля Олчазор , ул. Лутфикор дом 200-А",
    "completion": "2026",
    "completion_date": "2026-05-01",
    "year": 2026,
    "status": "done",
    "recent": true,
    "apartments": 13000,
    "floors": 16,
    "apartments_for_sale": null,
    "price_m2": null,
    "price_min_m2": null,
    "room_mix": {},
    "is_commercial": false,
    "verified": false,
    "nearby": [],
    "declared_retail_min": null,
    "declared_metro_min": null,
    "area": "город",
    "source": "yangiuylar.uz",
    "url": "https://yangiuylar.uz/novostroyka/yangi-mahalla-166",
    "coord_approx": false
   }
  },
  {
   "type": "Feature",
   "geometry": {
    "type": "Point",
    "coordinates": [
     69.219811,
     41.204006
    ]
   },
   "properties": {
    "yu_id": 55,
    "slug": "yangihayot-residence-55",
    "name": "Yangihayot Residence",
    "developer": "Kamol Construction",
    "developer_id": 27,
    "district": "Янгихаётский район",
    "address": "г. Ташкент, Янгиҳаёт Марказий 88",
    "completion": "2026",
    "completion_date": "2026-12-01",
    "year": 2026,
    "status": "building",
    "recent": true,
    "apartments": 2510,
    "floors": 12,
    "apartments_for_sale": null,
    "price_m2": 12000000,
    "price_min_m2": 11500000,
    "room_mix": {
     "1": 3,
     "2": 5,
     "3": 3
    },
    "is_commercial": false,
    "verified": false,
    "nearby": [
     {
      "category": "Аквапарк",
      "category_id": 5,
      "name": "Аквапарк Atlantis",
      "minutes": 8,
      "on_foot": true
     },
     {
      "category": "Маркет",
      "category_id": 6,
      "name": "Havas",
      "minutes": 4,
      "on_foot": true
     },
     {
      "category": "Маркет",
      "category_id": 6,
      "name": "Korzinka",
      "minutes": 6,
      "on_foot": true
     },
     {
      "category": "Парк",
      "category_id": 3,
      "name": "Солнечный Город",
      "minutes": 6,
      "on_foot": true
     },
     {
      "category": "Метро",
      "category_id": 1,
      "name": "5-я Станция",
      "minutes": 5,
      "on_foot": true
     }
    ],
    "declared_retail_min": 4,
    "declared_metro_min": 5,
    "area": "город",
    "source": "yangiuylar.uz",
    "url": "https://yangiuylar.uz/novostroyka/yangihayot-residence-55",
    "coord_approx": false
   }
  },
  {
   "type": "Feature",
   "geometry": {
    "type": "Point",
    "coordinates": [
     69.45364,
     41.317487
    ]
   },
   "properties": {
    "yu_id": 208,
    "slug": "alandalus-208",
    "name": "Alandalus",
    "developer": "Renaissance Building Company",
    "developer_id": 104,
    "district": "Яшнабадский район",
    "address": "Новый Ташкентский район, улица Берег ветров",
    "completion": "2026",
    "completion_date": "2026-12-01",
    "year": 2026,
    "status": "building",
    "recent": true,
    "apartments": 300,
    "floors": 10,
    "apartments_for_sale": null,
    "price_m2": 9600000,
    "price_min_m2": null,
    "room_mix": {},
    "is_commercial": false,
    "verified": true,
    "nearby": [
     {
      "category": "Маркет",
      "category_id": 6,
      "name": "Havas",
      "minutes": 15,
      "on_foot": true
     },
     {
      "category": "Выставочный центр",
      "category_id": 16,
      "name": "CAEX выставочный центр",
      "minutes": 13,
      "on_foot": true
     },
     {
      "category": "Город",
      "category_id": 15,
      "name": "Олимпийский городок",
      "minutes": 20,
      "on_foot": true
     },
     {
      "category": "Университет",
      "category_id": 14,
      "name": "AKFA Университет",
      "minutes": 13,
      "on_foot": true
     },
     {
      "category": "Парк",
      "category_id": 3,
      "name": "Парк новый Узбекистан",
      "minutes": 12,
      "on_foot": true
     }
    ],
    "declared_retail_min": 15,
    "declared_metro_min": null,
    "area": "город",
    "source": "yangiuylar.uz",
    "url": "https://yangiuylar.uz/novostroyka/alandalus-208",
    "coord_approx": false
   }
  },
  {
   "type": "Feature",
   "geometry": {
    "type": "Point",
    "coordinates": [
     69.341837,
     41.292237
    ]
   },
   "properties": {
    "yu_id": 253,
    "slug": "assalom-do'stlik-253",
    "name": "Assalom Do'stlik",
    "developer": "Golden House",
    "developer_id": 3,
    "district": "Яшнабадский район",
    "address": "г. Ташкент, Яшнабадский район, улица Корасув, 1",
    "completion": "2026",
    "completion_date": "2026-09-01",
    "year": 2026,
    "status": "done",
    "recent": true,
    "apartments": 536,
    "floors": 16,
    "apartments_for_sale": null,
    "price_m2": 16000000,
    "price_min_m2": null,
    "room_mix": {
     "1": 5,
     "2": 3,
     "3": 3
    },
    "is_commercial": false,
    "verified": false,
    "nearby": [
     {
      "category": "Парк",
      "category_id": 3,
      "name": "Дустлик парк",
      "minutes": 10,
      "on_foot": true
     },
     {
      "category": "Маркет",
      "category_id": 6,
      "name": "Korzinka",
      "minutes": 7,
      "on_foot": true
     },
     {
      "category": "Базар",
      "category_id": 4,
      "name": "Паркентский Рынок",
      "minutes": 11,
      "on_foot": true
     },
     {
      "category": "Выпечка",
      "category_id": 22,
      "name": "Safia",
      "minutes": 5,
      "on_foot": true
     },
     {
      "category": "Fast Food",
      "category_id": 25,
      "name": "Evos",
      "minutes": 3,
      "on_foot": true
     },
     {
      "category": "Метро",
      "category_id": 1,
      "name": "Яшнабад",
      "minutes": 5,
      "on_foot": true
     }
    ],
    "declared_retail_min": 7,
    "declared_metro_min": 5,
    "area": "город",
    "source": "yangiuylar.uz",
    "url": "https://yangiuylar.uz/novostroyka/assalom-do'stlik-253",
    "coord_approx": false
   }
  },
  {
   "type": "Feature",
   "geometry": {
    "type": "Point",
    "coordinates": [
     69.354737,
     41.282419
    ]
   },
   "properties": {
    "yu_id": 257,
    "slug": "assalom-havo-257",
    "name": "Assalom Havo",
    "developer": "Golden House",
    "developer_id": 3,
    "district": "Яшнабадский район",
    "address": "г. Ташкент, Яшнабадский район, Илтифот, дом 8",
    "completion": "2026",
    "completion_date": "2026-08-01",
    "year": 2026,
    "status": "done",
    "recent": true,
    "apartments": 480,
    "floors": 16,
    "apartments_for_sale": null,
    "price_m2": 11800000,
    "price_min_m2": null,
    "room_mix": {
     "1": 5,
     "2": 7
    },
    "is_commercial": false,
    "verified": false,
    "nearby": [
     {
      "category": "Базар",
      "category_id": 4,
      "name": "Янгиабадский базар",
      "minutes": 8,
      "on_foot": true
     },
     {
      "category": "Парк",
      "category_id": 3,
      "name": "Кока кола парк",
      "minutes": 8,
      "on_foot": true
     },
     {
      "category": "Парк",
      "category_id": 3,
      "name": "Гольф Клуб",
      "minutes": 10,
      "on_foot": true
     },
     {
      "category": "Fast Food",
      "category_id": 25,
      "name": "Oqtepa lavash",
      "minutes": 7,
      "on_foot": true
     },
     {
      "category": "Выпечка",
      "category_id": 22,
      "name": "Safia",
      "minutes": 7,
      "on_foot": true
     },
     {
      "category": "Спорт",
      "category_id": 24,
      "name": "Футбольное поле",
      "minutes": 6,
      "on_foot": true
     },
     {
      "category": "Метро",
      "category_id": 1,
      "name": "Алмас",
      "minutes": 5,
      "on_foot": true
     }
    ],
    "declared_retail_min": 8,
    "declared_metro_min": 5,
    "area": "город",
    "source": "yangiuylar.uz",
    "url": "https://yangiuylar.uz/novostroyka/assalom-havo-257",
    "coord_approx": false
   }
  },
  {
   "type": "Feature",
   "geometry": {
    "type": "Point",
    "coordinates": [
     69.308015,
     41.282851
    ]
   },
   "properties": {
    "yu_id": 84,
    "slug": "assalom-sohil-84",
    "name": "Assalom Sohil",
    "developer": "Golden House",
    "developer_id": 3,
    "district": "Яшнабадский район",
    "address": "г. Ташкент, Яшнабадский район ул, дом-27",
    "completion": "2025",
    "completion_date": "2025-12-01",
    "year": 2025,
    "status": "done",
    "recent": true,
    "apartments": 600,
    "floors": 16,
    "apartments_for_sale": null,
    "price_m2": 11500000,
    "price_min_m2": null,
    "room_mix": {
     "2": 6,
     "3": 5
    },
    "is_commercial": false,
    "verified": true,
    "nearby": [
     {
      "category": "Фитнес",
      "category_id": 13,
      "name": "Buka Fit",
      "minutes": 10,
      "on_foot": true
     },
     {
      "category": "Базар",
      "category_id": 4,
      "name": "Мирабадский рынок",
      "minutes": 9,
      "on_foot": true
     },
     {
      "category": "Парк",
      "category_id": 3,
      "name": "Ашхабад парк",
      "minutes": 11,
      "on_foot": true
     },
     {
      "category": "Парк",
      "category_id": 3,
      "name": "Парк Фуркат",
      "minutes": 5,
      "on_foot": true
     },
     {
      "category": "Маркет",
      "category_id": 6,
      "name": "Korzinka",
      "minutes": 5,
      "on_foot": true
     },
     {
      "category": "Метро",
      "category_id": 1,
      "name": "Ташкент",
      "minutes": 8,
      "on_foot": true
     }
    ],
    "declared_retail_min": 5,
    "declared_metro_min": 8,
    "area": "город",
    "source": "yangiuylar.uz",
    "url": "https://yangiuylar.uz/novostroyka/assalom-sohil-84",
    "coord_approx": false
   }
  },
  {
   "type": "Feature",
   "geometry": {
    "type": "Point",
    "coordinates": [
     69.35954,
     41.28954
    ]
   },
   "properties": {
    "yu_id": 329,
    "slug": "avalon-residence-329",
    "name": "Avalon Residence",
    "developer": "Avalon Residence",
    "developer_id": 205,
    "district": "Яшнабадский район",
    "address": "Яшнобод тумани, Охангарон шоссе, 32-уй",
    "completion": "2028",
    "completion_date": "2028-07-31",
    "year": 2028,
    "status": "building",
    "recent": true,
    "apartments": 268,
    "floors": 12,
    "apartments_for_sale": 206,
    "price_m2": 12000000,
    "price_min_m2": null,
    "room_mix": {},
    "is_commercial": false,
    "verified": false,
    "nearby": [],
    "declared_retail_min": null,
    "declared_metro_min": null,
    "area": "город",
    "source": "yangiuylar.uz",
    "url": "https://yangiuylar.uz/novostroyka/avalon-residence-329",
    "coord_approx": false
   }
  },
  {
   "type": "Feature",
   "geometry": {
    "type": "Point",
    "coordinates": [
     69.334381,
     41.292481
    ]
   },
   "properties": {
    "yu_id": 331,
    "slug": "aviapark-331",
    "name": "Aviapark",
    "developer": "DN Group",
    "developer_id": 207,
    "district": "Яшнабадский район",
    "address": "город Ташкент, Яшнабадский район, улица Авиасозлар, 22",
    "completion": "2027",
    "completion_date": "2027-09-10",
    "year": 2027,
    "status": "building",
    "recent": true,
    "apartments": 488,
    "floors": 16,
    "apartments_for_sale": 100,
    "price_m2": 14900000,
    "price_min_m2": 14900000,
    "room_mix": {
     "1": 1,
     "2": 2,
     "3": 3,
     "4+": 2
    },
    "is_commercial": false,
    "verified": false,
    "nearby": [
     {
      "category": "Метро",
      "category_id": 1,
      "name": "Дустлик",
      "minutes": 5,
      "on_foot": true
     },
     {
      "category": "Метро",
      "category_id": 1,
      "name": "Яшнабад",
      "minutes": 7,
      "on_foot": true
     },
     {
      "category": "Парк",
      "category_id": 3,
      "name": "Ашхабад парк",
      "minutes": 10,
      "on_foot": true
     },
     {
      "category": "Маркет",
      "category_id": 6,
      "name": "Барака",
      "minutes": 7,
      "on_foot": true
     },
     {
      "category": "Маркет",
      "category_id": 6,
      "name": "Korzinka",
      "minutes": 5,
      "on_foot": true
     }
    ],
    "declared_retail_min": 5,
    "declared_metro_min": 5,
    "area": "город",
    "source": "yangiuylar.uz",
    "url": "https://yangiuylar.uz/novostroyka/aviapark-331",
    "coord_approx": false
   }
  },
  {
   "type": "Feature",
   "geometry": {
    "type": "Point",
    "coordinates": [
     69.345727,
     41.283056
    ]
   },
   "properties": {
    "yu_id": 68,
    "slug": "aviasozlar-plaza-68",
    "name": "Aviasozlar Plaza",
    "developer": "Dreamland Development",
    "developer_id": 38,
    "district": "Яшнабадский район",
    "address": "г. Ташкент, Яшнабадский район, улица Бешарик,",
    "completion": "2023",
    "completion_date": "2023-12-20",
    "year": 2023,
    "status": "done",
    "recent": true,
    "apartments": 187,
    "floors": 12,
    "apartments_for_sale": null,
    "price_m2": 12000000,
    "price_min_m2": 12000000,
    "room_mix": {
     "1": 2,
     "2": 5,
     "3": 7,
     "4+": 1
    },
    "is_commercial": false,
    "verified": false,
    "nearby": [
     {
      "category": "Парк",
      "category_id": 3,
      "name": "Ашхабад парк",
      "minutes": 15,
      "on_foot": true
     },
     {
      "category": "Маркет",
      "category_id": 6,
      "name": "Korzinka",
      "minutes": 5,
      "on_foot": true
     },
     {
      "category": "Метро",
      "category_id": 1,
      "name": "Тузель (3-я станция)",
      "minutes": 7,
      "on_foot": true
     }
    ],
    "declared_retail_min": 5,
    "declared_metro_min": 7,
    "area": "город",
    "source": "yangiuylar.uz",
    "url": "https://yangiuylar.uz/novostroyka/aviasozlar-plaza-68",
    "coord_approx": false
   }
  },
  {
   "type": "Feature",
   "geometry": {
    "type": "Point",
    "coordinates": [
     69.30653,
     41.283044
    ]
   },
   "properties": {
    "yu_id": 160,
    "slug": "san'at-160",
    "name": "BI San'at",
    "developer": "NRG-BI",
    "developer_id": 200,
    "district": "Яшнабадский район",
    "address": "г. Ташкент, Яшнабадский район, улица Фергана йули, 27/3",
    "completion": "2026",
    "completion_date": "2026-07-25",
    "year": 2026,
    "status": "done",
    "recent": true,
    "apartments": 440,
    "floors": 16,
    "apartments_for_sale": null,
    "price_m2": 15000000,
    "price_min_m2": null,
    "room_mix": {
     "1": 3,
     "2": 2,
     "3": 4
    },
    "is_commercial": false,
    "verified": false,
    "nearby": [
     {
      "category": "Ресторан",
      "category_id": 20,
      "name": "Bon!",
      "minutes": 10,
      "on_foot": true
     },
     {
      "category": "Университет",
      "category_id": 14,
      "name": "Westminister",
      "minutes": 12,
      "on_foot": true
     },
     {
      "category": "Парк",
      "category_id": 3,
      "name": "Парк Фуркат",
      "minutes": 7,
      "on_foot": true
     },
     {
      "category": "Маркет",
      "category_id": 6,
      "name": "Havas",
      "minutes": 7,
      "on_foot": true
     },
     {
      "category": "Выпечка",
      "category_id": 22,
      "name": "Safia",
      "minutes": 2,
      "on_foot": true
     },
     {
      "category": "Метро",
      "category_id": 1,
      "name": "Ташкент",
      "minutes": 6,
      "on_foot": true
     }
    ],
    "declared_retail_min": 7,
    "declared_metro_min": 6,
    "area": "город",
    "source": "yangiuylar.uz",
    "url": "https://yangiuylar.uz/novostroyka/san'at-160",
    "coord_approx": false
   }
  },
  {
   "type": "Feature",
   "geometry": {
    "type": "Point",
    "coordinates": [
     69.362302,
     41.275083
    ]
   },
   "properties": {
    "yu_id": 240,
    "slug": "blue-bay-house-240",
    "name": "Blue Bay House",
    "developer": "Blue Bay House ",
    "developer_id": 160,
    "district": "Яшнабадский район",
    "address": "г. Ташкент, Яшнабадский район, Ахангаранское шоссе, махалля Бирлашган",
    "completion": "2026",
    "completion_date": "2026-01-01",
    "year": 2026,
    "status": "done",
    "recent": true,
    "apartments": 182,
    "floors": 16,
    "apartments_for_sale": null,
    "price_m2": 9800000,
    "price_min_m2": null,
    "room_mix": {
     "2": 6,
     "3": 4,
     "4+": 1
    },
    "is_commercial": false,
    "verified": false,
    "nearby": [
     {
      "category": "Выставочный центр",
      "category_id": 16,
      "name": "Дворец Корейской Культуры и Искусств",
      "minutes": 2,
      "on_foot": true
     },
     {
      "category": "Базар",
      "category_id": 4,
      "name": "Паркентский Рынок",
      "minutes": 11,
      "on_foot": true
     },
     {
      "category": "Парк",
      "category_id": 3,
      "name": "Парк Наврўз",
      "minutes": 12,
      "on_foot": true
     },
     {
      "category": "Выпечка",
      "category_id": 22,
      "name": "Safia",
      "minutes": 9,
      "on_foot": true
     },
     {
      "category": "Маркет",
      "category_id": 6,
      "name": "Korzinka",
      "minutes": 7,
      "on_foot": true
     },
     {
      "category": "Метро",
      "category_id": 1,
      "name": "Алмас",
      "minutes": 4,
      "on_foot": true
     }
    ],
    "declared_retail_min": 7,
    "declared_metro_min": 4,
    "area": "город",
    "source": "yangiuylar.uz",
    "url": "https://yangiuylar.uz/novostroyka/blue-bay-house-240",
    "coord_approx": false
   }
  },
  {
   "type": "Feature",
   "geometry": {
    "type": "Point",
    "coordinates": [
     69.326368,
     41.262548
    ]
   },
   "properties": {
    "yu_id": 132,
    "slug": "bunyodkor-132",
    "name": "Bunyodkor",
    "developer": "New Modern House",
    "developer_id": 85,
    "district": "Яшнабадский район",
    "address": "Яшнобадский район, Бунёдкор МФЙ, улица муйнак 88-дом.",
    "completion": "2027",
    "completion_date": "2027-09-10",
    "year": 2027,
    "status": "building",
    "recent": true,
    "apartments": 380,
    "floors": 8,
    "apartments_for_sale": null,
    "price_m2": 7000000,
    "price_min_m2": null,
    "room_mix": {
     "1": 2,
     "2": 2,
     "3": 2
    },
    "is_commercial": false,
    "verified": false,
    "nearby": [
     {
      "category": "Маркет",
      "category_id": 6,
      "name": "Korzinka",
      "minutes": 8,
      "on_foot": true
     },
     {
      "category": "Торговый центр",
      "category_id": 2,
      "name": "Compass",
      "minutes": 10,
      "on_foot": true
     },
     {
      "category": "Международный Аэропорт",
      "category_id": 10,
      "name": "Международный Аэропорт",
      "minutes": 13,
      "on_foot": true
     },
     {
      "category": "Маркет",
      "category_id": 6,
      "name": "Havas",
      "minutes": 7,
      "on_foot": true
     },
     {
      "category": "Метро",
      "category_id": 1,
      "name": "Янгиабад (6-я станция)",
      "minutes": 10,
      "on_foot": true
     }
    ],
    "declared_retail_min": 7,
    "declared_metro_min": 10,
    "area": "город",
    "source": "yangiuylar.uz",
    "url": "https://yangiuylar.uz/novostroyka/bunyodkor-132",
    "coord_approx": false
   }
  },
  {
   "type": "Feature",
   "geometry": {
    "type": "Point",
    "coordinates": [
     69.305898,
     41.314367
    ]
   },
   "properties": {
    "yu_id": 126,
    "slug": "darkhan-avenue-126",
    "name": "Darkhan Avenue",
    "developer": "Darkhan Avenue",
    "developer_id": 81,
    "district": "Яшнабадский район",
    "address": "г. Ташкент, Яшнабадский район, улица Паркент-2, дом 21А",
    "completion": "2025",
    "completion_date": "2025-03-25",
    "year": 2025,
    "status": "done",
    "recent": true,
    "apartments": 220,
    "floors": 12,
    "apartments_for_sale": null,
    "price_m2": 26000000,
    "price_min_m2": null,
    "room_mix": {
     "2": 3,
     "3": 1,
     "4+": 1
    },
    "is_commercial": false,
    "verified": false,
    "nearby": [
     {
      "category": "Фитнес",
      "category_id": 13,
      "name": "Buka Fit",
      "minutes": 10,
      "on_foot": true
     },
     {
      "category": "Парк",
      "category_id": 3,
      "name": "Ашхабад парк",
      "minutes": 3,
      "on_foot": true
     },
     {
      "category": "Базар",
      "category_id": 4,
      "name": "Алайский рынок",
      "minutes": 10,
      "on_foot": true
     },
     {
      "category": "Маркет",
      "category_id": 6,
      "name": "Korzinka",
      "minutes": 4,
      "on_foot": true
     },
     {
      "category": "Парк",
      "category_id": 3,
      "name": "Парк Бабура",
      "minutes": 4,
      "on_foot": true
     },
     {
      "category": "Метро",
      "category_id": 1,
      "name": "Хамид Алимджан",
      "minutes": 5,
      "on_foot": true
     }
    ],
    "declared_retail_min": 4,
    "declared_metro_min": 5,
    "area": "город",
    "source": "yangiuylar.uz",
    "url": "https://yangiuylar.uz/novostroyka/darkhan-avenue-126",
    "coord_approx": false
   }
  },
  {
   "type": "Feature",
   "geometry": {
    "type": "Point",
    "coordinates": [
     69.316226,
     41.289073
    ]
   },
   "properties": {
    "yu_id": 185,
    "slug": "dreamland-do'stlik-185",
    "name": "Dreamland Do'stlik",
    "developer": "Dreamland Development",
    "developer_id": 38,
    "district": "Яшнабадский район",
    "address": "г.Ташкент, Яшнабадский район, проезд Ош, 29",
    "completion": "2026",
    "completion_date": "2026-11-30",
    "year": 2026,
    "status": "building",
    "recent": true,
    "apartments": 143,
    "floors": 13,
    "apartments_for_sale": null,
    "price_m2": 13200000,
    "price_min_m2": null,
    "room_mix": {
     "1": 2,
     "2": 5,
     "3": 1
    },
    "is_commercial": false,
    "verified": false,
    "nearby": [
     {
      "category": "Маркет",
      "category_id": 6,
      "name": "Havas",
      "minutes": 13,
      "on_foot": true
     },
     {
      "category": "Университет",
      "category_id": 14,
      "name": "Университет Мировой Экономики и Дипломатии",
      "minutes": 13,
      "on_foot": true
     },
     {
      "category": "Фитнес",
      "category_id": 13,
      "name": "Befit",
      "minutes": 9,
      "on_foot": true
     },
     {
      "category": "Метро",
      "category_id": 1,
      "name": "Дустлик",
      "minutes": 12,
      "on_foot": true
     }
    ],
    "declared_retail_min": 13,
    "declared_metro_min": 12,
    "area": "город",
    "source": "yangiuylar.uz",
    "url": "https://yangiuylar.uz/novostroyka/dreamland-do'stlik-185",
    "coord_approx": false
   }
  },
  {
   "type": "Feature",
   "geometry": {
    "type": "Point",
    "coordinates": [
     69.347604,
     41.304777
    ]
   },
   "properties": {
    "yu_id": 105,
    "slug": "dreamland-parkent-105",
    "name": "Dreamland Parkent",
    "developer": "Dreamland Development",
    "developer_id": 38,
    "district": "Яшнабадский район",
    "address": "г. Ташкент, Яшнабадский район, улица Паркент",
    "completion": "2026",
    "completion_date": "2026-11-30",
    "year": 2026,
    "status": "building",
    "recent": true,
    "apartments": 600,
    "floors": 13,
    "apartments_for_sale": 150,
    "price_m2": 14800000,
    "price_min_m2": 14800000,
    "room_mix": {
     "1": 3,
     "2": 7,
     "3": 5
    },
    "is_commercial": false,
    "verified": true,
    "nearby": [
     {
      "category": "Парк",
      "category_id": 3,
      "name": "Ашхабад парк",
      "minutes": 8,
      "on_foot": true
     },
     {
      "category": "Базар",
      "category_id": 4,
      "name": "Паркентский Рынок",
      "minutes": 8,
      "on_foot": true
     },
     {
      "category": "Парк",
      "category_id": 3,
      "name": "Парк новый Узбекистан",
      "minutes": 15,
      "on_foot": true
     },
     {
      "category": "Маркет",
      "category_id": 6,
      "name": "Korzinka",
      "minutes": 5,
      "on_foot": true
     },
     {
      "category": "Метро",
      "category_id": 1,
      "name": "Яшнабад",
      "minutes": 2,
      "on_foot": true
     }
    ],
    "declared_retail_min": 5,
    "declared_metro_min": 2,
    "area": "город",
    "source": "yangiuylar.uz",
    "url": "https://yangiuylar.uz/novostroyka/dreamland-parkent-105",
    "coord_approx": false
   }
  },
  {
   "type": "Feature",
   "geometry": {
    "type": "Point",
    "coordinates": [
     69.340486,
     41.300052
    ]
   },
   "properties": {
    "yu_id": 327,
    "slug": "eman-riverside-327",
    "name": "Eman Riverside",
    "developer": "Eman Residence",
    "developer_id": 203,
    "district": "Яшнабадский район",
    "address": "ул. Карасу, 43",
    "completion": "2026",
    "completion_date": "2026-12-31",
    "year": 2026,
    "status": "building",
    "recent": true,
    "apartments": 565,
    "floors": 16,
    "apartments_for_sale": 565,
    "price_m2": 15000000,
    "price_min_m2": 15000000,
    "room_mix": {
     "1": 4
    },
    "is_commercial": false,
    "verified": false,
    "nearby": [],
    "declared_retail_min": null,
    "declared_metro_min": null,
    "area": "город",
    "source": "yangiuylar.uz",
    "url": "https://yangiuylar.uz/novostroyka/eman-riverside-327",
    "coord_approx": false
   }
  },
  {
   "type": "Feature",
   "geometry": {
    "type": "Point",
    "coordinates": [
     69.32009,
     41.313626
    ]
   },
   "properties": {
    "yu_id": 52,
    "slug": "gorod-52",
    "name": "Gorod",
    "developer": "Mirador Group ",
    "developer_id": 25,
    "district": "Яшнабадский район",
    "address": "г. Ташкент, Яшнабадский р-н, Мавлоно Риёзий 2",
    "completion": "2025",
    "completion_date": "2025-12-01",
    "year": 2025,
    "status": "done",
    "recent": true,
    "apartments": 160,
    "floors": 10,
    "apartments_for_sale": null,
    "price_m2": 15500000,
    "price_min_m2": 11895000,
    "room_mix": {
     "1": 4,
     "2": 4,
     "3": 6
    },
    "is_commercial": false,
    "verified": true,
    "nearby": [
     {
      "category": "Маркет",
      "category_id": 6,
      "name": "Korzinka",
      "minutes": 5,
      "on_foot": true
     },
     {
      "category": "Парк",
      "category_id": 3,
      "name": "Эко Парк",
      "minutes": 16,
      "on_foot": true
     },
     {
      "category": "Парк",
      "category_id": 3,
      "name": "Ашхабад парк",
      "minutes": 8,
      "on_foot": true
     },
     {
      "category": "Базар",
      "category_id": 4,
      "name": "Паркентский Рынок",
      "minutes": 5,
      "on_foot": true
     },
     {
      "category": "Метро",
      "category_id": 1,
      "name": "Пушкинская",
      "minutes": 6,
      "on_foot": true
     }
    ],
    "declared_retail_min": 5,
    "declared_metro_min": 6,
    "area": "город",
    "source": "yangiuylar.uz",
    "url": "https://yangiuylar.uz/novostroyka/gorod-52",
    "coord_approx": false
   }
  },
  {
   "type": "Feature",
   "geometry": {
    "type": "Point",
    "coordinates": [
     69.323079,
     41.304263
    ]
   },
   "properties": {
    "yu_id": 252,
    "slug": "harizma-252",
    "name": "Harizma",
    "developer": "Golden House",
    "developer_id": 3,
    "district": "Яшнабадский район",
    "address": "г. Ташкент, Яшнабадский район, улица Махтумкули, 136",
    "completion": "2027",
    "completion_date": "2027-07-01",
    "year": 2027,
    "status": "building",
    "recent": true,
    "apartments": 623,
    "floors": 16,
    "apartments_for_sale": null,
    "price_m2": 18000000,
    "price_min_m2": null,
    "room_mix": {
     "1": 3,
     "2": 7
    },
    "is_commercial": false,
    "verified": false,
    "nearby": [
     {
      "category": "Парк",
      "category_id": 3,
      "name": "Ашхабад парк",
      "minutes": 7,
      "on_foot": true
     },
     {
      "category": "Базар",
      "category_id": 4,
      "name": "Паркентский Рынок",
      "minutes": 10,
      "on_foot": true
     },
     {
      "category": "Клиника",
      "category_id": 11,
      "name": "Shox International Hospital",
      "minutes": 1,
      "on_foot": true
     },
     {
      "category": "Банк",
      "category_id": 23,
      "name": "Kapital Bank",
      "minutes": 2,
      "on_foot": true
     },
     {
      "category": "Маркет",
      "category_id": 6,
      "name": "Makro",
      "minutes": 2,
      "on_foot": true
     },
     {
      "category": "Метро",
      "category_id": 1,
      "name": "Яшнабад",
      "minutes": 5,
      "on_foot": true
     }
    ],
    "declared_retail_min": 2,
    "declared_metro_min": 5,
    "area": "город",
    "source": "yangiuylar.uz",
    "url": "https://yangiuylar.uz/novostroyka/harizma-252",
    "coord_approx": false
   }
  },
  {
   "type": "Feature",
   "geometry": {
    "type": "Point",
    "coordinates": [
     69.308339,
     41.304486
    ]
   },
   "properties": {
    "yu_id": 290,
    "slug": "livingood-290",
    "name": "Livingood",
    "developer": "NovaStroy",
    "developer_id": 71,
    "district": "Яшнабадский район",
    "address": "г. Ташкент, Яшнабадский район, улица Махтумкули, 96/1",
    "completion": "2025",
    "completion_date": "2025-12-31",
    "year": 2025,
    "status": "done",
    "recent": true,
    "apartments": 126,
    "floors": 14,
    "apartments_for_sale": null,
    "price_m2": 23000000,
    "price_min_m2": null,
    "room_mix": {},
    "is_commercial": false,
    "verified": false,
    "nearby": [
     {
      "category": "Фитнес",
      "category_id": 13,
      "name": "Befit",
      "minutes": 5,
      "on_foot": true
     },
     {
      "category": "Университет",
      "category_id": 14,
      "name": "Westminister",
      "minutes": 8,
      "on_foot": true
     },
     {
      "category": "Парк",
      "category_id": 3,
      "name": "Эко Парк",
      "minutes": 5,
      "on_foot": true
     },
     {
      "category": "Парк",
      "category_id": 3,
      "name": "Парк Наврўз",
      "minutes": 3,
      "on_foot": true
     },
     {
      "category": "Маркет",
      "category_id": 6,
      "name": "Makro",
      "minutes": 2,
      "on_foot": true
     },
     {
      "category": "Метро",
      "category_id": 1,
      "name": "Машинасозлар",
      "minutes": 4,
      "on_foot": true
     }
    ],
    "declared_retail_min": 2,
    "declared_metro_min": 4,
    "area": "город",
    "source": "yangiuylar.uz",
    "url": "https://yangiuylar.uz/novostroyka/livingood-290",
    "coord_approx": false
   }
  },
  {
   "type": "Feature",
   "geometry": {
    "type": "Point",
    "coordinates": [
     69.34764,
     41.304797
    ]
   },
   "properties": {
    "yu_id": 129,
    "slug": "muhabbat-shahri-129",
    "name": "Muhabbat shahri",
    "developer": "Xon Saroy",
    "developer_id": 24,
    "district": "Яшнабадский район",
    "address": "Город Ташкент, Яшнабадский район, ул. Паркентская, 327 б",
    "completion": "2027",
    "completion_date": "2027-12-31",
    "year": 2027,
    "status": "building",
    "recent": true,
    "apartments": 4512,
    "floors": 16,
    "apartments_for_sale": null,
    "price_m2": 13325000,
    "price_min_m2": null,
    "room_mix": {
     "1": 5,
     "2": 4
    },
    "is_commercial": false,
    "verified": false,
    "nearby": [
     {
      "category": "Парк",
      "category_id": 3,
      "name": "Парк Бабура",
      "minutes": 11,
      "on_foot": true
     },
     {
      "category": "Парк",
      "category_id": 3,
      "name": "Парк новый Узбекистан",
      "minutes": 13,
      "on_foot": true
     },
     {
      "category": "Мечеть",
      "category_id": 9,
      "name": "Мечеть Олтин тепа",
      "minutes": 10,
      "on_foot": true
     },
     {
      "category": "Маркет",
      "category_id": 6,
      "name": "Korzinka",
      "minutes": 4,
      "on_foot": true
     },
     {
      "category": "Метро",
      "category_id": 1,
      "name": "Яшнабад",
      "minutes": 5,
      "on_foot": true
     }
    ],
    "declared_retail_min": 4,
    "declared_metro_min": 5,
    "area": "город",
    "source": "yangiuylar.uz",
    "url": "https://yangiuylar.uz/novostroyka/muhabbat-shahri-129",
    "coord_approx": false
   }
  },
  {
   "type": "Feature",
   "geometry": {
    "type": "Point",
    "coordinates": [
     69.36798,
     41.267467
    ]
   },
   "properties": {
    "yu_id": 321,
    "slug": "nrg-yangi-baxt-321",
    "name": "NRG Yangi Baxt",
    "developer": "NRG-BI",
    "developer_id": 200,
    "district": "Яшнабадский район",
    "address": "г. Ташкент, Яшнабадский район, Олмос МСГ, проспект Ахангаран, 120",
    "completion": "2027",
    "completion_date": "2027-02-20",
    "year": 2027,
    "status": "building",
    "recent": true,
    "apartments": 243,
    "floors": 16,
    "apartments_for_sale": null,
    "price_m2": 11031680,
    "price_min_m2": 11031680,
    "room_mix": {
     "1": 3,
     "2": 6,
     "3": 4
    },
    "is_commercial": false,
    "verified": false,
    "nearby": [
     {
      "category": "Парк",
      "category_id": 3,
      "name": "Гольф Клуб",
      "minutes": 8,
      "on_foot": true
     },
     {
      "category": "Базар",
      "category_id": 4,
      "name": "Янгиабадский базар",
      "minutes": 3,
      "on_foot": true
     },
     {
      "category": "Парк",
      "category_id": 3,
      "name": "Кока кола парк",
      "minutes": 4,
      "on_foot": true
     },
     {
      "category": "Метро",
      "category_id": 1,
      "name": "Рохат",
      "minutes": 5,
      "on_foot": true
     }
    ],
    "declared_retail_min": 3,
    "declared_metro_min": 5,
    "area": "город",
    "source": "yangiuylar.uz",
    "url": "https://yangiuylar.uz/novostroyka/nrg-yangi-baxt-321",
    "coord_approx": false
   }
  },
  {
   "type": "Feature",
   "geometry": {
    "type": "Point",
    "coordinates": [
     69.356372,
     41.25577
    ]
   },
   "properties": {
    "yu_id": 322,
    "slug": "nrg-zamon-322",
    "name": "NRG Zamon",
    "developer": "NRG-BI",
    "developer_id": 200,
    "district": "Яшнабадский район",
    "address": "г. Ташкент, Яшнабадский район",
    "completion": "2026",
    "completion_date": "2026-11-13",
    "year": 2026,
    "status": "building",
    "recent": true,
    "apartments": 450,
    "floors": 12,
    "apartments_for_sale": null,
    "price_m2": 12000000,
    "price_min_m2": 11000000,
    "room_mix": {
     "1": 4,
     "2": 6,
     "3": 4,
     "4+": 4
    },
    "is_commercial": false,
    "verified": false,
    "nearby": [
     {
      "category": "Парк",
      "category_id": 3,
      "name": "Кока кола парк",
      "minutes": 6,
      "on_foot": true
     },
     {
      "category": "Торговый центр",
      "category_id": 2,
      "name": "Compass",
      "minutes": 6,
      "on_foot": true
     },
     {
      "category": "Базар",
      "category_id": 4,
      "name": "Янгиабадский базар",
      "minutes": 5,
      "on_foot": true
     },
     {
      "category": "Метро",
      "category_id": 1,
      "name": "Янгиабад (6-я станция)",
      "minutes": 2,
      "on_foot": true
     }
    ],
    "declared_retail_min": 5,
    "declared_metro_min": 2,
    "area": "город",
    "source": "yangiuylar.uz",
    "url": "https://yangiuylar.uz/novostroyka/nrg-zamon-322",
    "coord_approx": false
   }
  },
  {
   "type": "Feature",
   "geometry": {
    "type": "Point",
    "coordinates": [
     69.307351,
     41.281938
    ]
   },
   "properties": {
    "yu_id": 260,
    "slug": "o'z-zamin-260",
    "name": "O'z Zamin",
    "developer": "Golden House",
    "developer_id": 3,
    "district": "Яшнабадский район",
    "address": "г. Ташкент, Яшнабадский район, Фаргона йули, дом 4, №5.2",
    "completion": "2025",
    "completion_date": "2025-12-01",
    "year": 2025,
    "status": "done",
    "recent": true,
    "apartments": 716,
    "floors": 15,
    "apartments_for_sale": null,
    "price_m2": 14000000,
    "price_min_m2": null,
    "room_mix": {
     "1": 3,
     "2": 8,
     "3": 5
    },
    "is_commercial": false,
    "verified": false,
    "nearby": [
     {
      "category": "Университет",
      "category_id": 14,
      "name": "Westminister",
      "minutes": 8,
      "on_foot": true
     },
     {
      "category": "Рынок",
      "category_id": 12,
      "name": "Мирабадский рынок",
      "minutes": 9,
      "on_foot": true
     },
     {
      "category": "Фитнес",
      "category_id": 13,
      "name": "Befit",
      "minutes": 8,
      "on_foot": true
     },
     {
      "category": "Выпечка",
      "category_id": 22,
      "name": "Safia",
      "minutes": 7,
      "on_foot": true
     },
     {
      "category": "Маркет",
      "category_id": 6,
      "name": "Korzinka",
      "minutes": 5,
      "on_foot": true
     },
     {
      "category": "Метро",
      "category_id": 1,
      "name": "Машинасозлар",
      "minutes": 10,
      "on_foot": true
     }
    ],
    "declared_retail_min": 5,
    "declared_metro_min": 10,
    "area": "город",
    "source": "yangiuylar.uz",
    "url": "https://yangiuylar.uz/novostroyka/o'z-zamin-260",
    "coord_approx": false
   }
  },
  {
   "type": "Feature",
   "geometry": {
    "type": "Point",
    "coordinates": [
     69.307665,
     41.279979
    ]
   },
   "properties": {
    "yu_id": 120,
    "slug": "ofiyat-residence-120",
    "name": "Ofiyat Residence",
    "developer": "Kayan Development",
    "developer_id": 75,
    "district": "Яшнабадский район",
    "address": "г.Ташкент, Яшнабадский район, улица Фергана йули  33,35",
    "completion": "2026",
    "completion_date": "2026-12-01",
    "year": 2026,
    "status": "building",
    "recent": true,
    "apartments": 416,
    "floors": 15,
    "apartments_for_sale": 60,
    "price_m2": null,
    "price_min_m2": null,
    "room_mix": {},
    "is_commercial": false,
    "verified": true,
    "nearby": [
     {
      "category": "Парк",
      "category_id": 3,
      "name": "Ашхабад парк",
      "minutes": 14,
      "on_foot": true
     },
     {
      "category": "Маркет",
      "category_id": 6,
      "name": "Korzinka",
      "minutes": 6,
      "on_foot": true
     },
     {
      "category": "Международный Аэропорт",
      "category_id": 10,
      "name": "Международный Аэропорт",
      "minutes": 13,
      "on_foot": true
     },
     {
      "category": "Метро",
      "category_id": 1,
      "name": "Ташкент",
      "minutes": 10,
      "on_foot": true
     }
    ],
    "declared_retail_min": 6,
    "declared_metro_min": 10,
    "area": "город",
    "source": "yangiuylar.uz",
    "url": "https://yangiuylar.uz/novostroyka/ofiyat-residence-120",
    "coord_approx": false
   }
  },
  {
   "type": "Feature",
   "geometry": {
    "type": "Point",
    "coordinates": [
     69.362049,
     41.276489
    ]
   },
   "properties": {
    "yu_id": 277,
    "slug": "olmos-residence-2-277",
    "name": "Olmos Residence 2",
    "developer": "Grand Impex Line",
    "developer_id": 182,
    "district": "Яшнабадский район",
    "address": "г. Ташкент, Яшнабадский район, Ахангаранское шоссе, улица Яккатол, 3-й проезд, дом 38.",
    "completion": "2026",
    "completion_date": "2026-09-01",
    "year": 2026,
    "status": "done",
    "recent": true,
    "apartments": 845,
    "floors": 16,
    "apartments_for_sale": null,
    "price_m2": 7400000,
    "price_min_m2": 7400000,
    "room_mix": {
     "2": 9,
     "3": 5,
     "4+": 1
    },
    "is_commercial": false,
    "verified": true,
    "nearby": [
     {
      "category": "Фитнес",
      "category_id": 13,
      "name": "Chekhov Sport Clubs",
      "minutes": 12,
      "on_foot": true
     },
     {
      "category": "Базар",
      "category_id": 4,
      "name": "Янгиабадский базар",
      "minutes": 8,
      "on_foot": true
     },
     {
      "category": "Выставочный центр",
      "category_id": 16,
      "name": "Дворец Корейской Культуры и Искусств",
      "minutes": 7,
      "on_foot": true
     },
     {
      "category": "Маркет",
      "category_id": 6,
      "name": "Korzinka",
      "minutes": 6,
      "on_foot": true
     },
     {
      "category": "Спорт",
      "category_id": 24,
      "name": "Футбольное поле",
      "minutes": 10,
      "on_foot": true
     },
     {
      "category": "Метро",
      "category_id": 1,
      "name": "Алмас",
      "minutes": 6,
      "on_foot": true
     }
    ],
    "declared_retail_min": 6,
    "declared_metro_min": 6,
    "area": "город",
    "source": "yangiuylar.uz",
    "url": "https://yangiuylar.uz/novostroyka/olmos-residence-2-277",
    "coord_approx": false
   }
  },
  {
   "type": "Feature",
   "geometry": {
    "type": "Point",
    "coordinates": [
     69.327383,
     41.310433
    ]
   },
   "properties": {
    "yu_id": 193,
    "slug": "parkent-gardens-193",
    "name": "Parkent Gardens",
    "developer": "Parkent Development",
    "developer_id": 131,
    "district": "Яшнабадский район",
    "address": "г. Ташкент , Яшнабадский район , Улица Сандикли ,52",
    "completion": "2026",
    "completion_date": "2026-11-30",
    "year": 2026,
    "status": "building",
    "recent": true,
    "apartments": 360,
    "floors": 9,
    "apartments_for_sale": 49,
    "price_m2": 14000000,
    "price_min_m2": null,
    "room_mix": {
     "1": 2,
     "2": 6,
     "3": 5
    },
    "is_commercial": false,
    "verified": false,
    "nearby": [
     {
      "category": "Метро",
      "category_id": 1,
      "name": "Буюк Ипак Йули",
      "minutes": 7,
      "on_foot": true
     },
     {
      "category": "Университет",
      "category_id": 14,
      "name": "Университет Мировой Экономики и Дипломатии",
      "minutes": 10,
      "on_foot": true
     },
     {
      "category": "Ресторан",
      "category_id": 20,
      "name": "Retro Milliy",
      "minutes": 7,
      "on_foot": true
     },
     {
      "category": "Выпечка",
      "category_id": 22,
      "name": "Safia",
      "minutes": 4,
      "on_foot": true
     },
     {
      "category": "Банк",
      "category_id": 23,
      "name": "Asia Alliance Bank",
      "minutes": 8,
      "on_foot": true
     }
    ],
    "declared_retail_min": null,
    "declared_metro_min": 7,
    "area": "город",
    "source": "yangiuylar.uz",
    "url": "https://yangiuylar.uz/novostroyka/parkent-gardens-193",
    "coord_approx": false
   }
  },
  {
   "type": "Feature",
   "geometry": {
    "type": "Point",
    "coordinates": [
     69.364061,
     41.265463
    ]
   },
   "properties": {
    "yu_id": 250,
    "slug": "ramazon-250",
    "name": "Ramazon",
    "developer": "Xon Saroy",
    "developer_id": 24,
    "district": "Яшнабадский район",
    "address": "г. Ташкент, Яшнабадский район, улица Хонободтепа, рядом метро 5-бекат",
    "completion": "2028",
    "completion_date": "2028-04-01",
    "year": 2028,
    "status": "building",
    "recent": true,
    "apartments": 370,
    "floors": 10,
    "apartments_for_sale": null,
    "price_m2": 15600000,
    "price_min_m2": null,
    "room_mix": {
     "2": 8,
     "3": 2
    },
    "is_commercial": false,
    "verified": false,
    "nearby": [
     {
      "category": "Парк",
      "category_id": 3,
      "name": "Сергелийский центральный парк",
      "minutes": 10,
      "on_foot": true
     },
     {
      "category": "Аквапарк",
      "category_id": 5,
      "name": "Аквапарк Atlantis",
      "minutes": 9,
      "on_foot": true
     },
     {
      "category": "Базар",
      "category_id": 4,
      "name": "Сергелийский фермерский рынок",
      "minutes": 10,
      "on_foot": true
     },
     {
      "category": "Фитнес",
      "category_id": 13,
      "name": "Simma FIT",
      "minutes": 15,
      "on_foot": true
     },
     {
      "category": "Маркет",
      "category_id": 6,
      "name": "Havas",
      "minutes": 6,
      "on_foot": true
     },
     {
      "category": "Маркет",
      "category_id": 6,
      "name": "Uzum Маркет",
      "minutes": 4,
      "on_foot": true
     },
     {
      "category": "Метро",
      "category_id": 1,
      "name": "Чинор",
      "minutes": 6,
      "on_foot": true
     }
    ],
    "declared_retail_min": 4,
    "declared_metro_min": 6,
    "area": "город",
    "source": "yangiuylar.uz",
    "url": "https://yangiuylar.uz/novostroyka/ramazon-250",
    "coord_approx": false
   }
  },
  {
   "type": "Feature",
   "geometry": {
    "type": "Point",
    "coordinates": [
     69.31178,
     41.304906
    ]
   },
   "properties": {
    "yu_id": 304,
    "slug": "resim-taskent-304",
    "name": "Resim Taşkent",
    "developer": "Centro Group ",
    "developer_id": 192,
    "district": "Яшнабадский район",
    "address": "г. Ташкент, Яшнабаский район, улица Махтумкули, ориентир клиника \"Era Med\"",
    "completion": "2026",
    "completion_date": "2026-01-01",
    "year": 2026,
    "status": "done",
    "recent": true,
    "apartments": 446,
    "floors": 23,
    "apartments_for_sale": null,
    "price_m2": null,
    "price_min_m2": null,
    "room_mix": {
     "1": 1,
     "2": 1,
     "3": 2,
     "4+": 1
    },
    "is_commercial": false,
    "verified": true,
    "nearby": [
     {
      "category": "Парк",
      "category_id": 3,
      "name": "Ашхабад парк",
      "minutes": 9,
      "on_foot": true
     },
     {
      "category": "Университет",
      "category_id": 14,
      "name": "Westminister",
      "minutes": 6,
      "on_foot": true
     },
     {
      "category": "Парк",
      "category_id": 3,
      "name": "Эко Парк",
      "minutes": 5,
      "on_foot": true
     },
     {
      "category": "Фитнес",
      "category_id": 13,
      "name": "Befit",
      "minutes": 4,
      "on_foot": true
     },
     {
      "category": "Университет",
      "category_id": 14,
      "name": "\"IT Park\" Университет",
      "minutes": 5,
      "on_foot": true
     },
     {
      "category": "Метро",
      "category_id": 1,
      "name": "Машинасозлар",
      "minutes": 3,
      "on_foot": true
     }
    ],
    "declared_retail_min": null,
    "declared_metro_min": 3,
    "area": "город",
    "source": "yangiuylar.uz",
    "url": "https://yangiuylar.uz/novostroyka/resim-taskent-304",
    "coord_approx": false
   }
  },
  {
   "type": "Feature",
   "geometry": {
    "type": "Point",
    "coordinates": [
     69.301647,
     41.289615
    ]
   },
   "properties": {
    "yu_id": 267,
    "slug": "sabot-residence-267",
    "name": "Sabot Residence",
    "developer": "VINDER INVEST",
    "developer_id": 175,
    "district": "Яшнабадский район",
    "address": "г. Ташкент, Яшнабадский район, улица Фергана йули, 15",
    "completion": "2027",
    "completion_date": "2027-12-01",
    "year": 2027,
    "status": "building",
    "recent": true,
    "apartments": 208,
    "floors": 14,
    "apartments_for_sale": null,
    "price_m2": 13000000,
    "price_min_m2": null,
    "room_mix": {
     "1": 3,
     "2": 5,
     "3": 1
    },
    "is_commercial": false,
    "verified": false,
    "nearby": [
     {
      "category": "Парк",
      "category_id": 3,
      "name": "Дустлик парк",
      "minutes": 11,
      "on_foot": true
     },
     {
      "category": "Выпечка",
      "category_id": 22,
      "name": "Safia",
      "minutes": 6,
      "on_foot": true
     },
     {
      "category": "Торговый центр",
      "category_id": 2,
      "name": "Tashkent City Mall",
      "minutes": 15,
      "on_foot": true
     },
     {
      "category": "Клиника",
      "category_id": 11,
      "name": "Shox International Hospital",
      "minutes": 8,
      "on_foot": true
     },
     {
      "category": "Маркет",
      "category_id": 6,
      "name": "Korzinka",
      "minutes": 5,
      "on_foot": true
     },
     {
      "category": "Метро",
      "category_id": 1,
      "name": "Ташкент",
      "minutes": 7,
      "on_foot": true
     }
    ],
    "declared_retail_min": 5,
    "declared_metro_min": 7,
    "area": "город",
    "source": "yangiuylar.uz",
    "url": "https://yangiuylar.uz/novostroyka/sabot-residence-267",
    "coord_approx": false
   }
  },
  {
   "type": "Feature",
   "geometry": {
    "type": "Point",
    "coordinates": [
     69.344739,
     41.303619
    ]
   },
   "properties": {
    "yu_id": 159,
    "slug": "sad'o-159",
    "name": "Sad'o",
    "developer": "NRG-BI",
    "developer_id": 200,
    "district": "Яшнабадский район",
    "address": "г. Ташкент, р. Яшнабадский, ул. Паркентская",
    "completion": "2027",
    "completion_date": "2027-07-30",
    "year": 2027,
    "status": "building",
    "recent": true,
    "apartments": 191,
    "floors": 9,
    "apartments_for_sale": null,
    "price_m2": 14500000,
    "price_min_m2": null,
    "room_mix": {
     "1": 1,
     "2": 5,
     "3": 5
    },
    "is_commercial": false,
    "verified": false,
    "nearby": [
     {
      "category": "Парк",
      "category_id": 3,
      "name": "Гольф Клуб",
      "minutes": 10,
      "on_foot": true
     },
     {
      "category": "Город",
      "category_id": 15,
      "name": "Олимпийский городок",
      "minutes": 15,
      "on_foot": true
     },
     {
      "category": "Банк",
      "category_id": 23,
      "name": "Kapital Bank",
      "minutes": 3,
      "on_foot": true
     },
     {
      "category": "Базар",
      "category_id": 4,
      "name": "Паркентский Рынок",
      "minutes": 1,
      "on_foot": true
     },
     {
      "category": "Метро",
      "category_id": 1,
      "name": "Яшнабад",
      "minutes": 6,
      "on_foot": true
     },
     {
      "category": "Маркет",
      "category_id": 6,
      "name": "Korzinka",
      "minutes": 4,
      "on_foot": true
     },
     {
      "category": "Парк",
      "category_id": 3,
      "name": "Парк новый Узбекистан",
      "minutes": 20,
      "on_foot": true
     }
    ],
    "declared_retail_min": 1,
    "declared_metro_min": 6,
    "area": "город",
    "source": "yangiuylar.uz",
    "url": "https://yangiuylar.uz/novostroyka/sad'o-159",
    "coord_approx": false
   }
  },
  {
   "type": "Feature",
   "geometry": {
    "type": "Point",
    "coordinates": [
     69.32079,
     41.268601
    ]
   },
   "properties": {
    "yu_id": 197,
    "slug": "shinam-uylar-197",
    "name": "Shinam Uylar",
    "developer": "District Development",
    "developer_id": 135,
    "district": "Яшнабадский район",
    "address": "г. Ташкент, Яшнабадский район, улица Жаркурган, 27",
    "completion": "2026",
    "completion_date": "2026-12-14",
    "year": 2026,
    "status": "building",
    "recent": true,
    "apartments": 209,
    "floors": 12,
    "apartments_for_sale": null,
    "price_m2": 11900000,
    "price_min_m2": null,
    "room_mix": {
     "1": 4,
     "2": 8,
     "3": 1
    },
    "is_commercial": false,
    "verified": true,
    "nearby": [
     {
      "category": "Международный Аэропорт",
      "category_id": 10,
      "name": "Международный Аэропорт",
      "minutes": 16,
      "on_foot": true
     },
     {
      "category": "Метро",
      "category_id": 1,
      "name": "Ташкент",
      "minutes": 10,
      "on_foot": true
     },
     {
      "category": "Выпечка",
      "category_id": 22,
      "name": "Safia",
      "minutes": 5,
      "on_foot": true
     },
     {
      "category": "Маркет",
      "category_id": 6,
      "name": "Korzinka",
      "minutes": 6,
      "on_foot": true
     },
     {
      "category": "Парк",
      "category_id": 3,
      "name": "Парк Фуркат",
      "minutes": 7,
      "on_foot": true
     }
    ],
    "declared_retail_min": 6,
    "declared_metro_min": 10,
    "area": "город",
    "source": "yangiuylar.uz",
    "url": "https://yangiuylar.uz/novostroyka/shinam-uylar-197",
    "coord_approx": false
   }
  },
  {
   "type": "Feature",
   "geometry": {
    "type": "Point",
    "coordinates": [
     69.323341,
     41.304933
    ]
   },
   "properties": {
    "yu_id": 153,
    "slug": "turon-153",
    "name": "Turon",
    "developer": "Renaissance Building Company",
    "developer_id": 104,
    "district": "Яшнабадский район",
    "address": "г. Ташкент, улица Махтумкули, 85/1",
    "completion": "2026",
    "completion_date": "2026-12-01",
    "year": 2026,
    "status": "building",
    "recent": true,
    "apartments": 462,
    "floors": 7,
    "apartments_for_sale": null,
    "price_m2": 15500000,
    "price_min_m2": null,
    "room_mix": {
     "1": 1,
     "2": 5
    },
    "is_commercial": false,
    "verified": true,
    "nearby": [
     {
      "category": "Маркет",
      "category_id": 6,
      "name": "Korzinka",
      "minutes": 5,
      "on_foot": true
     },
     {
      "category": "Метро",
      "category_id": 1,
      "name": "Машинасозлар",
      "minutes": 8,
      "on_foot": true
     },
     {
      "category": "Парк",
      "category_id": 3,
      "name": "Ашхабад парк",
      "minutes": 8,
      "on_foot": true
     },
     {
      "category": "Маркет",
      "category_id": 6,
      "name": "Makro",
      "minutes": 2,
      "on_foot": true
     },
     {
      "category": "Парк",
      "category_id": 3,
      "name": "Парк новый Узбекистан",
      "minutes": 10,
      "on_foot": true
     }
    ],
    "declared_retail_min": 2,
    "declared_metro_min": 8,
    "area": "город",
    "source": "yangiuylar.uz",
    "url": "https://yangiuylar.uz/novostroyka/turon-153",
    "coord_approx": false
   }
  },
  {
   "type": "Feature",
   "geometry": {
    "type": "Point",
    "coordinates": [
     69.364448,
     41.265985
    ]
   },
   "properties": {
    "yu_id": 221,
    "slug": "vodiy-residence-221",
    "name": "Vodiy Residence",
    "developer": "Xon Saroy",
    "developer_id": 24,
    "district": "Яшнабадский район",
    "address": "г. Ташкент, Яшнабадский район, Большая кольцевая дорога, радом метро Ракат",
    "completion": "2027",
    "completion_date": "2027-07-01",
    "year": 2027,
    "status": "building",
    "recent": true,
    "apartments": 512,
    "floors": 16,
    "apartments_for_sale": null,
    "price_m2": null,
    "price_min_m2": null,
    "room_mix": {
     "1": 7,
     "2": 4,
     "3": 4
    },
    "is_commercial": false,
    "verified": false,
    "nearby": [
     {
      "category": "Парк",
      "category_id": 3,
      "name": "Парк Фуркат",
      "minutes": 18,
      "on_foot": true
     },
     {
      "category": "Торговый центр",
      "category_id": 2,
      "name": "Compass",
      "minutes": 7,
      "on_foot": true
     },
     {
      "category": "Fast Food",
      "category_id": 25,
      "name": "KFC",
      "minutes": 8,
      "on_foot": true
     },
     {
      "category": "Маркет",
      "category_id": 6,
      "name": "Korzinka",
      "minutes": 7,
      "on_foot": true
     },
     {
      "category": "Метро",
      "category_id": 1,
      "name": "Рохат",
      "minutes": 2,
      "on_foot": true
     }
    ],
    "declared_retail_min": 7,
    "declared_metro_min": 2,
    "area": "город",
    "source": "yangiuylar.uz",
    "url": "https://yangiuylar.uz/novostroyka/vodiy-residence-221",
    "coord_approx": false
   }
  },
  {
   "type": "Feature",
   "geometry": {
    "type": "Point",
    "coordinates": [
     69.359016,
     41.29359
    ]
   },
   "properties": {
    "yu_id": 143,
    "slug": "xon-saroy-afsonasi-143",
    "name": "Xon Saroy Afsonasi",
    "developer": "Xon Saroy",
    "developer_id": 24,
    "district": "Яшнабадский район",
    "address": "Тузельский 2, Яшнабадский район, город Ташкент",
    "completion": "2028",
    "completion_date": "2028-11-08",
    "year": 2028,
    "status": "building",
    "recent": true,
    "apartments": 1216,
    "floors": 16,
    "apartments_for_sale": null,
    "price_m2": null,
    "price_min_m2": null,
    "room_mix": {
     "1": 12,
     "2": 4
    },
    "is_commercial": false,
    "verified": false,
    "nearby": [
     {
      "category": "Парк",
      "category_id": 3,
      "name": "Ашхабад парк",
      "minutes": 13,
      "on_foot": true
     },
     {
      "category": "Маркет",
      "category_id": 6,
      "name": "Havas",
      "minutes": 3,
      "on_foot": true
     },
     {
      "category": "Маркет",
      "category_id": 6,
      "name": "Korzinka",
      "minutes": 2,
      "on_foot": true
     },
     {
      "category": "Метро",
      "category_id": 1,
      "name": "Тузель (3-я станция)",
      "minutes": 5,
      "on_foot": true
     }
    ],
    "declared_retail_min": 2,
    "declared_metro_min": 5,
    "area": "город",
    "source": "yangiuylar.uz",
    "url": "https://yangiuylar.uz/novostroyka/xon-saroy-afsonasi-143",
    "coord_approx": false
   }
  },
  {
   "type": "Feature",
   "geometry": {
    "type": "Point",
    "coordinates": [
     69.313321,
     41.289687
    ]
   },
   "properties": {
    "yu_id": 22,
    "slug": "zaytunli-22",
    "name": "Zaytunli",
    "developer": "Zaytunli",
    "developer_id": 11,
    "district": "Яшнабадский район",
    "address": "Улица Ахсикат, Яшнабадский район, г. Ташкент, Узбекистан",
    "completion": "2026",
    "completion_date": "2026-01-01",
    "year": 2026,
    "status": "done",
    "recent": true,
    "apartments": 521,
    "floors": 11,
    "apartments_for_sale": null,
    "price_m2": 12000000,
    "price_min_m2": null,
    "room_mix": {
     "1": 3,
     "2": 10,
     "3": 7
    },
    "is_commercial": false,
    "verified": false,
    "nearby": [
     {
      "category": "Маркет",
      "category_id": 6,
      "name": "Havas",
      "minutes": 10,
      "on_foot": true
     },
     {
      "category": "Парк",
      "category_id": 3,
      "name": "Дустлик парк",
      "minutes": 5,
      "on_foot": true
     },
     {
      "category": "Метро",
      "category_id": 1,
      "name": "Дустлик",
      "minutes": 5,
      "on_foot": true
     }
    ],
    "declared_retail_min": 10,
    "declared_metro_min": 5,
    "area": "город",
    "source": "yangiuylar.uz",
    "url": "https://yangiuylar.uz/novostroyka/zaytunli-22",
    "coord_approx": false
   }
  },
  {
   "type": "Feature",
   "geometry": {
    "type": "Point",
    "coordinates": [
     69.32177,
     41.304505
    ]
   },
   "properties": {
    "yu_id": 115,
    "slug": "zilan-residence-115",
    "name": "Zilan Residence",
    "developer": "Zilan Residence",
    "developer_id": 70,
    "district": "Яшнабадский район",
    "address": "г. Ташкент. Яшнабадский район. Улица Махтумкули-87 дом",
    "completion": "2027",
    "completion_date": "2027-01-01",
    "year": 2027,
    "status": "building",
    "recent": true,
    "apartments": 280,
    "floors": 12,
    "apartments_for_sale": null,
    "price_m2": 14600000,
    "price_min_m2": null,
    "room_mix": {
     "1": 2,
     "2": 2,
     "3": 2,
     "4+": 1
    },
    "is_commercial": false,
    "verified": false,
    "nearby": [
     {
      "category": "Парк",
      "category_id": 3,
      "name": "Парк Фуркат",
      "minutes": 7,
      "on_foot": true
     },
     {
      "category": "Парк",
      "category_id": 3,
      "name": "Ашхабад парк",
      "minutes": 5,
      "on_foot": true
     },
     {
      "category": "Маркет",
      "category_id": 6,
      "name": "Korzinka",
      "minutes": 5,
      "on_foot": true
     },
     {
      "category": "Метро",
      "category_id": 1,
      "name": "Машинасозлар",
      "minutes": 6,
      "on_foot": true
     }
    ],
    "declared_retail_min": 5,
    "declared_metro_min": 6,
    "area": "город",
    "source": "yangiuylar.uz",
    "url": "https://yangiuylar.uz/novostroyka/zilan-residence-115",
    "coord_approx": false
   }
  },
  {
   "type": "Feature",
   "geometry": {
    "type": "Point",
    "coordinates": [
     69.456563,
     41.317502
    ]
   },
   "properties": {
    "yu_id": 99,
    "slug": "stroitelnyj-torgovyj-centr-rabad-99",
    "name": "Строительный торговый центр «RABAD»",
    "developer": "Grand Comfort Building",
    "developer_id": 58,
    "district": "Яшнабадский район",
    "address": "г. Ташкент, Яшнабадский р-н, ул. Янги Узбекистон. Ориентир: Парк Янги Узбекистон",
    "completion": "2026",
    "completion_date": "2026-10-01",
    "year": 2026,
    "status": "done",
    "recent": true,
    "apartments": 350,
    "floors": 3,
    "apartments_for_sale": null,
    "price_m2": null,
    "price_min_m2": null,
    "room_mix": {
     "1": 6
    },
    "is_commercial": true,
    "verified": false,
    "nearby": [
     {
      "category": "Город",
      "category_id": 15,
      "name": "Олимпийский городок",
      "minutes": 6,
      "on_foot": true
     },
     {
      "category": "Международный Аэропорт",
      "category_id": 10,
      "name": "Аэропорт Восточный",
      "minutes": 14,
      "on_foot": true
     },
     {
      "category": "Выставочный центр",
      "category_id": 16,
      "name": "CAEX выставочный центр",
      "minutes": 7,
      "on_foot": true
     },
     {
      "category": "Университет",
      "category_id": 14,
      "name": "AKFA Университет",
      "minutes": 6,
      "on_foot": true
     },
     {
      "category": "Парк",
      "category_id": 3,
      "name": "Парк новый Узбекистан",
      "minutes": 3,
      "on_foot": true
     },
     {
      "category": "Метро",
      "category_id": 1,
      "name": "Яшнабад",
      "minutes": 15,
      "on_foot": true
     }
    ],
    "declared_retail_min": null,
    "declared_metro_min": 15,
    "area": "город",
    "source": "yangiuylar.uz",
    "url": "https://yangiuylar.uz/novostroyka/stroitelnyj-torgovyj-centr-rabad-99",
    "coord_approx": false
   }
  },
  {
   "type": "Feature",
   "geometry": {
    "type": "Point",
    "coordinates": [
     69.935667,
     41.638133
    ]
   },
   "properties": {
    "yu_id": 217,
    "slug": "bochka-resort-217",
    "name": "Bochka Resort",
    "developer": "Bochka Resort",
    "developer_id": 147,
    "district": "Бостанлыкский район",
    "address": "область Ташкент, Бостанлыкский район, улица Дустлик, дом 4",
    "completion": "2026",
    "completion_date": "2026-12-01",
    "year": 2026,
    "status": "building",
    "recent": true,
    "apartments": 850,
    "floors": 7,
    "apartments_for_sale": null,
    "price_m2": 15500000,
    "price_min_m2": null,
    "room_mix": {
     "1": 5,
     "2": 10,
     "3": 2
    },
    "is_commercial": false,
    "verified": false,
    "nearby": [
     {
      "category": "Аквапарк",
      "category_id": 5,
      "name": "Аквапарк",
      "minutes": 9,
      "on_foot": true
     },
     {
      "category": "Маркет",
      "category_id": 6,
      "name": "Korzinka",
      "minutes": 6,
      "on_foot": true
     },
     {
      "category": "Школа",
      "category_id": 19,
      "name": "119 школа",
      "minutes": 14,
      "on_foot": true
     },
     {
      "category": "Маркет",
      "category_id": 6,
      "name": "Havas",
      "minutes": 7,
      "on_foot": true
     },
     {
      "category": "Выпечка",
      "category_id": 22,
      "name": "Safia",
      "minutes": 6,
      "on_foot": true
     }
    ],
    "declared_retail_min": 6,
    "declared_metro_min": null,
    "area": "область",
    "source": "yangiuylar.uz",
    "url": "https://yangiuylar.uz/novostroyka/bochka-resort-217",
    "coord_approx": false
   }
  },
  {
   "type": "Feature",
   "geometry": {
    "type": "Point",
    "coordinates": [
     69.958782,
     41.670597
    ]
   },
   "properties": {
    "yu_id": 242,
    "slug": "humson-avenue-242",
    "name": "Humson Avenue",
    "developer": "Fayus Development",
    "developer_id": 161,
    "district": "Бостанлыкский район",
    "address": "область Ташкент, Бостанлыкский район, расположен рядом санаторием Хумсон",
    "completion": "2026",
    "completion_date": "2026-12-01",
    "year": 2026,
    "status": "building",
    "recent": true,
    "apartments": 323,
    "floors": 12,
    "apartments_for_sale": null,
    "price_m2": 15000000,
    "price_min_m2": null,
    "room_mix": {},
    "is_commercial": false,
    "verified": false,
    "nearby": [
     {
      "category": "Санатория",
      "category_id": 7,
      "name": "Хумсан Санаторий",
      "minutes": 3,
      "on_foot": true
     },
     {
      "category": "Fast Food",
      "category_id": 25,
      "name": "Evos",
      "minutes": 10,
      "on_foot": true
     },
     {
      "category": "Спорт",
      "category_id": 24,
      "name": "Плавательный Бассейн",
      "minutes": 5,
      "on_foot": true
     },
     {
      "category": "Маркет",
      "category_id": 6,
      "name": "Korzinka",
      "minutes": 11,
      "on_foot": true
     },
     {
      "category": "Выпечка",
      "category_id": 22,
      "name": "Safia",
      "minutes": 10,
      "on_foot": true
     }
    ],
    "declared_retail_min": 11,
    "declared_metro_min": null,
    "area": "область",
    "source": "yangiuylar.uz",
    "url": "https://yangiuylar.uz/novostroyka/humson-avenue-242",
    "coord_approx": false
   }
  },
  {
   "type": "Feature",
   "geometry": {
    "type": "Point",
    "coordinates": [
     69.77834,
     41.56435
    ]
   },
   "properties": {
    "yu_id": 225,
    "slug": "orifon-225",
    "name": "Orifon",
    "developer": "TXT Group",
    "developer_id": 151,
    "district": "Бостанлыкский район",
    "address": "Ташкентская область, Бостанлыкский район, Газалкент",
    "completion": "2026",
    "completion_date": "2026-11-30",
    "year": 2026,
    "status": "building",
    "recent": true,
    "apartments": 767,
    "floors": 9,
    "apartments_for_sale": null,
    "price_m2": 8500000,
    "price_min_m2": 7500000,
    "room_mix": {
     "1": 2,
     "2": 2,
     "3": 3
    },
    "is_commercial": false,
    "verified": false,
    "nearby": [
     {
      "category": "Fast Food",
      "category_id": 25,
      "name": "Oqtepa lavash",
      "minutes": 4,
      "on_foot": true
     },
     {
      "category": "Маркет",
      "category_id": 6,
      "name": "Havas",
      "minutes": 4,
      "on_foot": true
     },
     {
      "category": "Спорт",
      "category_id": 24,
      "name": "Футбольное поле",
      "minutes": 8,
      "on_foot": true
     },
     {
      "category": "Выпечка",
      "category_id": 22,
      "name": "Safia",
      "minutes": 7,
      "on_foot": true
     }
    ],
    "declared_retail_min": 4,
    "declared_metro_min": null,
    "area": "область",
    "source": "yangiuylar.uz",
    "url": "https://yangiuylar.uz/novostroyka/orifon-225",
    "coord_approx": false
   }
  },
  {
   "type": "Feature",
   "geometry": {
    "type": "Point",
    "coordinates": [
     69.760138,
     41.635401
    ]
   },
   "properties": {
    "yu_id": 269,
    "slug": "ozoda-apartment-269",
    "name": "Ozoda Apartment",
    "developer": "Ziynat Capital",
    "developer_id": 176,
    "district": "Бостанлыкский район",
    "address": "область Ташкент, Бостанлыкский район, МФЙ Кичиксай, улица Катарташ, 231",
    "completion": "2027",
    "completion_date": "2027-12-01",
    "year": 2027,
    "status": "building",
    "recent": true,
    "apartments": 200,
    "floors": 6,
    "apartments_for_sale": null,
    "price_m2": 18500000,
    "price_min_m2": 18500000,
    "room_mix": {
     "1": 1,
     "2": 3,
     "4+": 1
    },
    "is_commercial": false,
    "verified": false,
    "nearby": [
     {
      "category": "Отель",
      "category_id": 28,
      "name": "Heaven's Garden",
      "minutes": 5,
      "on_foot": true
     },
     {
      "category": "Санатория",
      "category_id": 7,
      "name": "Санаторий Акташ",
      "minutes": 10,
      "on_foot": true
     },
     {
      "category": "Fast Food",
      "category_id": 25,
      "name": "Oqtepa lavash",
      "minutes": 13,
      "on_foot": true
     },
     {
      "category": "Выпечка",
      "category_id": 22,
      "name": "Safia",
      "minutes": 15,
      "on_foot": true
     },
     {
      "category": "Аквапарк",
      "category_id": 5,
      "name": "Аквапарк",
      "minutes": 15,
      "on_foot": true
     },
     {
      "category": "Маркет",
      "category_id": 6,
      "name": "Havas",
      "minutes": 7,
      "on_foot": true
     }
    ],
    "declared_retail_min": 7,
    "declared_metro_min": null,
    "area": "область",
    "source": "yangiuylar.uz",
    "url": "https://yangiuylar.uz/novostroyka/ozoda-apartment-269",
    "coord_approx": false
   }
  },
  {
   "type": "Feature",
   "geometry": {
    "type": "Point",
    "coordinates": [
     69.665428,
     41.529205
    ]
   },
   "properties": {
    "yu_id": 125,
    "slug": "pargos-eco-city-taunhaus-125",
    "name": "Pargos Eco City Taunhaus",
    "developer": "ECOSTROY",
    "developer_id": 80,
    "district": "Бостанлыкский район",
    "address": "г. Ташкентская область, Бустанлыкский район, МФЙ «Паргос», улица Ташкентская-240",
    "completion": "2026",
    "completion_date": "2026-04-01",
    "year": 2026,
    "status": "done",
    "recent": true,
    "apartments": 48,
    "floors": 2,
    "apartments_for_sale": null,
    "price_m2": null,
    "price_min_m2": null,
    "room_mix": {
     "2": 1,
     "3": 1,
     "4+": 4
    },
    "is_commercial": false,
    "verified": false,
    "nearby": [
     {
      "category": "Санатория",
      "category_id": 7,
      "name": "Санаторий Таваксай",
      "minutes": 10,
      "on_foot": true
     },
     {
      "category": "Спорт",
      "category_id": 24,
      "name": "Футбольное поле",
      "minutes": 20,
      "on_foot": true
     },
     {
      "category": "Fast Food",
      "category_id": 25,
      "name": "Oqtepa lavash",
      "minutes": 15,
      "on_foot": true
     },
     {
      "category": "Маркет",
      "category_id": 6,
      "name": "Havas",
      "minutes": 7,
      "on_foot": true
     },
     {
      "category": "Маркет",
      "category_id": 6,
      "name": "Korzinka",
      "minutes": 20,
      "on_foot": true
     },
     {
      "category": "Спорт",
      "category_id": 24,
      "name": "Плавательный Бассейн",
      "minutes": 5,
      "on_foot": true
     }
    ],
    "declared_retail_min": 7,
    "declared_metro_min": null,
    "area": "область",
    "source": "yangiuylar.uz",
    "url": "https://yangiuylar.uz/novostroyka/pargos-eco-city-taunhaus-125",
    "coord_approx": false
   }
  },
  {
   "type": "Feature",
   "geometry": {
    "type": "Point",
    "coordinates": [
     69.95094,
     41.640307
    ]
   },
   "properties": {
    "yu_id": 315,
    "slug": "sahar-resort-315",
    "name": "Sahar Resort",
    "developer": "Hamall One Group",
    "developer_id": 199,
    "district": "Бостанлыкский район",
    "address": "Ташкентская область, махалля Капал, улица Богизилол, 117-дом",
    "completion": "2027",
    "completion_date": "2027-10-01",
    "year": 2027,
    "status": "building",
    "recent": true,
    "apartments": 87,
    "floors": 2,
    "apartments_for_sale": null,
    "price_m2": 11952000,
    "price_min_m2": null,
    "room_mix": {
     "3": 3,
     "4+": 6
    },
    "is_commercial": false,
    "verified": false,
    "nearby": [
     {
      "category": "Развлекательный Центр",
      "category_id": 33,
      "name": "Чиноркент",
      "minutes": 7,
      "on_foot": true
     },
     {
      "category": "Развлекательный Центр",
      "category_id": 33,
      "name": "Rixos Villa",
      "minutes": 8,
      "on_foot": true
     },
     {
      "category": "Отель",
      "category_id": 28,
      "name": "Heaven's Garden",
      "minutes": 25,
      "on_foot": true
     }
    ],
    "declared_retail_min": null,
    "declared_metro_min": null,
    "area": "область",
    "source": "yangiuylar.uz",
    "url": "https://yangiuylar.uz/novostroyka/sahar-resort-315",
    "coord_approx": false
   }
  },
  {
   "type": "Feature",
   "geometry": {
    "type": "Point",
    "coordinates": [
     69.16356,
     41.342715
    ]
   },
   "properties": {
    "yu_id": 76,
    "slug": "al-qasr-76",
    "name": "Al-Qasr",
    "developer": "Euro House",
    "developer_id": 44,
    "district": "Зангиатинский район",
    "address": "Зангиатинский район, Напротв массива Бектепа",
    "completion": "2028",
    "completion_date": "2028-01-01",
    "year": 2028,
    "status": "building",
    "recent": true,
    "apartments": 577,
    "floors": 13,
    "apartments_for_sale": 50,
    "price_m2": 10200000,
    "price_min_m2": 10200000,
    "room_mix": {
     "2": 8,
     "3": 2
    },
    "is_commercial": false,
    "verified": false,
    "nearby": [
     {
      "category": "Маркет",
      "category_id": 6,
      "name": "Korzinka",
      "minutes": 6,
      "on_foot": true
     },
     {
      "category": "Базар",
      "category_id": 4,
      "name": "Урикзор базар",
      "minutes": 12,
      "on_foot": true
     },
     {
      "category": "Маркет",
      "category_id": 6,
      "name": "Havas",
      "minutes": 2,
      "on_foot": true
     },
     {
      "category": "Метро",
      "category_id": 1,
      "name": "Беруни",
      "minutes": 8,
      "on_foot": true
     }
    ],
    "declared_retail_min": 2,
    "declared_metro_min": 8,
    "area": "область",
    "source": "yangiuylar.uz",
    "url": "https://yangiuylar.uz/novostroyka/al-qasr-76",
    "coord_approx": false
   }
  },
  {
   "type": "Feature",
   "geometry": {
    "type": "Point",
    "coordinates": [
     69.163279,
     41.247105
    ]
   },
   "properties": {
    "yu_id": 313,
    "slug": "alfa-premium-313",
    "name": "Alfa Premium",
    "developer": "Alfa Premium ",
    "developer_id": 198,
    "district": "Зангиатинский район",
    "address": "Ташкентская область, Зангиатинский район, ориентир Alfa Trade Center",
    "completion": "2027",
    "completion_date": "2027-01-01",
    "year": 2027,
    "status": "building",
    "recent": true,
    "apartments": 376,
    "floors": 12,
    "apartments_for_sale": null,
    "price_m2": 13000000,
    "price_min_m2": null,
    "room_mix": {
     "1": 3,
     "2": 6,
     "3": 3
    },
    "is_commercial": false,
    "verified": false,
    "nearby": [
     {
      "category": "Торговый центр",
      "category_id": 2,
      "name": "Депо Молл",
      "minutes": 12,
      "on_foot": true
     },
     {
      "category": "Базар",
      "category_id": 4,
      "name": "Абу Сахий",
      "minutes": 5,
      "on_foot": true
     },
     {
      "category": "Фитнес",
      "category_id": 13,
      "name": "Simma FIT",
      "minutes": 10,
      "on_foot": true
     },
     {
      "category": "Парк",
      "category_id": 3,
      "name": "Flowers Garden парк",
      "minutes": 7,
      "on_foot": true
     },
     {
      "category": "Метро",
      "category_id": 1,
      "name": "Алмазар",
      "minutes": 10,
      "on_foot": true
     }
    ],
    "declared_retail_min": 5,
    "declared_metro_min": 10,
    "area": "область",
    "source": "yangiuylar.uz",
    "url": "https://yangiuylar.uz/novostroyka/alfa-premium-313",
    "coord_approx": false
   }
  },
  {
   "type": "Feature",
   "geometry": {
    "type": "Point",
    "coordinates": [
     69.162473,
     41.235079
    ]
   },
   "properties": {
    "yu_id": 46,
    "slug": "davr-residence-46",
    "name": "Davr Residence",
    "developer": "Binar Group",
    "developer_id": 19,
    "district": "Зангиатинский район",
    "address": "Ташкентская область, Зангиатинский район, улица \"Катта узбек тракти\", дом 5",
    "completion": "2026",
    "completion_date": "2026-12-01",
    "year": 2026,
    "status": "building",
    "recent": true,
    "apartments": 252,
    "floors": 14,
    "apartments_for_sale": null,
    "price_m2": 6000000,
    "price_min_m2": null,
    "room_mix": {},
    "is_commercial": false,
    "verified": true,
    "nearby": [
     {
      "category": "Метро",
      "category_id": 1,
      "name": "Чоштепа",
      "minutes": 13,
      "on_foot": true
     },
     {
      "category": "Маркет",
      "category_id": 6,
      "name": "Korzinka",
      "minutes": 4,
      "on_foot": true
     },
     {
      "category": "Базар",
      "category_id": 4,
      "name": "Абу Сахий",
      "minutes": 7,
      "on_foot": true
     },
     {
      "category": "Метро",
      "category_id": 1,
      "name": "Алмазар",
      "minutes": 10,
      "on_foot": true
     }
    ],
    "declared_retail_min": 4,
    "declared_metro_min": 10,
    "area": "область",
    "source": "yangiuylar.uz",
    "url": "https://yangiuylar.uz/novostroyka/davr-residence-46",
    "coord_approx": false
   }
  },
  {
   "type": "Feature",
   "geometry": {
    "type": "Point",
    "coordinates": [
     69.164832,
     41.245886
    ]
   },
   "properties": {
    "yu_id": 161,
    "slug": "fandm-tower-161",
    "name": "F&M Tower",
    "developer": "F&M Tower",
    "developer_id": 108,
    "district": "Зангиатинский район",
    "address": "Тошкентская обл., Зангиотинский район, Эшонгузар, Икбол МФЙ, улица Бек Барака  29 А-уй.",
    "completion": "2026",
    "completion_date": "2026-05-31",
    "year": 2026,
    "status": "done",
    "recent": true,
    "apartments": 171,
    "floors": 12,
    "apartments_for_sale": null,
    "price_m2": 13500000,
    "price_min_m2": null,
    "room_mix": {
     "1": 1,
     "2": 6,
     "3": 2
    },
    "is_commercial": false,
    "verified": false,
    "nearby": [
     {
      "category": "Маркет",
      "category_id": 6,
      "name": "Korzinka",
      "minutes": 7,
      "on_foot": true
     },
     {
      "category": "Базар",
      "category_id": 4,
      "name": "Урикзор базар",
      "minutes": 10,
      "on_foot": true
     },
     {
      "category": "Базар",
      "category_id": 4,
      "name": "Абу Сахий",
      "minutes": 5,
      "on_foot": true
     }
    ],
    "declared_retail_min": 5,
    "declared_metro_min": null,
    "area": "область",
    "source": "yangiuylar.uz",
    "url": "https://yangiuylar.uz/novostroyka/fandm-tower-161",
    "coord_approx": false
   }
  },
  {
   "type": "Feature",
   "geometry": {
    "type": "Point",
    "coordinates": [
     69.151161,
     41.331433
    ]
   },
   "properties": {
    "yu_id": 59,
    "slug": "fayz-59",
    "name": "Fayz",
    "developer": "Fayz",
    "developer_id": 32,
    "district": "Зангиатинский район",
    "address": "Зангиатинский район, посёлок Чигатай Октепа, А.Яссавий МФЙ, 1А-дом",
    "completion": "2025",
    "completion_date": "2025-12-02",
    "year": 2025,
    "status": "done",
    "recent": true,
    "apartments": 384,
    "floors": 8,
    "apartments_for_sale": 18,
    "price_m2": 9700000,
    "price_min_m2": 9700000,
    "room_mix": {
     "2": 3,
     "3": 5
    },
    "is_commercial": false,
    "verified": true,
    "nearby": [
     {
      "category": "Маркет",
      "category_id": 6,
      "name": "Korzinka",
      "minutes": 10,
      "on_foot": true
     },
     {
      "category": "Базар",
      "category_id": 4,
      "name": "Урикзор базар",
      "minutes": 14,
      "on_foot": true
     },
     {
      "category": "Маркет",
      "category_id": 6,
      "name": "Havas",
      "minutes": 7,
      "on_foot": true
     },
     {
      "category": "Метро",
      "category_id": 1,
      "name": "Беруни",
      "minutes": 15,
      "on_foot": true
     }
    ],
    "declared_retail_min": 7,
    "declared_metro_min": 15,
    "area": "область",
    "source": "yangiuylar.uz",
    "url": "https://yangiuylar.uz/novostroyka/fayz-59",
    "coord_approx": false
   }
  },
  {
   "type": "Feature",
   "geometry": {
    "type": "Point",
    "coordinates": [
     69.205849,
     41.198725
    ]
   },
   "properties": {
    "yu_id": 306,
    "slug": "sokin-makon-1-306",
    "name": "Sokin Makon 1",
    "developer": "Land House",
    "developer_id": 155,
    "district": "Зангиатинский район",
    "address": "Ташкентская область, Зангиатинский район, Ташкентская кольцевая дорога, улица Намунали уйлар",
    "completion": "2026",
    "completion_date": "2026-09-01",
    "year": 2026,
    "status": "done",
    "recent": true,
    "apartments": 1250,
    "floors": 16,
    "apartments_for_sale": 301,
    "price_m2": 9000000,
    "price_min_m2": 9000000,
    "room_mix": {
     "1": 4,
     "2": 10,
     "3": 2
    },
    "is_commercial": false,
    "verified": false,
    "nearby": [
     {
      "category": "Мемориальный комплекс",
      "category_id": 27,
      "name": "Мемориальный комплекс Занги-ота",
      "minutes": 10,
      "on_foot": true
     },
     {
      "category": "Фитнес",
      "category_id": 13,
      "name": "Simma FIT",
      "minutes": 10,
      "on_foot": true
     },
     {
      "category": "Аквапарк",
      "category_id": 5,
      "name": "Аквапарк Atlantis",
      "minutes": 12,
      "on_foot": true
     },
     {
      "category": "Парк",
      "category_id": 3,
      "name": "Green Park",
      "minutes": 15,
      "on_foot": true
     },
     {
      "category": "Выпечка",
      "category_id": 22,
      "name": "Safia",
      "minutes": 7,
      "on_foot": true
     },
     {
      "category": "Метро",
      "category_id": 1,
      "name": "Чинор",
      "minutes": 10,
      "on_foot": true
     }
    ],
    "declared_retail_min": null,
    "declared_metro_min": 10,
    "area": "область",
    "source": "yangiuylar.uz",
    "url": "https://yangiuylar.uz/novostroyka/sokin-makon-1-306",
    "coord_approx": false
   }
  },
  {
   "type": "Feature",
   "geometry": {
    "type": "Point",
    "coordinates": [
     69.186947,
     41.188061
    ]
   },
   "properties": {
    "yu_id": 233,
    "slug": "sokin-makon-2-233",
    "name": "Sokin Makon 2",
    "developer": "Land House",
    "developer_id": 155,
    "district": "Зангиатинский район",
    "address": "Ташкентская область, Зангиатинский район, улица Ташкентская кольцевая дорога",
    "completion": "2026",
    "completion_date": "2026-08-31",
    "year": 2026,
    "status": "done",
    "recent": true,
    "apartments": 2053,
    "floors": 16,
    "apartments_for_sale": 837,
    "price_m2": 8600000,
    "price_min_m2": null,
    "room_mix": {
     "1": 2,
     "2": 9,
     "3": 3
    },
    "is_commercial": false,
    "verified": true,
    "nearby": [
     {
      "category": "Аквапарк",
      "category_id": 5,
      "name": "Аквапарк Atlantis",
      "minutes": 13,
      "on_foot": true
     },
     {
      "category": "Мемориальный комплекс",
      "category_id": 27,
      "name": "Мемориальный комплекс Занги-ота",
      "minutes": 11,
      "on_foot": true
     },
     {
      "category": "Фитнес",
      "category_id": 13,
      "name": "Simma FIT",
      "minutes": 11,
      "on_foot": true
     },
     {
      "category": "Парк",
      "category_id": 3,
      "name": "Flowers Garden парк",
      "minutes": 15,
      "on_foot": true
     },
     {
      "category": "Выпечка",
      "category_id": 22,
      "name": "Safia",
      "minutes": 10,
      "on_foot": true
     },
     {
      "category": "Метро",
      "category_id": 1,
      "name": "Чинор",
      "minutes": 10,
      "on_foot": true
     }
    ],
    "declared_retail_min": null,
    "declared_metro_min": 10,
    "area": "область",
    "source": "yangiuylar.uz",
    "url": "https://yangiuylar.uz/novostroyka/sokin-makon-2-233",
    "coord_approx": false
   }
  },
  {
   "type": "Feature",
   "geometry": {
    "type": "Point",
    "coordinates": [
     69.181301,
     41.185403
    ]
   },
   "properties": {
    "yu_id": 259,
    "slug": "yangi-avlod-259",
    "name": "Yangi Avlod",
    "developer": "Euro House",
    "developer_id": 44,
    "district": "Зангиатинский район",
    "address": "махаллинский сход граждан Богзор, Зангиатинский район, Ташкентская область",
    "completion": "2027",
    "completion_date": "2027-08-31",
    "year": 2027,
    "status": "building",
    "recent": true,
    "apartments": 789,
    "floors": 9,
    "apartments_for_sale": null,
    "price_m2": 9300000,
    "price_min_m2": null,
    "room_mix": {
     "1": 1,
     "2": 3,
     "3": 5
    },
    "is_commercial": false,
    "verified": false,
    "nearby": [
     {
      "category": "Мемориальный комплекс",
      "category_id": 27,
      "name": "Мемориальный комплекс Занги-ота",
      "minutes": 9,
      "on_foot": true
     },
     {
      "category": "Выпечка",
      "category_id": 22,
      "name": "Safia",
      "minutes": 11,
      "on_foot": true
     },
     {
      "category": "Аквапарк",
      "category_id": 5,
      "name": "Аквапарк Atlantis",
      "minutes": 12,
      "on_foot": true
     },
     {
      "category": "Маркет",
      "category_id": 6,
      "name": "Korzinka",
      "minutes": 10,
      "on_foot": true
     },
     {
      "category": "Метро",
      "category_id": 1,
      "name": "Чинор",
      "minutes": 10,
      "on_foot": true
     }
    ],
    "declared_retail_min": 10,
    "declared_metro_min": 10,
    "area": "область",
    "source": "yangiuylar.uz",
    "url": "https://yangiuylar.uz/novostroyka/yangi-avlod-259",
    "coord_approx": false
   }
  },
  {
   "type": "Feature",
   "geometry": {
    "type": "Point",
    "coordinates": [
     69.149122,
     41.253663
    ]
   },
   "properties": {
    "yu_id": 77,
    "slug": "yangi-eshonguzar-77",
    "name": "Yangi Eshonguzar",
    "developer": "Genus Development",
    "developer_id": 45,
    "district": "Зангиатинский район",
    "address": "Ташкентская область, Зангиатинский район, Амир Темур МФЙ, Дом 21 Б",
    "completion": "2027",
    "completion_date": "2027-12-01",
    "year": 2027,
    "status": "building",
    "recent": true,
    "apartments": 480,
    "floors": 16,
    "apartments_for_sale": null,
    "price_m2": 6500000,
    "price_min_m2": 6500000,
    "room_mix": {
     "1": 4,
     "2": 4,
     "3": 2
    },
    "is_commercial": false,
    "verified": false,
    "nearby": [
     {
      "category": "Маркет",
      "category_id": 6,
      "name": "Korzinka",
      "minutes": 6,
      "on_foot": true
     },
     {
      "category": "Базар",
      "category_id": 4,
      "name": "Урикзор базар",
      "minutes": 11,
      "on_foot": true
     },
     {
      "category": "Базар",
      "category_id": 4,
      "name": "Абу Сахий",
      "minutes": 7,
      "on_foot": true
     },
     {
      "category": "Метро",
      "category_id": 1,
      "name": "Алмазар",
      "minutes": 12,
      "on_foot": true
     }
    ],
    "declared_retail_min": 6,
    "declared_metro_min": 12,
    "area": "область",
    "source": "yangiuylar.uz",
    "url": "https://yangiuylar.uz/novostroyka/yangi-eshonguzar-77",
    "coord_approx": false
   }
  },
  {
   "type": "Feature",
   "geometry": {
    "type": "Point",
    "coordinates": [
     69.48227,
     41.415001
    ]
   },
   "properties": {
    "yu_id": 177,
    "slug": "botanika-gardens-177",
    "name": "Botanika Gardens",
    "developer": "Botanika house",
    "developer_id": 122,
    "district": "Кибрайский район",
    "address": "Ташкент, район Кибрай, улица Ботаника, 117-дом",
    "completion": "2026",
    "completion_date": "2026-11-01",
    "year": 2026,
    "status": "building",
    "recent": true,
    "apartments": 129,
    "floors": 5,
    "apartments_for_sale": 70,
    "price_m2": 7200000,
    "price_min_m2": null,
    "room_mix": {},
    "is_commercial": false,
    "verified": true,
    "nearby": [
     {
      "category": "Школа",
      "category_id": 19,
      "name": "Кибрай касб-хунар мактаби",
      "minutes": 5,
      "on_foot": true
     },
     {
      "category": "Университет",
      "category_id": 14,
      "name": "Институт генетических ресурсов растений",
      "minutes": 20,
      "on_foot": true
     },
     {
      "category": "Санатория",
      "category_id": 7,
      "name": "Ботаника санатория",
      "minutes": 6,
      "on_foot": true
     }
    ],
    "declared_retail_min": null,
    "declared_metro_min": null,
    "area": "область",
    "source": "yangiuylar.uz",
    "url": "https://yangiuylar.uz/novostroyka/botanika-gardens-177",
    "coord_approx": false
   }
  },
  {
   "type": "Feature",
   "geometry": {
    "type": "Point",
    "coordinates": [
     69.394536,
     41.3667
    ]
   },
   "properties": {
    "yu_id": 152,
    "slug": "do'rmon-saroyi-152",
    "name": "Do'rmon Saroyi",
    "developer": "Kushon Building",
    "developer_id": 103,
    "district": "Кибрайский район",
    "address": "Ташкентская обл. Кибрайский р-н, улица Юзрабад",
    "completion": "2026",
    "completion_date": "2026-12-01",
    "year": 2026,
    "status": "building",
    "recent": true,
    "apartments": 1200,
    "floors": 7,
    "apartments_for_sale": null,
    "price_m2": 11000000,
    "price_min_m2": 11000000,
    "room_mix": {
     "1": 2,
     "2": 4,
     "3": 1
    },
    "is_commercial": false,
    "verified": false,
    "nearby": [
     {
      "category": "Fast Food",
      "category_id": 25,
      "name": "Oqtepa lavash",
      "minutes": 6,
      "on_foot": true
     },
     {
      "category": "Парк",
      "category_id": 3,
      "name": "Парк Гафура Гуляма",
      "minutes": 9,
      "on_foot": true
     },
     {
      "category": "Университет",
      "category_id": 14,
      "name": "AKFA Университет",
      "minutes": 18,
      "on_foot": true
     },
     {
      "category": "Выставочный центр",
      "category_id": 16,
      "name": "CAEX выставочный центр",
      "minutes": 20,
      "on_foot": true
     },
     {
      "category": "Маркет",
      "category_id": 6,
      "name": "Korzinka",
      "minutes": 3,
      "on_foot": true
     }
    ],
    "declared_retail_min": 3,
    "declared_metro_min": null,
    "area": "область",
    "source": "yangiuylar.uz",
    "url": "https://yangiuylar.uz/novostroyka/do'rmon-saroyi-152",
    "coord_approx": false
   }
  },
  {
   "type": "Feature",
   "geometry": {
    "type": "Point",
    "coordinates": [
     69.308093,
     41.393858
    ]
   },
   "properties": {
    "yu_id": 139,
    "slug": "parvoz-139",
    "name": "Parvoz",
    "developer": "East Dream Engieering",
    "developer_id": 91,
    "district": "Кибрайский район",
    "address": "Ташкентcкая область, Кибрайский район, ул Чимкент йули 2А",
    "completion": "2027",
    "completion_date": "2027-01-01",
    "year": 2027,
    "status": "building",
    "recent": true,
    "apartments": 739,
    "floors": 14,
    "apartments_for_sale": null,
    "price_m2": 7700000,
    "price_min_m2": null,
    "room_mix": {
     "1": 4,
     "2": 4
    },
    "is_commercial": false,
    "verified": false,
    "nearby": [
     {
      "category": "Аквапарк",
      "category_id": 5,
      "name": "Акваленд Ташкент",
      "minutes": 14,
      "on_foot": true
     },
     {
      "category": "Фитнес",
      "category_id": 13,
      "name": "Buka Fit",
      "minutes": 20,
      "on_foot": true
     },
     {
      "category": "Торговый центр",
      "category_id": 2,
      "name": "Mega Planet",
      "minutes": 10,
      "on_foot": true
     },
     {
      "category": "Маркет",
      "category_id": 6,
      "name": "Korzinka",
      "minutes": 6,
      "on_foot": true
     },
     {
      "category": "Базар",
      "category_id": 4,
      "name": "Уч кахрамон",
      "minutes": 5,
      "on_foot": true
     },
     {
      "category": "Метро",
      "category_id": 1,
      "name": "Туркистон",
      "minutes": 9,
      "on_foot": true
     }
    ],
    "declared_retail_min": 5,
    "declared_metro_min": 9,
    "area": "область",
    "source": "yangiuylar.uz",
    "url": "https://yangiuylar.uz/novostroyka/parvoz-139",
    "coord_approx": false
   }
  },
  {
   "type": "Feature",
   "geometry": {
    "type": "Point",
    "coordinates": [
     69.461088,
     41.383448
    ]
   },
   "properties": {
    "yu_id": 238,
    "slug": "qibray-city-238",
    "name": "Qibray City",
    "developer": "Qibray City",
    "developer_id": 158,
    "district": "Кибрайский район",
    "address": "область Ташкент, Кибрайский район, Янгиабад МФЙ, улица Зебунисо",
    "completion": "2026",
    "completion_date": "2026-07-01",
    "year": 2026,
    "status": "done",
    "recent": true,
    "apartments": 310,
    "floors": 10,
    "apartments_for_sale": null,
    "price_m2": 7000000,
    "price_min_m2": null,
    "room_mix": {
     "1": 2,
     "2": 2
    },
    "is_commercial": false,
    "verified": true,
    "nearby": [
     {
      "category": "Школа",
      "category_id": 19,
      "name": "Кибрай касб-хунар мактаби",
      "minutes": 10,
      "on_foot": true
     },
     {
      "category": "Спорт",
      "category_id": 24,
      "name": "Футбольное поле",
      "minutes": 5,
      "on_foot": true
     },
     {
      "category": "Выпечка",
      "category_id": 22,
      "name": "Safia",
      "minutes": 7,
      "on_foot": true
     },
     {
      "category": "Маркет",
      "category_id": 6,
      "name": "Makro",
      "minutes": 5,
      "on_foot": true
     }
    ],
    "declared_retail_min": 5,
    "declared_metro_min": null,
    "area": "область",
    "source": "yangiuylar.uz",
    "url": "https://yangiuylar.uz/novostroyka/qibray-city-238",
    "coord_approx": false
   }
  },
  {
   "type": "Feature",
   "geometry": {
    "type": "Point",
    "coordinates": [
     69.319736,
     41.391509
    ]
   },
   "properties": {
    "yu_id": 270,
    "slug": "sabzavot-city-270",
    "name": "Sabzavot City",
    "developer": "Muhtasham Qurilish",
    "developer_id": 177,
    "district": "Кибрайский район",
    "address": "Ташкентская область , Кибрайский район, махалля Парвоз, улица Гулзор, 200/73",
    "completion": "2025",
    "completion_date": "2025-12-31",
    "year": 2025,
    "status": "done",
    "recent": true,
    "apartments": 1625,
    "floors": 9,
    "apartments_for_sale": null,
    "price_m2": 10950000,
    "price_min_m2": 10950000,
    "room_mix": {
     "1": 2,
     "2": 2,
     "3": 1
    },
    "is_commercial": false,
    "verified": false,
    "nearby": [
     {
      "category": "Парк",
      "category_id": 3,
      "name": "Ботанический сад",
      "minutes": 16,
      "on_foot": true
     },
     {
      "category": "Торговый центр",
      "category_id": 2,
      "name": "ТРЦ Riviera",
      "minutes": 16,
      "on_foot": true
     },
     {
      "category": "Базар",
      "category_id": 4,
      "name": "Уч кахрамон",
      "minutes": 9,
      "on_foot": true
     },
     {
      "category": "Выпечка",
      "category_id": 22,
      "name": "Safia",
      "minutes": 10,
      "on_foot": true
     },
     {
      "category": "Метро",
      "category_id": 1,
      "name": "Туркистон",
      "minutes": 8,
      "on_foot": true
     },
     {
      "category": "Маркет",
      "category_id": 6,
      "name": "Korzinka",
      "minutes": 10,
      "on_foot": true
     }
    ],
    "declared_retail_min": 9,
    "declared_metro_min": 8,
    "area": "область",
    "source": "yangiuylar.uz",
    "url": "https://yangiuylar.uz/novostroyka/sabzavot-city-270",
    "coord_approx": false
   }
  },
  {
   "type": "Feature",
   "geometry": {
    "type": "Point",
    "coordinates": [
     69.178755,
     41.367444
    ]
   },
   "properties": {
    "yu_id": 162,
    "slug": "karmagnit-162",
    "name": "Karmagnit",
    "developer": "Inter Drujba ",
    "developer_id": 109,
    "district": "Пос. им. М. Фозилова",
    "address": "Тошкентская область, пос. ис. М.Фозилова",
    "completion": "2026",
    "completion_date": "2026-12-31",
    "year": 2026,
    "status": "building",
    "recent": true,
    "apartments": 252,
    "floors": 12,
    "apartments_for_sale": null,
    "price_m2": 6500000,
    "price_min_m2": null,
    "room_mix": {},
    "is_commercial": false,
    "verified": false,
    "nearby": [
     {
      "category": "Университет",
      "category_id": 14,
      "name": "Национальный Университет Узбекистана",
      "minutes": 10,
      "on_foot": true
     },
     {
      "category": "Маркет",
      "category_id": 6,
      "name": "Makro",
      "minutes": 5,
      "on_foot": true
     },
     {
      "category": "Метро",
      "category_id": 1,
      "name": "Беруни",
      "minutes": 11,
      "on_foot": true
     }
    ],
    "declared_retail_min": 5,
    "declared_metro_min": 11,
    "area": "область",
    "source": "yangiuylar.uz",
    "url": "https://yangiuylar.uz/novostroyka/karmagnit-162",
    "coord_approx": false
   }
  },
  {
   "type": "Feature",
   "geometry": {
    "type": "Point",
    "coordinates": [
     69.270554,
     41.3946
    ]
   },
   "properties": {
    "yu_id": 325,
    "slug": "baland-residence-325",
    "name": "Baland Residence",
    "developer": "Baland Residence",
    "developer_id": 201,
    "district": "Ташкентский район",
    "address": "Ташкентская область, Ташкентский район, Авлиё Ота МФЙ",
    "completion": "2027",
    "completion_date": "2027-12-01",
    "year": 2027,
    "status": "building",
    "recent": true,
    "apartments": 300,
    "floors": 12,
    "apartments_for_sale": null,
    "price_m2": null,
    "price_min_m2": null,
    "room_mix": {
     "2": 4,
     "4+": 3
    },
    "is_commercial": false,
    "verified": true,
    "nearby": [
     {
      "category": "Торговый центр",
      "category_id": 2,
      "name": "Mega Planet",
      "minutes": 8,
      "on_foot": true
     },
     {
      "category": "Парк",
      "category_id": 3,
      "name": "Ботанический сад",
      "minutes": 18,
      "on_foot": true
     },
     {
      "category": "Базар",
      "category_id": 4,
      "name": "Уч кахрамон",
      "minutes": 5,
      "on_foot": true
     },
     {
      "category": "Метро",
      "category_id": 1,
      "name": "Туркистон",
      "minutes": 7,
      "on_foot": true
     }
    ],
    "declared_retail_min": 5,
    "declared_metro_min": 7,
    "area": "область",
    "source": "yangiuylar.uz",
    "url": "https://yangiuylar.uz/novostroyka/baland-residence-325",
    "coord_approx": false
   }
  },
  {
   "type": "Feature",
   "geometry": {
    "type": "Point",
    "coordinates": [
     69.308551,
     41.415847
    ]
   },
   "properties": {
    "yu_id": 167,
    "slug": "gardens-167",
    "name": "Gardens",
    "developer": "Millennium House",
    "developer_id": 16,
    "district": "Ташкентский район",
    "address": "Тошкентская обл ,  Ибрат МФЕ, улица Чимкент",
    "completion": "2027",
    "completion_date": "2027-01-01",
    "year": 2027,
    "status": "building",
    "recent": true,
    "apartments": 143,
    "floors": 9,
    "apartments_for_sale": null,
    "price_m2": 9600000,
    "price_min_m2": 6880000,
    "room_mix": {
     "1": 5,
     "2": 9,
     "3": 2
    },
    "is_commercial": false,
    "verified": false,
    "nearby": [
     {
      "category": "Выпечка",
      "category_id": 22,
      "name": "Safia",
      "minutes": 9,
      "on_foot": true
     },
     {
      "category": "Базар",
      "category_id": 4,
      "name": "Уч кахрамон",
      "minutes": 10,
      "on_foot": true
     },
     {
      "category": "Маркет",
      "category_id": 6,
      "name": "Korzinka",
      "minutes": 15,
      "on_foot": true
     },
     {
      "category": "Метро",
      "category_id": 1,
      "name": "Туркистон",
      "minutes": 11,
      "on_foot": true
     }
    ],
    "declared_retail_min": 10,
    "declared_metro_min": 11,
    "area": "область",
    "source": "yangiuylar.uz",
    "url": "https://yangiuylar.uz/novostroyka/gardens-167",
    "coord_approx": false
   }
  },
  {
   "type": "Feature",
   "geometry": {
    "type": "Point",
    "coordinates": [
     69.132041,
     41.355871
    ]
   },
   "properties": {
    "yu_id": 170,
    "slug": "golden-hill-apartments-170",
    "name": "Golden Hill Apartments",
    "developer": "Golden Hill",
    "developer_id": 117,
    "district": "Ташкентский район",
    "address": "Тошкент вилояти, Тошкент тумани, Кўк Сарой, Коʻҳи нур МФЙ, Шифобахш сувлар кўчаси, 198-уй",
    "completion": "2026",
    "completion_date": "2026-12-30",
    "year": 2026,
    "status": "building",
    "recent": true,
    "apartments": 180,
    "floors": 9,
    "apartments_for_sale": null,
    "price_m2": 6050000,
    "price_min_m2": null,
    "room_mix": {
     "1": 1,
     "2": 3,
     "3": 1
    },
    "is_commercial": false,
    "verified": false,
    "nearby": [
     {
      "category": "Маркет",
      "category_id": 6,
      "name": "Korzinka",
      "minutes": 5,
      "on_foot": true
     },
     {
      "category": "Парк",
      "category_id": 3,
      "name": "Парк победы",
      "minutes": 16,
      "on_foot": true
     },
     {
      "category": "Базар",
      "category_id": 4,
      "name": "EcoBazar Беруний",
      "minutes": 15,
      "on_foot": true
     },
     {
      "category": "Метро",
      "category_id": 1,
      "name": "Беруни",
      "minutes": 15,
      "on_foot": true
     }
    ],
    "declared_retail_min": 5,
    "declared_metro_min": 15,
    "area": "область",
    "source": "yangiuylar.uz",
    "url": "https://yangiuylar.uz/novostroyka/golden-hill-apartments-170",
    "coord_approx": false
   }
  },
  {
   "type": "Feature",
   "geometry": {
    "type": "Point",
    "coordinates": [
     69.208779,
     41.402592
    ]
   },
   "properties": {
    "yu_id": 326,
    "slug": "keles-residence-326",
    "name": "Keles Residence",
    "developer": "Keles Residence",
    "developer_id": 202,
    "district": "Ташкентский район",
    "address": "Ташкентский область, Ташкентский район, Ифтихор МФЙ, улица Келес йули, 87",
    "completion": "2028",
    "completion_date": "2028-02-29",
    "year": 2028,
    "status": "building",
    "recent": true,
    "apartments": 187,
    "floors": 12,
    "apartments_for_sale": 169,
    "price_m2": 10000000,
    "price_min_m2": 10000000,
    "room_mix": {
     "1": 2,
     "2": 3
    },
    "is_commercial": false,
    "verified": true,
    "nearby": [],
    "declared_retail_min": null,
    "declared_metro_min": null,
    "area": "область",
    "source": "yangiuylar.uz",
    "url": "https://yangiuylar.uz/novostroyka/keles-residence-326",
    "coord_approx": false
   }
  },
  {
   "type": "Feature",
   "geometry": {
    "type": "Point",
    "coordinates": [
     69.169906,
     41.367146
    ]
   },
   "properties": {
    "yu_id": 107,
    "slug": "obod-107",
    "name": "Obod",
    "developer": "Munisal Omad",
    "developer_id": 64,
    "district": "Ташкентский район",
    "address": "Тошкент тумани, Кизгалдок КФЙ, Буньедкор МФЙ, ТХАЙ",
    "completion": "2026",
    "completion_date": "2026-11-17",
    "year": 2026,
    "status": "building",
    "recent": true,
    "apartments": 308,
    "floors": 12,
    "apartments_for_sale": null,
    "price_m2": 6700000,
    "price_min_m2": null,
    "room_mix": {},
    "is_commercial": false,
    "verified": false,
    "nearby": [
     {
      "category": "Базар",
      "category_id": 4,
      "name": "EcoBazar Беруний",
      "minutes": 15,
      "on_foot": true
     },
     {
      "category": "Маркет",
      "category_id": 6,
      "name": "Korzinka",
      "minutes": 6,
      "on_foot": true
     },
     {
      "category": "Парк",
      "category_id": 3,
      "name": "Парк победы",
      "minutes": 16,
      "on_foot": true
     },
     {
      "category": "Метро",
      "category_id": 1,
      "name": "Беруни",
      "minutes": 15,
      "on_foot": true
     }
    ],
    "declared_retail_min": 6,
    "declared_metro_min": 15,
    "area": "область",
    "source": "yangiuylar.uz",
    "url": "https://yangiuylar.uz/novostroyka/obod-107",
    "coord_approx": false
   }
  },
  {
   "type": "Feature",
   "geometry": {
    "type": "Point",
    "coordinates": [
     69.482928,
     41.285662
    ]
   },
   "properties": {
    "yu_id": 332,
    "slug": "sarbon-332",
    "name": "Sarbon",
    "developer": "Murad Buildings",
    "developer_id": 4,
    "district": "Ташкентский район",
    "address": "Ташкент, Новый Ташкентский район",
    "completion": "2028",
    "completion_date": "2028-12-05",
    "year": 2028,
    "status": "building",
    "recent": true,
    "apartments": 1023,
    "floors": 14,
    "apartments_for_sale": null,
    "price_m2": null,
    "price_min_m2": null,
    "room_mix": {
     "3": 3,
     "4+": 3
    },
    "is_commercial": false,
    "verified": false,
    "nearby": [
     {
      "category": "Развлекательный Центр",
      "category_id": 33,
      "name": "Самый высокий фонтан в Центральный Азии",
      "minutes": 12,
      "on_foot": true
     },
     {
      "category": "Библиотека",
      "category_id": 34,
      "name": "Национальная библиотека Узбекистана",
      "minutes": 10,
      "on_foot": true
     },
     {
      "category": "Университет",
      "category_id": 14,
      "name": "Университет “Низамий”",
      "minutes": 3,
      "on_foot": true
     }
    ],
    "declared_retail_min": null,
    "declared_metro_min": null,
    "area": "область",
    "source": "yangiuylar.uz",
    "url": "https://yangiuylar.uz/novostroyka/sarbon-332",
    "coord_approx": false
   }
  },
  {
   "type": "Feature",
   "geometry": {
    "type": "Point",
    "coordinates": [
     69.17873,
     41.379622
    ]
   },
   "properties": {
    "yu_id": 156,
    "slug": "sokin-hayot-156",
    "name": "Sokin Hayot",
    "developer": "Mezana Development",
    "developer_id": 102,
    "district": "Ташкентский район",
    "address": "Ташкентская область, Ташкентский район, МФМ Бунёдкор, улица Коль, улица 6 тор, 5 дом",
    "completion": "2026",
    "completion_date": "2026-12-31",
    "year": 2026,
    "status": "building",
    "recent": true,
    "apartments": 1080,
    "floors": 7,
    "apartments_for_sale": null,
    "price_m2": 7000000,
    "price_min_m2": null,
    "room_mix": {
     "1": 6,
     "2": 5,
     "3": 5
    },
    "is_commercial": false,
    "verified": false,
    "nearby": [
     {
      "category": "Торговый центр",
      "category_id": 2,
      "name": "Chorsu Gold Center",
      "minutes": 20,
      "on_foot": true
     },
     {
      "category": "Университет",
      "category_id": 14,
      "name": "Национальный Университет Узбекистана",
      "minutes": 10,
      "on_foot": true
     },
     {
      "category": "Выпечка",
      "category_id": 22,
      "name": "Safia",
      "minutes": 6,
      "on_foot": true
     },
     {
      "category": "Маркет",
      "category_id": 6,
      "name": "Havas",
      "minutes": 6,
      "on_foot": true
     },
     {
      "category": "Метро",
      "category_id": 1,
      "name": "Беруни",
      "minutes": 12,
      "on_foot": true
     }
    ],
    "declared_retail_min": 6,
    "declared_metro_min": 12,
    "area": "область",
    "source": "yangiuylar.uz",
    "url": "https://yangiuylar.uz/novostroyka/sokin-hayot-156",
    "coord_approx": false
   }
  },
  {
   "type": "Feature",
   "geometry": {
    "type": "Point",
    "coordinates": [
     69.33424,
     41.20132
    ]
   },
   "properties": {
    "yu_id": 275,
    "slug": "yangi-qo'yliq-275",
    "name": "Yangi Qo'yliq",
    "developer": "Etalon Building",
    "developer_id": 180,
    "district": "Уртачирчикский район",
    "address": "Ташкентская область, Уртачирчикский район, махаллинский сход граждан Учокли",
    "completion": "2025",
    "completion_date": "2025-12-31",
    "year": 2025,
    "status": "done",
    "recent": true,
    "apartments": 6500,
    "floors": 11,
    "apartments_for_sale": null,
    "price_m2": 8000000,
    "price_min_m2": 8000000,
    "room_mix": {
     "1": 1,
     "2": 5,
     "3": 1
    },
    "is_commercial": false,
    "verified": true,
    "nearby": [
     {
      "category": "Торговый центр",
      "category_id": 2,
      "name": "Qo'yliq Katta Bozori",
      "minutes": 1,
      "on_foot": true
     },
     {
      "category": "Рынок",
      "category_id": 12,
      "name": "Food City",
      "minutes": 3,
      "on_foot": true
     },
     {
      "category": "Торговый центр",
      "category_id": 2,
      "name": "Compass",
      "minutes": 13,
      "on_foot": true
     },
     {
      "category": "Базар",
      "category_id": 4,
      "name": "Янгиабадский базар",
      "minutes": 18,
      "on_foot": true
     },
     {
      "category": "Маркет",
      "category_id": 6,
      "name": "Korzinka",
      "minutes": 10,
      "on_foot": true
     },
     {
      "category": "Метро",
      "category_id": 1,
      "name": "Куйлюк",
      "minutes": 13,
      "on_foot": true
     }
    ],
    "declared_retail_min": 1,
    "declared_metro_min": 13,
    "area": "область",
    "source": "yangiuylar.uz",
    "url": "https://yangiuylar.uz/novostroyka/yangi-qo'yliq-275",
    "coord_approx": false
   }
  },
  {
   "type": "Feature",
   "geometry": {
    "type": "Point",
    "coordinates": [
     69.076743,
     41.126249
    ]
   },
   "properties": {
    "yu_id": 141,
    "slug": "vertex-tawer-141",
    "name": "Vertex Tawer",
    "developer": "Meras buildings",
    "developer_id": 92,
    "district": "Янгиюльский район",
    "address": "проспект Ташкент, Янгиюль, Ташкентская область",
    "completion": "2027",
    "completion_date": "2027-04-01",
    "year": 2027,
    "status": "building",
    "recent": true,
    "apartments": 294,
    "floors": 17,
    "apartments_for_sale": null,
    "price_m2": 11000000,
    "price_min_m2": 11000000,
    "room_mix": {
     "1": 2,
     "2": 1
    },
    "is_commercial": false,
    "verified": false,
    "nearby": [],
    "declared_retail_min": null,
    "declared_metro_min": null,
    "area": "область",
    "source": "yangiuylar.uz",
    "url": "https://yangiuylar.uz/novostroyka/vertex-tawer-141",
    "coord_approx": false
   }
  },
  {
   "type": "Feature",
   "geometry": {
    "type": "Point",
    "coordinates": [
     69.254656,
     40.229412
    ]
   },
   "properties": {
    "yu_id": 241,
    "slug": "turon-241",
    "name": "Turon",
    "developer": "TXT Group",
    "developer_id": 151,
    "district": "г. Бекабад",
    "address": "Ташкентская область, Бекабадский район, 12-микрорайон",
    "completion": "2028",
    "completion_date": "2028-12-01",
    "year": 2028,
    "status": "building",
    "recent": true,
    "apartments": 960,
    "floors": 16,
    "apartments_for_sale": null,
    "price_m2": 6000000,
    "price_min_m2": 6000000,
    "room_mix": {
     "1": 2,
     "2": 1,
     "3": 1
    },
    "is_commercial": false,
    "verified": false,
    "nearby": [
     {
      "category": "Колледж",
      "category_id": 21,
      "name": "Бекабадский медицинский колледж",
      "minutes": 5,
      "on_foot": true
     },
     {
      "category": "Мемориальный комплекс",
      "category_id": 27,
      "name": "Вечный Огонь",
      "minutes": 7,
      "on_foot": true
     },
     {
      "category": "Маркет",
      "category_id": 6,
      "name": "Uzum Маркет",
      "minutes": 4,
      "on_foot": true
     },
     {
      "category": "Спорт",
      "category_id": 24,
      "name": "Зал для борьбы",
      "minutes": 6,
      "on_foot": true
     },
     {
      "category": "Выпечка",
      "category_id": 22,
      "name": "Safia",
      "minutes": 5,
      "on_foot": true
     },
     {
      "category": "Спорт",
      "category_id": 24,
      "name": "Плавательный Бассейн",
      "minutes": 7,
      "on_foot": true
     }
    ],
    "declared_retail_min": 4,
    "declared_metro_min": null,
    "area": "область",
    "source": "yangiuylar.uz",
    "url": "https://yangiuylar.uz/novostroyka/turon-241",
    "coord_approx": false
   }
  },
  {
   "type": "Feature",
   "geometry": {
    "type": "Point",
    "coordinates": [
     69.558889,
     41.459813
    ]
   },
   "properties": {
    "yu_id": 281,
    "slug": "chinara-park-281",
    "name": "Chinara Park",
    "developer": "Era Lux Montaj",
    "developer_id": 185,
    "district": "г. Чиpчик",
    "address": "Ташкентская область, город Чирчик, 9-микрорайон (ориентир: Центральная больница)",
    "completion": "2027",
    "completion_date": "2027-02-28",
    "year": 2027,
    "status": "building",
    "recent": true,
    "apartments": 1500,
    "floors": 12,
    "apartments_for_sale": null,
    "price_m2": 5400000,
    "price_min_m2": null,
    "room_mix": {
     "2": 5,
     "3": 4
    },
    "is_commercial": false,
    "verified": true,
    "nearby": [
     {
      "category": "Фитнес",
      "category_id": 13,
      "name": "Ritmix",
      "minutes": 4,
      "on_foot": true
     },
     {
      "category": "Маркет",
      "category_id": 6,
      "name": "Uzum Маркет",
      "minutes": 5,
      "on_foot": true
     },
     {
      "category": "Банк",
      "category_id": 23,
      "name": "Kapital Bank",
      "minutes": 1,
      "on_foot": true
     },
     {
      "category": "Маркет",
      "category_id": 6,
      "name": "Havas",
      "minutes": 2,
      "on_foot": true
     }
    ],
    "declared_retail_min": 2,
    "declared_metro_min": null,
    "area": "область",
    "source": "yangiuylar.uz",
    "url": "https://yangiuylar.uz/novostroyka/chinara-park-281",
    "coord_approx": false
   }
  },
  {
   "type": "Feature",
   "geometry": {
    "type": "Point",
    "coordinates": [
     69.619102,
     41.507911
    ]
   },
   "properties": {
    "yu_id": 228,
    "slug": "hayot-residence-228",
    "name": "Hayot Residence",
    "developer": "Global House",
    "developer_id": 153,
    "district": "г. Чиpчик",
    "address": "город Чирчик, 4-й микрорайон, Турон СГМ, дом 22",
    "completion": "2028",
    "completion_date": "2028-12-01",
    "year": 2028,
    "status": "building",
    "recent": true,
    "apartments": 396,
    "floors": 16,
    "apartments_for_sale": 200,
    "price_m2": 6200000,
    "price_min_m2": null,
    "room_mix": {
     "1": 4,
     "2": 2,
     "3": 1,
     "4+": 1
    },
    "is_commercial": false,
    "verified": true,
    "nearby": [
     {
      "category": "Базар",
      "category_id": 4,
      "name": "Чирчикский Центральный рынок",
      "minutes": 12,
      "on_foot": true
     },
     {
      "category": "Спорт",
      "category_id": 24,
      "name": "Футбольное поле",
      "minutes": 13,
      "on_foot": true
     },
     {
      "category": "Колледж",
      "category_id": 21,
      "name": "Чирчикский Олимпийский Спорт Колледж",
      "minutes": 22,
      "on_foot": true
     },
     {
      "category": "Fast Food",
      "category_id": 25,
      "name": "Oqtepa lavash",
      "minutes": 9,
      "on_foot": true
     },
     {
      "category": "Выпечка",
      "category_id": 22,
      "name": "Safia",
      "minutes": 11,
      "on_foot": true
     },
     {
      "category": "Маркет",
      "category_id": 6,
      "name": "Havas",
      "minutes": 6,
      "on_foot": true
     }
    ],
    "declared_retail_min": 6,
    "declared_metro_min": null,
    "area": "область",
    "source": "yangiuylar.uz",
    "url": "https://yangiuylar.uz/novostroyka/hayot-residence-228",
    "coord_approx": false
   }
  },
  {
   "type": "Feature",
   "geometry": {
    "type": "Point",
    "coordinates": [
     69.565222,
     41.463088
    ]
   },
   "properties": {
    "yu_id": 178,
    "slug": "new-house-chirchiq-178",
    "name": "New House Chirchiq",
    "developer": "New House",
    "developer_id": 123,
    "district": "г. Чиpчик",
    "address": "область Ташкент, район Чирчик, улица Амир Темур, дом 27",
    "completion": "2026",
    "completion_date": "2026-11-30",
    "year": 2026,
    "status": "building",
    "recent": true,
    "apartments": 99,
    "floors": 10,
    "apartments_for_sale": null,
    "price_m2": 6710000,
    "price_min_m2": null,
    "room_mix": {
     "1": 6,
     "2": 13
    },
    "is_commercial": false,
    "verified": true,
    "nearby": [
     {
      "category": "Маркет",
      "category_id": 6,
      "name": "Havas",
      "minutes": 10,
      "on_foot": true
     },
     {
      "category": "Парк",
      "category_id": 3,
      "name": "Городской Парк",
      "minutes": 4,
      "on_foot": true
     },
     {
      "category": "Колледж",
      "category_id": 21,
      "name": "Чирчикский Олимпийский Спорт Колледж",
      "minutes": 12,
      "on_foot": true
     }
    ],
    "declared_retail_min": 10,
    "declared_metro_min": null,
    "area": "область",
    "source": "yangiuylar.uz",
    "url": "https://yangiuylar.uz/novostroyka/new-house-chirchiq-178",
    "coord_approx": false
   }
  },
  {
   "type": "Feature",
   "geometry": {
    "type": "Point",
    "coordinates": [
     69.344487,
     41.063177
    ]
   },
   "properties": {
    "yu_id": 187,
    "slug": "nurafshon-palace-187",
    "name": "Nurafshon Palace",
    "developer": "Erect",
    "developer_id": 127,
    "district": "г.Нурафшан",
    "address": "область Ташкент, г. Нурафшон, Navruz MFY, улица Toshkent yo'li",
    "completion": "2024",
    "completion_date": "2024-11-07",
    "year": 2024,
    "status": "done",
    "recent": true,
    "apartments": 225,
    "floors": 10,
    "apartments_for_sale": null,
    "price_m2": 7300000,
    "price_min_m2": 7300000,
    "room_mix": {
     "2": 4,
     "3": 2
    },
    "is_commercial": false,
    "verified": false,
    "nearby": [
     {
      "category": "Университет",
      "category_id": 14,
      "name": "ТУИТ (филиал Нурафшон)",
      "minutes": 14,
      "on_foot": true
     },
     {
      "category": "Парк",
      "category_id": 3,
      "name": "Матонат",
      "minutes": 11,
      "on_foot": true
     },
     {
      "category": "Университет",
      "category_id": 14,
      "name": "\"IT Park\" Университет",
      "minutes": 9,
      "on_foot": true
     },
     {
      "category": "Школа",
      "category_id": 19,
      "name": "Президентская школа (Нурафшон)",
      "minutes": 8,
      "on_foot": true
     }
    ],
    "declared_retail_min": null,
    "declared_metro_min": null,
    "area": "область",
    "source": "yangiuylar.uz",
    "url": "https://yangiuylar.uz/novostroyka/nurafshon-palace-187",
    "coord_approx": false
   }
  },
  {
   "type": "Feature",
   "geometry": {
    "type": "Point",
    "coordinates": [
     69.358725,
     41.03286
    ]
   },
   "properties": {
    "yu_id": 206,
    "slug": "salom-nurafshon-206",
    "name": "Salom Nurafshon",
    "developer": "Salom Nurafshon",
    "developer_id": 143,
    "district": "г.Нурафшан",
    "address": "область Ташкент, город Нурафшан, улица Тошкент йули",
    "completion": "2025",
    "completion_date": "2025-12-30",
    "year": 2025,
    "status": "done",
    "recent": true,
    "apartments": 324,
    "floors": 9,
    "apartments_for_sale": null,
    "price_m2": 5800000,
    "price_min_m2": null,
    "room_mix": {
     "1": 4,
     "2": 3,
     "3": 2
    },
    "is_commercial": false,
    "verified": true,
    "nearby": [
     {
      "category": "Университет",
      "category_id": 14,
      "name": "ТУИТ (филиал Нурафшон)",
      "minutes": 6,
      "on_foot": true
     },
     {
      "category": "Парк",
      "category_id": 3,
      "name": "Матонат",
      "minutes": 8,
      "on_foot": true
     },
     {
      "category": "Школа",
      "category_id": 19,
      "name": "Президентская школа (Нурафшон)",
      "minutes": 4,
      "on_foot": true
     },
     {
      "category": "Университет",
      "category_id": 14,
      "name": "\"IT Park\" Университет",
      "minutes": 20,
      "on_foot": true
     }
    ],
    "declared_retail_min": null,
    "declared_metro_min": null,
    "area": "область",
    "source": "yangiuylar.uz",
    "url": "https://yangiuylar.uz/novostroyka/salom-nurafshon-206",
    "coord_approx": false
   }
  },
  {
   "type": "Feature",
   "geometry": {
    "type": "Point",
    "coordinates": [
     69.359452,
     41.014832
    ]
   },
   "properties": {
    "yu_id": 312,
    "slug": "sokin-maskan-312",
    "name": "Sokin Maskan",
    "developer": "Sokin Maskan",
    "developer_id": 197,
    "district": "г.Нурафшан",
    "address": "Ташкентская область, город Нурафшан, улица Ислама Каримова, 44",
    "completion": "2026",
    "completion_date": "2026-12-01",
    "year": 2026,
    "status": "building",
    "recent": true,
    "apartments": 105,
    "floors": 5,
    "apartments_for_sale": null,
    "price_m2": 4400000,
    "price_min_m2": null,
    "room_mix": {
     "1": 1,
     "2": 1,
     "3": 1
    },
    "is_commercial": false,
    "verified": false,
    "nearby": [
     {
      "category": "Школа",
      "category_id": 19,
      "name": "Президентская школа (Нурафшон)",
      "minutes": 4,
      "on_foot": true
     },
     {
      "category": "Университет",
      "category_id": 14,
      "name": "\"IT Park\" Университет",
      "minutes": 8,
      "on_foot": true
     },
     {
      "category": "Университет",
      "category_id": 14,
      "name": "ТУИТ (филиал Нурафшон)",
      "minutes": 8,
      "on_foot": true
     }
    ],
    "declared_retail_min": null,
    "declared_metro_min": null,
    "area": "область",
    "source": "yangiuylar.uz",
    "url": "https://yangiuylar.uz/novostroyka/sokin-maskan-312",
    "coord_approx": false
   }
  },
  {
   "type": "Feature",
   "geometry": {
    "type": "Point",
    "coordinates": [
     69.35312,
     41.058846
    ]
   },
   "properties": {
    "yu_id": 202,
    "slug": "yangi-hayot-202",
    "name": "Yangi Hayot",
    "developer": "Erect",
    "developer_id": 127,
    "district": "г.Нурафшан",
    "address": "область Ташкент, город Нурафшон, Навруз МФй",
    "completion": "2024",
    "completion_date": "2024-12-19",
    "year": 2024,
    "status": "done",
    "recent": true,
    "apartments": 494,
    "floors": 9,
    "apartments_for_sale": null,
    "price_m2": 7200000,
    "price_min_m2": null,
    "room_mix": {
     "2": 3,
     "3": 2
    },
    "is_commercial": false,
    "verified": false,
    "nearby": [
     {
      "category": "Маркет",
      "category_id": 6,
      "name": "Makro",
      "minutes": 20,
      "on_foot": true
     },
     {
      "category": "Парк",
      "category_id": 3,
      "name": "Матонат",
      "minutes": 20,
      "on_foot": true
     },
     {
      "category": "Университет",
      "category_id": 14,
      "name": "\"IT Park\" Университет",
      "minutes": 12,
      "on_foot": true
     },
     {
      "category": "Университет",
      "category_id": 14,
      "name": "ТУИТ (филиал Нурафшон)",
      "minutes": 10,
      "on_foot": true
     },
     {
      "category": "Школа",
      "category_id": 19,
      "name": "Президентская школа (Нурафшон)",
      "minutes": 9,
      "on_foot": true
     }
    ],
    "declared_retail_min": 20,
    "declared_metro_min": null,
    "area": "область",
    "source": "yangiuylar.uz",
    "url": "https://yangiuylar.uz/novostroyka/yangi-hayot-202",
    "coord_approx": false
   }
  },
  {
   "type": "Feature",
   "geometry": {
    "type": "Point",
    "coordinates": [
     69.35312,
     41.058846
    ]
   },
   "properties": {
    "yu_id": 203,
    "slug": "yangi-nurafshon-203",
    "name": "Yangi Nurafshon",
    "developer": "Erect",
    "developer_id": 127,
    "district": "г.Нурафшан",
    "address": "область Ташкент, город Нурафшон, Навруз МФй",
    "completion": "2025",
    "completion_date": "2025-12-11",
    "year": 2025,
    "status": "done",
    "recent": true,
    "apartments": 798,
    "floors": 10,
    "apartments_for_sale": null,
    "price_m2": 7100000,
    "price_min_m2": 7100000,
    "room_mix": {
     "2": 3,
     "3": 2
    },
    "is_commercial": false,
    "verified": false,
    "nearby": [
     {
      "category": "Университет",
      "category_id": 14,
      "name": "ТУИТ (филиал Нурафшон)",
      "minutes": 10,
      "on_foot": true
     },
     {
      "category": "Университет",
      "category_id": 14,
      "name": "\"IT Park\" Университет",
      "minutes": 12,
      "on_foot": true
     },
     {
      "category": "Школа",
      "category_id": 19,
      "name": "Президентская школа (Нурафшон)",
      "minutes": 9,
      "on_foot": true
     },
     {
      "category": "Парк",
      "category_id": 3,
      "name": "Матонат",
      "minutes": 20,
      "on_foot": true
     },
     {
      "category": "Маркет",
      "category_id": 6,
      "name": "Makro",
      "minutes": 20,
      "on_foot": true
     }
    ],
    "declared_retail_min": 20,
    "declared_metro_min": null,
    "area": "область",
    "source": "yangiuylar.uz",
    "url": "https://yangiuylar.uz/novostroyka/yangi-nurafshon-203",
    "coord_approx": false
   }
  },
  {
   "type": "Feature",
   "geometry": {
    "type": "Point",
    "coordinates": [
     69.060111,
     41.113117
    ]
   },
   "properties": {
    "yu_id": 245,
    "slug": "kompakt-house-245",
    "name": "Kompakt House",
    "developer": "Kompakt House",
    "developer_id": 163,
    "district": "г.Янгиюль",
    "address": "область Ташкент, город Янгиюль, махалля Кучкарова, 98",
    "completion": "2026",
    "completion_date": "2026-08-01",
    "year": 2026,
    "status": "done",
    "recent": true,
    "apartments": 80,
    "floors": 9,
    "apartments_for_sale": null,
    "price_m2": 8000000,
    "price_min_m2": 8000000,
    "room_mix": {
     "1": 1,
     "2": 3,
     "3": 1
    },
    "is_commercial": false,
    "verified": false,
    "nearby": [
     {
      "category": "Мемориальный комплекс",
      "category_id": 27,
      "name": "Мемориальный комплекс Занги-ота",
      "minutes": 20,
      "on_foot": true
     },
     {
      "category": "Спорт",
      "category_id": 24,
      "name": "Футбольное поле",
      "minutes": 7,
      "on_foot": true
     },
     {
      "category": "Маркет",
      "category_id": 6,
      "name": "Uzum Маркет",
      "minutes": 6,
      "on_foot": true
     },
     {
      "category": "Маркет",
      "category_id": 6,
      "name": "Havas",
      "minutes": 9,
      "on_foot": true
     },
     {
      "category": "Fast Food",
      "category_id": 25,
      "name": "Oqtepa lavash",
      "minutes": 3,
      "on_foot": true
     },
     {
      "category": "Аквапарк",
      "category_id": 5,
      "name": "Аквапарк",
      "minutes": 7,
      "on_foot": true
     }
    ],
    "declared_retail_min": 6,
    "declared_metro_min": null,
    "area": "область",
    "source": "yangiuylar.uz",
    "url": "https://yangiuylar.uz/novostroyka/kompakt-house-245",
    "coord_approx": false
   }
  },
  {
   "type": "Feature",
   "geometry": {
    "type": "Point",
    "coordinates": [
     69.077544,
     41.124755
    ]
   },
   "properties": {
    "yu_id": 210,
    "slug": "zangiota-city-residence-210",
    "name": "Zangiota City Residence",
    "developer": "Zangiota City Residence",
    "developer_id": 144,
    "district": "г.Янгиюль",
    "address": "область Ташкент, район Янгиюль, МФЙ Туябугиз , улица Бунёдкор 96",
    "completion": "2027",
    "completion_date": "2027-02-01",
    "year": 2027,
    "status": "building",
    "recent": true,
    "apartments": 535,
    "floors": 12,
    "apartments_for_sale": null,
    "price_m2": 7900000,
    "price_min_m2": null,
    "room_mix": {
     "1": 4,
     "2": 3,
     "3": 2
    },
    "is_commercial": false,
    "verified": true,
    "nearby": [
     {
      "category": "Маркет",
      "category_id": 6,
      "name": "Korzinka",
      "minutes": 10,
      "on_foot": true
     },
     {
      "category": "Выпечка",
      "category_id": 22,
      "name": "Safia",
      "minutes": 7,
      "on_foot": true
     },
     {
      "category": "Маркет",
      "category_id": 6,
      "name": "Havas",
      "minutes": 5,
      "on_foot": true
     },
     {
      "category": "Fast Food",
      "category_id": 25,
      "name": "Oqtepa lavash",
      "minutes": 6,
      "on_foot": true
     },
     {
      "category": "Спорт",
      "category_id": 24,
      "name": "Футбольное поле",
      "minutes": 17,
      "on_foot": true
     }
    ],
    "declared_retail_min": 5,
    "declared_metro_min": null,
    "area": "область",
    "source": "yangiuylar.uz",
    "url": "https://yangiuylar.uz/novostroyka/zangiota-city-residence-210",
    "coord_approx": false
   }
  }
 ]
}