{"type": "FeatureCollection", "attribution": "© OpenStreetMap contributors (ODbL)", "city_outline": {"type": "MultiPolygon", "coordinates": [[[[69.1223189, 41.2660728], [69.1227895, 41.2698231], [69.1253002, 41.270089], [69.1287892, 41.2760922], [69.1315482, 41.2789489], [69.1334581, 41.2789222], [69.1349348, 41.284118], [69.1321243, 41.2880034], [69.1382603, 41.2924097], [69.1384523, 41.2949271], [69.1485044, 41.3051132], [69.1490932, 41.3081564], [69.14663, 41.3136644], [69.1482574, 41.3137654], [69.1542882, 41.3215902], [69.1535448, 41.3251857], [69.1548638, 41.3272316], [69.1598578, 41.3282047], [69.1627123, 41.333327], [69.1657014, 41.3510905], [69.1688848, 41.356836], [69.2104639, 41.3839993], [69.2117204, 41.3869713], [69.2157384, 41.387375], [69.2358792, 41.3984767], [69.2617782, 41.397128], [69.2850918, 41.3838007], [69.3166793, 41.3845694], [69.3189642, 41.3827204], [69.3245942, 41.3701411], [69.3440566, 41.3560122], [69.3539587, 41.3547614], [69.3632466, 41.3623802], [69.3754199, 41.3613372], [69.3909943, 41.3662209], [69.3958926, 41.3643208], [69.3988645, 41.3659916], [69.4015956, 41.3630185], [69.4046008, 41.3637666], [69.4108014, 41.3556639], [69.4111508, 41.3477653], [69.4078855, 41.3422233], [69.4614677, 41.3456256], [69.4742424, 41.3491247], [69.4771427, 41.3470392], [69.4740156, 41.3449011], [69.4715807, 41.3380837], [69.4496262, 41.3208243], [69.4594562, 41.3178691], [69.4916456, 41.3128716], [69.4996378, 41.3081876], [69.5187806, 41.3053849], [69.5204067, 41.3029575], [69.5256893, 41.3028042], [69.525908, 41.3012282], [69.523921, 41.2965412], [69.5248702, 41.287203], [69.5216424, 41.2721427], [69.5089883, 41.2432449], [69.5088208, 41.22528], [69.5049593, 41.2105433], [69.4830445, 41.1863129], [69.4774276, 41.1756401], [69.4688095, 41.1687721], [69.4619267, 41.1697697], [69.4601071, 41.167644], [69.455086, 41.1664551], [69.4541869, 41.1633059], [69.443743, 41.1628593], [69.4292425, 41.1577334], [69.4255906, 41.1597038], [69.3354727, 41.1626584], [69.3223457, 41.1677472], [69.2886364, 41.1692598], [69.2795394, 41.1648495], [69.2729443, 41.1635843], [69.2382863, 41.1656768], [69.2089219, 41.1743813], [69.2018811, 41.1788654], [69.1863911, 41.1962029], [69.1849798, 41.2006793], [69.1858545, 41.2048552], [69.1823834, 41.2067011], [69.1852372, 41.2103696], [69.1815358, 41.2145475], [69.1838208, 41.2168158], [69.1806015, 41.2190671], [69.1763915, 41.2176526], [69.1745567, 41.2188075], [69.1754992, 41.2213263], [69.171904, 41.2251036], [69.1741075, 41.2283225], [69.1693537, 41.2345298], [69.1654154, 41.2366133], [69.1670716, 41.2403082], [69.1634863, 41.2502056], [69.1481161, 41.2620576], [69.1464603, 41.2761385], [69.1475493, 41.2809564], [69.141016, 41.2778554], [69.1398828, 41.2752466], [69.1314924, 41.2689961], [69.1223189, 41.2660728]]], [[[69.4657463, 41.4050871], [69.4580329, 41.4013798], [69.4501533, 41.40026], [69.4414176, 41.4106071], [69.4419035, 41.4172985], [69.4498878, 41.4223989], [69.4582193, 41.4215018], [69.4637012, 41.4170233], [69.4645266, 41.4119044], [69.4683779, 41.4142874], [69.469945, 41.4126077], [69.4643882, 41.4093537], [69.4695438, 41.4066163], [69.4657463, 41.4050871]]]]}, "features": [{"type": "Feature", "geometry": {"type": "Point", "coordinates": [69.607161, 40.845729]}, "properties": {"name": "Алмалык", "name_uz": "Olmaliq", "kind": "city", "osm_id": 245233136}}, {"type": "Feature", "geometry": {"type": "Point", "coordinates": [69.581192, 41.472616]}, "properties": {"name": "Чирчик", "name_uz": "Chirchiq", "kind": "city", "osm_id": 245385393}}, {"type": "Feature", "geometry": {"type": "Point", "coordinates": [70.079536, 41.021221]}, "properties": {"name": "Ангрен", "name_uz": "Angren", "kind": "city", "osm_id": 246175637}}, {"type": "Feature", "geometry": {"type": "Point", "coordinates": [69.056813, 41.119599]}, "properties": {"name": "Янгиюль", "name_uz": "Yangiyo'l", "kind": "city", "osm_id": 246177830}}, {"type": "Feature", "geometry": {"type": "Point", "coordinates": [69.640071, 40.905354]}, "properties": {"name": "Ахангаран", "name_uz": "Ohangaron", "kind": "town", "osm_id": 246178282}}, {"type": "Feature", "geometry": {"type": "Point", "coordinates": [68.76298, 40.940025]}, "properties": {"name": "Чиназ", "name_uz": "Chinoz", "kind": "town", "osm_id": 246179546}}, {"type": "Feature", "geometry": {"type": "Point", "coordinates": [69.66903, 41.292259]}, "properties": {"name": "Паркент", "name_uz": "Parkent", "kind": "town", "osm_id": 246179999}}, {"type": "Feature", "geometry": {"type": "Point", "coordinates": [69.357847, 41.042916]}, "properties": {"name": "Нурафшан (Тойтепа)", "name_uz": "Nurafshon", "kind": "city", "osm_id": 246180265}}, {"type": "Feature", "geometry": {"type": "Point", "coordinates": [69.20701, 41.403398]}, "properties": {"name": "Келес", "name_uz": "Keles", "kind": "town", "osm_id": 246186596}}, {"type": "Feature", "geometry": {"type": "Point", "coordinates": [69.044367, 40.878535]}, "properties": {"name": "Аккурган", "name_uz": "Oqqo'rg'on", "kind": "town", "osm_id": 247172937}}, {"type": "Feature", "geometry": {"type": "Point", "coordinates": [69.464458, 41.387348]}, "properties": {"name": "Кибрай", "name_uz": "Qibray", "kind": "town", "osm_id": 247173413}}, {"type": "Feature", "geometry": {"type": "Point", "coordinates": [69.523012, 41.315031]}, "properties": {"name": "Янгибазар", "name_uz": "Yangibozor", "kind": "town", "osm_id": 247174508}}, {"type": "Feature", "geometry": {"type": "Point", "coordinates": [69.19985, 40.816936]}, "properties": {"name": "Бука", "name_uz": "Bo'ka", "kind": "town", "osm_id": 274947038}}, {"type": "Feature", "geometry": {"type": "Point", "coordinates": [69.95379, 41.67447]}, "properties": {"name": "Хумсан", "name_uz": "Xumson", "kind": "village", "osm_id": 1118979473}}, {"type": "Feature", "geometry": {"type": "Point", "coordinates": [70.084552, 41.691399]}, "properties": {"name": "Багистан", "name_uz": "Bog'iston", "kind": "village", "osm_id": 1217399065}}, {"type": "Feature", "geometry": {"type": "Point", "coordinates": [69.541544, 41.43835]}, "properties": {"name": "Троицк", "name_uz": "Troitsk", "kind": "village", "osm_id": 1223044803}}, {"type": "Feature", "geometry": {"type": "Point", "coordinates": [69.521646, 41.416424]}, "properties": {"name": "Куприк Баши", "name_uz": "Ko'prik Boshi", "kind": "village", "osm_id": 1223044807}}, {"type": "Feature", "geometry": {"type": "Point", "coordinates": [69.171374, 41.362032]}, "properties": {"name": "Чигатай-Актепа", "name_uz": "Chig'atoy-Oqtepa", "kind": "village", "osm_id": 1223052590}}, {"type": "Feature", "geometry": {"type": "Point", "coordinates": [69.15662, 41.352611]}, "properties": {"name": "Чигатай", "name_uz": "Chig'atoy", "kind": "village", "osm_id": 1223052591}}, {"type": "Feature", "geometry": {"type": "Point", "coordinates": [69.742773, 41.568965]}, "properties": {"name": "Баррадж", "name_uz": "Barraj", "kind": "hamlet", "osm_id": 1227769735}}, {"type": "Feature", "geometry": {"type": "Point", "coordinates": [68.855958, 40.968292]}, "properties": {"name": "Алмазар", "name_uz": "Olmazor", "kind": "village", "osm_id": 1241656868}}, {"type": "Feature", "geometry": {"type": "Point", "coordinates": [69.633019, 41.480172]}, "properties": {"name": "Кушкурган", "name_uz": "Qo'shqo'rg'on", "kind": "village", "osm_id": 1260508597}}, {"type": "Feature", "geometry": {"type": "Point", "coordinates": [69.72324, 41.212885]}, "properties": {"name": "Шампан", "name_uz": "Shampan", "kind": "village", "osm_id": 1260508600}}, {"type": "Feature", "geometry": {"type": "Point", "coordinates": [69.683803, 41.182222]}, "properties": {"name": "Намданак", "name_uz": "Nomdanak", "kind": "village", "osm_id": 1260508607}}, {"type": "Feature", "geometry": {"type": "Point", "coordinates": [69.793495, 41.21499]}, "properties": {"name": "Санганак", "name_uz": "Sanganak", "kind": "village", "osm_id": 1260508621}}, {"type": "Feature", "geometry": {"type": "Point", "coordinates": [69.766754, 41.19304]}, "properties": {"name": "Невич", "name_uz": "Nevich", "kind": "village", "osm_id": 1260508625}}, {"type": "Feature", "geometry": {"type": "Point", "coordinates": [69.758194, 41.187955]}, "properties": {"name": "Навдак", "name_uz": "Novdak", "kind": "village", "osm_id": 1260508630}}, {"type": "Feature", "geometry": {"type": "Point", "coordinates": [68.930285, 40.857071]}, "properties": {"name": "Дустабад (Солдатский)", "name_uz": "Do‘stobod", "kind": "town", "osm_id": 1260793695}}, {"type": "Feature", "geometry": {"type": "Point", "coordinates": [69.252006, 40.378332]}, "properties": {"name": "Зафар", "name_uz": "Zafar", "kind": "town", "osm_id": 1260793733}}, {"type": "Feature", "geometry": {"type": "Point", "coordinates": [68.739782, 40.954274]}, "properties": {"name": "Яллама", "name_uz": "Yollama", "kind": "village", "osm_id": 1260793814}}, {"type": "Feature", "geometry": {"type": "Point", "coordinates": [69.28162, 40.400761]}, "properties": {"name": "Дальварзин", "name_uz": "Dalvarzin", "kind": "village", "osm_id": 1260793819}}, {"type": "Feature", "geometry": {"type": "Point", "coordinates": [69.211651, 40.534188]}, "properties": {"name": "Айбек", "name_uz": "Oybek", "kind": "village", "osm_id": 1260793841}}, {"type": "Feature", "geometry": {"type": "Point", "coordinates": [69.146667, 40.948611]}, "properties": {"name": "Старый-Алимкент", "name_uz": "Eski-Olimkent", "kind": "town", "osm_id": 1260793845}}, {"type": "Feature", "geometry": {"type": "Point", "coordinates": [69.230557, 40.428898]}, "properties": {"name": "Фархад", "name_uz": "Farhod", "kind": "village", "osm_id": 1260793897}}, {"type": "Feature", "geometry": {"type": "Point", "coordinates": [69.163109, 40.958889]}, "properties": {"name": "Алимкент", "name_uz": "Olimkent", "kind": "town", "osm_id": 1260793912}}, {"type": "Feature", "geometry": {"type": "Point", "coordinates": [69.439062, 41.442576]}, "properties": {"name": "Ходжакурган", "name_uz": "Xo'jaqo'rgon", "kind": "village", "osm_id": 1262994750}}, {"type": "Feature", "geometry": {"type": "Point", "coordinates": [69.145629, 41.188654]}, "properties": {"name": "Уртааул", "name_uz": "O'rtaovul", "kind": "village", "osm_id": 1305744413}}, {"type": "Feature", "geometry": {"type": "Point", "coordinates": [69.08994, 41.143571]}, "properties": {"name": "Нау", "name_uz": "Nau", "kind": "village", "osm_id": 1305744419}}, {"type": "Feature", "geometry": {"type": "Point", "coordinates": [69.091233, 41.103357]}, "properties": {"name": "Ниязбаш", "name_uz": "Niyozbosh", "kind": "village", "osm_id": 1305744424}}, {"type": "Feature", "geometry": {"type": "Point", "coordinates": [69.419754, 41.127667]}, "properties": {"name": "Уртасарай", "name_uz": "O'rtasaroy", "kind": "town", "osm_id": 1305749928}}, {"type": "Feature", "geometry": {"type": "Point", "coordinates": [69.66763, 41.244519]}, "properties": {"name": "Самсарак", "name_uz": "Samsarak", "kind": "village", "osm_id": 1305749932}}, {"type": "Feature", "geometry": {"type": "Point", "coordinates": [69.141287, 41.354488]}, "properties": {"name": "Куксарай", "name_uz": "Ko'ksaroy", "kind": "village", "osm_id": 1324712593}}, {"type": "Feature", "geometry": {"type": "Point", "coordinates": [69.123195, 41.361945]}, "properties": {"name": "Шамсиабад", "name_uz": "Shamsiobod", "kind": "village", "osm_id": 1324722358}}, {"type": "Feature", "geometry": {"type": "Point", "coordinates": [69.145616, 41.331527]}, "properties": {"name": "Хамза", "name_uz": "Hamza", "kind": "hamlet", "osm_id": 1324722359}}, {"type": "Feature", "geometry": {"type": "Point", "coordinates": [69.127347, 41.230196]}, "properties": {"name": "Кахрамон", "name_uz": "Qaxramon", "kind": "village", "osm_id": 1324728189}}, {"type": "Feature", "geometry": {"type": "Point", "coordinates": [69.178559, 41.204425]}, "properties": {"name": "Карахусан", "name_uz": "Qorahusan", "kind": "village", "osm_id": 1324733335}}, {"type": "Feature", "geometry": {"type": "Point", "coordinates": [69.770771, 41.562935]}, "properties": {"name": "Газалкент", "name_uz": "Gʻazalkent", "kind": "town", "osm_id": 1324740947}}, {"type": "Feature", "geometry": {"type": "Point", "coordinates": [70.052512, 41.663583]}, "properties": {"name": "Болодала", "name_uz": "Bolodala", "kind": "village", "osm_id": 1369726526}}, {"type": "Feature", "geometry": {"type": "Point", "coordinates": [69.561666, 41.151906]}, "properties": {"name": "Кангли", "name_uz": "Qangli", "kind": "village", "osm_id": 1369726537}}, {"type": "Feature", "geometry": {"type": "Point", "coordinates": [69.591996, 41.115686]}, "properties": {"name": "Курсай", "name_uz": "Kursoy", "kind": "village", "osm_id": 1369726539}}, {"type": "Feature", "geometry": {"type": "Point", "coordinates": [70.056494, 41.692214]}, "properties": {"name": "Сиджак", "name_uz": "Sijjak", "kind": "village", "osm_id": 1369726546}}, {"type": "Feature", "geometry": {"type": "Point", "coordinates": [69.675751, 41.551012]}, "properties": {"name": "Таваксай", "name_uz": "Tovoqsoy", "kind": "village", "osm_id": 1369726547}}, {"type": "Feature", "geometry": {"type": "Point", "coordinates": [69.672623, 41.152996]}, "properties": {"name": "Кызылтог (Красногорск)", "name_uz": "Qiziltog'", "kind": "town", "osm_id": 1375779297}}, {"type": "Feature", "geometry": {"type": "Point", "coordinates": [69.920412, 41.534593]}, "properties": {"name": "Акмасат", "name_uz": "Oqmasat", "kind": "hamlet", "osm_id": 1412087868}}, {"type": "Feature", "geometry": {"type": "Point", "coordinates": [69.929623, 41.541494]}, "properties": {"name": "Кельтас", "name_uz": "Keltas", "kind": "hamlet", "osm_id": 1412087870}}, {"type": "Feature", "geometry": {"type": "Point", "coordinates": [70.083582, 41.05451]}, "properties": {"name": "Янгиабад-2", "name_uz": "Yangiobod-2", "kind": "suburb", "osm_id": 1412834296}}, {"type": "Feature", "geometry": {"type": "Point", "coordinates": [70.094892, 41.119523]}, "properties": {"name": "Янгиабад", "name_uz": "Yangiobod", "kind": "town", "osm_id": 1412834298}}, {"type": "Feature", "geometry": {"type": "Point", "coordinates": [69.451534, 41.148005]}, "properties": {"name": "Кызылсай", "name_uz": "Qizilsoy", "kind": "village", "osm_id": 1414757696}}, {"type": "Feature", "geometry": {"type": "Point", "coordinates": [69.402461, 41.135934]}, "properties": {"name": "Ходжа", "name_uz": "Ho'ja", "kind": "village", "osm_id": 1414757698}}, {"type": "Feature", "geometry": {"type": "Point", "coordinates": [69.429131, 41.41657]}, "properties": {"name": "Чинабад", "name_uz": "Chinobod", "kind": "village", "osm_id": 1456553377}}, {"type": "Feature", "geometry": {"type": "Point", "coordinates": [69.134026, 41.201391]}, "properties": {"name": "Куёшли (Солнечный)", "name_uz": "Quyoshli", "kind": "village", "osm_id": 1476533345}}, {"type": "Feature", "geometry": {"type": "Point", "coordinates": [69.441407, 41.459941]}, "properties": {"name": "Кызыл Шалола", "name_uz": "Qizil Shalola", "kind": "village", "osm_id": 1496101716}}, {"type": "Feature", "geometry": {"type": "Point", "coordinates": [69.174382, 41.409311]}, "properties": {"name": "Сагбан", "name_uz": "Sag'bon", "kind": "village", "osm_id": 1496102013}}, {"type": "Feature", "geometry": {"type": "Point", "coordinates": [69.345874, 41.456257]}, "properties": {"name": "Уртак", "name_uz": "Urtoq", "kind": "village", "osm_id": 1496102240}}, {"type": "Feature", "geometry": {"type": "Point", "coordinates": [69.175928, 41.4285]}, "properties": {"name": "Хиябан", "name_uz": "Hiyobon", "kind": "village", "osm_id": 1496102253}}, {"type": "Feature", "geometry": {"type": "Point", "coordinates": [69.361564, 41.461241]}, "properties": {"name": "Гышткуприк", "name_uz": "G'ishtko'prik", "kind": "village", "osm_id": 1496102260}}, {"type": "Feature", "geometry": {"type": "Point", "coordinates": [69.250963, 41.447086]}, "properties": {"name": "Чувалачи", "name_uz": "Chuvalachi", "kind": "hamlet", "osm_id": 1496102305}}, {"type": "Feature", "geometry": {"type": "Point", "coordinates": [69.205075, 41.434068]}, "properties": {"name": "Яварык", "name_uz": "Yovarik", "kind": "village", "osm_id": 1496102395}}, {"type": "Feature", "geometry": {"type": "Point", "coordinates": [70.158954, 41.574837]}, "properties": {"name": "Пальтау", "name_uz": "Paltau", "kind": "hamlet", "osm_id": 1497172177}}, {"type": "Feature", "geometry": {"type": "Point", "coordinates": [69.527258, 40.946964]}, "properties": {"name": "Эйвалик", "name_uz": "Ayvalik", "kind": "village", "osm_id": 1542335639}}, {"type": "Feature", "geometry": {"type": "Point", "coordinates": [68.789843, 40.852378]}, "properties": {"name": "Гул", "name_uz": "Gul", "kind": "village", "osm_id": 1560163528}}, {"type": "Feature", "geometry": {"type": "Point", "coordinates": [69.769049, 40.910092]}, "properties": {"name": "Юкары-Ялпактепа", "name_uz": "Yuqori Yalpoqtepa", "kind": "village", "osm_id": 1563378949}}, {"type": "Feature", "geometry": {"type": "Point", "coordinates": [70.113937, 41.560965]}, "properties": {"name": "Аурахмат", "name_uz": "Obirahmat", "kind": "hamlet", "osm_id": 1569866024}}, {"type": "Feature", "geometry": {"type": "Point", "coordinates": [69.012801, 40.910243]}, "properties": {"name": "Мингчинар (Благовещенский)", "name_uz": "Mingchinor", "kind": "village", "osm_id": 1584362500}}, {"type": "Feature", "geometry": {"type": "Point", "coordinates": [68.941041, 41.018684]}, "properties": {"name": "Пахта", "name_uz": "Paxta", "kind": "village", "osm_id": 1584367833}}, {"type": "Feature", "geometry": {"type": "Point", "coordinates": [68.899459, 40.98348]}, "properties": {"name": "Зафар", "name_uz": "Zafar", "kind": "hamlet", "osm_id": 1584367837}}, {"type": "Feature", "geometry": {"type": "Point", "coordinates": [69.012885, 41.160915]}, "properties": {"name": "Халкабад", "name_uz": "Xalqobod", "kind": "village", "osm_id": 1635107558}}, {"type": "Feature", "geometry": {"type": "Point", "coordinates": [68.83791, 41.017093]}, "properties": {"name": "Бирлик", "name_uz": "Birlik", "kind": "village", "osm_id": 1635253116}}, {"type": "Feature", "geometry": {"type": "Point", "coordinates": [69.553315, 41.353018]}, "properties": {"name": "Кавардан", "name_uz": "Kavardan", "kind": "village", "osm_id": 1656413220}}, {"type": "Feature", "geometry": {"type": "Point", "coordinates": [70.103739, 41.597331]}, "properties": {"name": "Бричмулла", "name_uz": "Burchmullo", "kind": "village", "osm_id": 1673616563}}, {"type": "Feature", "geometry": {"type": "Point", "coordinates": [69.528832, 41.061337]}, "properties": {"name": "Гульабад", "name_uz": "Gulobod", "kind": "village", "osm_id": 1696171699}}, {"type": "Feature", "geometry": {"type": "Point", "coordinates": [69.382954, 41.155145]}, "properties": {"name": "Северный Маяк", "name_uz": "Severniy Mayak", "kind": "village", "osm_id": 1706873785}}, {"type": "Feature", "geometry": {"type": "Point", "coordinates": [69.346546, 40.82244]}, "properties": {"name": "Муратали", "name_uz": "Murotali", "kind": "village", "osm_id": 1712578860}}, {"type": "Feature", "geometry": {"type": "Point", "coordinates": [69.355786, 40.847572]}, "properties": {"name": "Саид", "name_uz": "Said", "kind": "village", "osm_id": 1712578861}}, {"type": "Feature", "geometry": {"type": "Point", "coordinates": [69.208182, 40.793187]}, "properties": {"name": "Чигатай", "name_uz": "Chig'atoy", "kind": "village", "osm_id": 1712578862}}, {"type": "Feature", "geometry": {"type": "Point", "coordinates": [69.489547, 40.895957]}, "properties": {"name": "Керавчи", "name_uz": "cc", "kind": "village", "osm_id": 1712593913}}, {"type": "Feature", "geometry": {"type": "Point", "coordinates": [69.623316, 41.551533]}, "properties": {"name": "Мишенный Двор", "name_uz": "Mishenniy Dvor", "kind": "hamlet", "osm_id": 1721654340}}, {"type": "Feature", "geometry": {"type": "Point", "coordinates": [69.946676, 41.502544]}, "properties": {"name": "Кызылара", "name_uz": "Kizilora", "kind": "hamlet", "osm_id": 1727307384}}, {"type": "Feature", "geometry": {"type": "Point", "coordinates": [69.888458, 41.489248]}, "properties": {"name": "Джурекбау", "name_uz": "Jurekbau", "kind": "hamlet", "osm_id": 1727307386}}, {"type": "Feature", "geometry": {"type": "Point", "coordinates": [69.855777, 41.444112]}, "properties": {"name": "Шулдак", "name_uz": "Shuldak", "kind": "village", "osm_id": 1727311080}}, {"type": "Feature", "geometry": {"type": "Point", "coordinates": [69.890249, 41.472361]}, "properties": {"name": "Сазаул", "name_uz": "Sazaul", "kind": "hamlet", "osm_id": 1727313296}}, {"type": "Feature", "geometry": {"type": "Point", "coordinates": [69.89139, 41.544314]}, "properties": {"name": "Теректы", "name_uz": "Terekti", "kind": "hamlet", "osm_id": 1732755364}}, {"type": "Feature", "geometry": {"type": "Point", "coordinates": [69.857155, 41.543079]}, "properties": {"name": "Гальвасай", "name_uz": "G'alvasoy", "kind": "village", "osm_id": 1732765168}}, {"type": "Feature", "geometry": {"type": "Point", "coordinates": [69.767779, 41.615202]}, "properties": {"name": "Сайлык", "name_uz": "Soyliq", "kind": "village", "osm_id": 1736429362}}, {"type": "Feature", "geometry": {"type": "Point", "coordinates": [69.729069, 41.612641]}, "properties": {"name": "Хандайлык", "name_uz": "Hondoyliq", "kind": "village", "osm_id": 1736429365}}, {"type": "Feature", "geometry": {"type": "Point", "coordinates": [69.810076, 41.592508]}, "properties": {"name": "Чимбайлык", "name_uz": "Chimboyliq", "kind": "village", "osm_id": 1736593257}}, {"type": "Feature", "geometry": {"type": "Point", "coordinates": [69.329249, 41.082593]}, "properties": {"name": "Карасу", "name_uz": "Qorasuv", "kind": "village", "osm_id": 1753634826}}, {"type": "Feature", "geometry": {"type": "Point", "coordinates": [69.302918, 40.996645]}, "properties": {"name": "Туябугуз", "name_uz": "Tuyabo'g'iz", "kind": "town", "osm_id": 1754616863}}, {"type": "Feature", "geometry": {"type": "Point", "coordinates": [70.044106, 41.616594]}, "properties": {"name": "Юсупхана", "name_uz": "Yusufxona", "kind": "village", "osm_id": 1755837540}}, {"type": "Feature", "geometry": {"type": "Point", "coordinates": [69.764901, 41.30748]}, "properties": {"name": "Хисарак", "name_uz": "Hisorak", "kind": "town", "osm_id": 1763841362}}, {"type": "Feature", "geometry": {"type": "Point", "coordinates": [69.202222, 40.272222]}, "properties": {"name": "Хос", "name_uz": "Hos", "kind": "village", "osm_id": 1813849544}}, {"type": "Feature", "geometry": {"type": "Point", "coordinates": [69.223157, 40.697965]}, "properties": {"name": "Бустон", "name_uz": "Bo'ston", "kind": "village", "osm_id": 1814640919}}, {"type": "Feature", "geometry": {"type": "Point", "coordinates": [69.279475, 40.839921]}, "properties": {"name": "Дунгкурган", "name_uz": "Dungqo'rg'on", "kind": "village", "osm_id": 1818624969}}, {"type": "Feature", "geometry": {"type": "Point", "coordinates": [69.28515, 40.811]}, "properties": {"name": "Каракуйли", "name_uz": "Qoraqo'yli", "kind": "village", "osm_id": 1818624970}}, {"type": "Feature", "geometry": {"type": "Point", "coordinates": [69.376798, 40.821139]}, "properties": {"name": "Коштепа", "name_uz": "Qo'shtepa", "kind": "village", "osm_id": 1818624971}}, {"type": "Feature", "geometry": {"type": "Point", "coordinates": [69.40428, 40.85448]}, "properties": {"name": "Культепа", "name_uz": "Kultepa", "kind": "village", "osm_id": 1818624972}}, {"type": "Feature", "geometry": {"type": "Point", "coordinates": [69.877701, 41.601569]}, "properties": {"name": "Каранккуль", "name_uz": "Qoranko'l", "kind": "village", "osm_id": 1832765121}}, {"type": "Feature", "geometry": {"type": "Point", "coordinates": [69.977223, 41.502313]}, "properties": {"name": "Бельдерсай", "name_uz": "Beldorsoy", "kind": "hamlet", "osm_id": 1834236345}}, {"type": "Feature", "geometry": {"type": "Point", "coordinates": [69.263286, 41.406696]}, "properties": {"name": "Хасанбай", "name_uz": "Hasanboy", "kind": "village", "osm_id": 1834948693}}, {"type": "Feature", "geometry": {"type": "Point", "coordinates": [69.112841, 40.715046]}, "properties": {"name": "Янгичаулисай", "name_uz": "Yangichavlisoy", "kind": "village", "osm_id": 1859792981}}, {"type": "Feature", "geometry": {"type": "Point", "coordinates": [69.2208, 40.642139]}, "properties": {"name": "Кокарал", "name_uz": "Ko'korol", "kind": "village", "osm_id": 1909800601}}, {"type": "Feature", "geometry": {"type": "Point", "coordinates": [70.085064, 41.61615]}, "properties": {"name": "Яккатут", "name_uz": "Yakkatut", "kind": "village", "osm_id": 1937838448}}, {"type": "Feature", "geometry": {"type": "Point", "coordinates": [69.34894, 41.42589]}, "properties": {"name": "Маданият", "name_uz": "Madaniyat", "kind": "village", "osm_id": 1968325204}}, {"type": "Feature", "geometry": {"type": "Point", "coordinates": [69.232975, 41.44819]}, "properties": {"name": "Алишер Навои", "name_uz": "Alisher Navoiy", "kind": "village", "osm_id": 1974094160}}, {"type": "Feature", "geometry": {"type": "Point", "coordinates": [69.350727, 41.391127]}, "properties": {"name": "Ункурган", "name_uz": "O'nqo'rg'on", "kind": "village", "osm_id": 1974094161}}, {"type": "Feature", "geometry": {"type": "Point", "coordinates": [69.309186, 41.421948]}, "properties": {"name": "Шурб", "name_uz": "Shuro", "kind": "village", "osm_id": 1974094162}}, {"type": "Feature", "geometry": {"type": "Point", "coordinates": [69.939631, 41.635377]}, "properties": {"name": "Чарвак", "name_uz": "Chorvoq", "kind": "town", "osm_id": 1976443075}}, {"type": "Feature", "geometry": {"type": "Point", "coordinates": [70.275413, 41.831801]}, "properties": {"name": "Кунч", "name_uz": "Kunsh", "kind": "hamlet", "osm_id": 1977678795}}, {"type": "Feature", "geometry": {"type": "Point", "coordinates": [69.028026, 41.075135]}, "properties": {"name": "Гульбахор", "name_uz": "Gulbahor", "kind": "village", "osm_id": 1979064213}}, {"type": "Feature", "geometry": {"type": "Point", "coordinates": [69.16201, 41.201715]}, "properties": {"name": "Зангиата", "name_uz": "Zangiota", "kind": "town", "osm_id": 1984936704}}, {"type": "Feature", "geometry": {"type": "Point", "coordinates": [69.355526, 41.449805]}, "properties": {"name": "Саноат", "name_uz": "Sanoat", "kind": "village", "osm_id": 1985894008}}, {"type": "Feature", "geometry": {"type": "Point", "coordinates": [69.063264, 41.352431]}, "properties": {"name": "Актам", "name_uz": "Oqtom", "kind": "village", "osm_id": 1987946753}}, {"type": "Feature", "geometry": {"type": "Point", "coordinates": [69.134309, 41.380151]}, "properties": {"name": "Даврон", "name_uz": "Davron", "kind": "village", "osm_id": 1987965414}}, {"type": "Feature", "geometry": {"type": "Point", "coordinates": [69.150033, 41.371574]}, "properties": {"name": "Илгар", "name_uz": "Ilg'or", "kind": "hamlet", "osm_id": 1987965415}}, {"type": "Feature", "geometry": {"type": "Point", "coordinates": [69.132422, 41.33509]}, "properties": {"name": "Ункурган", "name_uz": "O'nqo'rg'on", "kind": "village", "osm_id": 1987987958}}, {"type": "Feature", "geometry": {"type": "Point", "coordinates": [69.145778, 41.345786]}, "properties": {"name": "Ункурган", "name_uz": "O'nko'rgon", "kind": "village", "osm_id": 1987987959}}, {"type": "Feature", "geometry": {"type": "Point", "coordinates": [69.190561, 41.380304]}, "properties": {"name": "Кызгалдак", "name_uz": "Qizg'aldoq", "kind": "village", "osm_id": 1989384592}}, {"type": "Feature", "geometry": {"type": "Point", "coordinates": [69.219637, 41.407941]}, "properties": {"name": "Абдурахманов", "name_uz": "Abdurahmonov", "kind": "hamlet", "osm_id": 1989411176}}, {"type": "Feature", "geometry": {"type": "Point", "coordinates": [69.204721, 41.419736]}, "properties": {"name": "Куктерак", "name_uz": "Ko'kterak", "kind": "village", "osm_id": 1989411186}}, {"type": "Feature", "geometry": {"type": "Point", "coordinates": [69.182841, 41.409854]}, "properties": {"name": "Масалбай", "name_uz": "Masalboy", "kind": "village", "osm_id": 1989411191}}, {"type": "Feature", "geometry": {"type": "Point", "coordinates": [69.108836, 41.332716]}, "properties": {"name": "Рамадан", "name_uz": "Ramadon", "kind": "village", "osm_id": 1990632429}}, {"type": "Feature", "geometry": {"type": "Point", "coordinates": [69.211522, 41.443286]}, "properties": {"name": "Культепа", "name_uz": "Ko'ltepa", "kind": "village", "osm_id": 1990813698}}, {"type": "Feature", "geometry": {"type": "Point", "coordinates": [69.25892, 41.430506]}, "properties": {"name": "ТуркВО", "name_uz": "TurkVO", "kind": "village", "osm_id": 1991875093}}, {"type": "Feature", "geometry": {"type": "Point", "coordinates": [69.322801, 41.387602]}, "properties": {"name": "Сабзавот", "name_uz": "Sabzavot", "kind": "village", "osm_id": 1991876984}}, {"type": "Feature", "geometry": {"type": "Point", "coordinates": [69.351381, 41.375067]}, "properties": {"name": "Салар", "name_uz": "Salar", "kind": "town", "osm_id": 1991880841}}, {"type": "Feature", "geometry": {"type": "Point", "coordinates": [69.292289, 41.388082]}, "properties": {"name": "Дархан", "name_uz": "Darhon", "kind": "village", "osm_id": 1991907559}}, {"type": "Feature", "geometry": {"type": "Point", "coordinates": [69.317439, 41.392928]}, "properties": {"name": "Гульзар", "name_uz": "Gulzor", "kind": "village", "osm_id": 1991907581}}, {"type": "Feature", "geometry": {"type": "Point", "coordinates": [69.268927, 41.44761]}, "properties": {"name": "Гулистан", "name_uz": "Guliston", "kind": "village", "osm_id": 2000859230}}, {"type": "Feature", "geometry": {"type": "Point", "coordinates": [69.283559, 41.428994]}, "properties": {"name": "Кенсай", "name_uz": "Kensoy", "kind": "village", "osm_id": 2000876691}}, {"type": "Feature", "geometry": {"type": "Point", "coordinates": [69.314444, 41.409722]}, "properties": {"name": "Гулистан", "name_uz": "Guliston", "kind": "hamlet", "osm_id": 2001000992}}, {"type": "Feature", "geometry": {"type": "Point", "coordinates": [69.366427, 41.430446]}, "properties": {"name": "Мустакиллик", "name_uz": "Mustaqillik", "kind": "village", "osm_id": 2001023129}}, {"type": "Feature", "geometry": {"type": "Point", "coordinates": [69.280542, 41.387984]}, "properties": {"name": "Бешкурган", "name_uz": "Beshqo'rg'on", "kind": "village", "osm_id": 2002181622}}, {"type": "Feature", "geometry": {"type": "Point", "coordinates": [69.283636, 41.405972]}, "properties": {"name": "Авлиё Ата (Кызыл-Октябрь)", "name_uz": "Avliyo Ota", "kind": "village", "osm_id": 2002181623}}, {"type": "Feature", "geometry": {"type": "Point", "coordinates": [69.284626, 41.393079]}, "properties": {"name": "Хавасар", "name_uz": "Havasar", "kind": "hamlet", "osm_id": 2002181624}}, {"type": "Feature", "geometry": {"type": "Point", "coordinates": [69.315738, 41.420654]}, "properties": {"name": "Михайловское", "name_uz": "Mihaylovskoe", "kind": "hamlet", "osm_id": 2002182708}}, {"type": "Feature", "geometry": {"type": "Point", "coordinates": [69.307821, 41.392991]}, "properties": {"name": "Питомник", "name_uz": "Pitomnik", "kind": "hamlet", "osm_id": 2002182709}}, {"type": "Feature", "geometry": {"type": "Point", "coordinates": [69.321708, 41.387287]}, "properties": {"name": "Сабзават", "name_uz": "Sabzavod", "kind": "hamlet", "osm_id": 2002199531}}, {"type": "Feature", "geometry": {"type": "Point", "coordinates": [69.325115, 41.382158]}, "properties": {"name": "Тутзар", "name_uz": "Tutzor", "kind": "village", "osm_id": 2002199532}}, {"type": "Feature", "geometry": {"type": "Point", "coordinates": [69.368396, 41.400349]}, "properties": {"name": "Янгиюль", "name_uz": "Yangiyo'l", "kind": "hamlet", "osm_id": 2002361736}}, {"type": "Feature", "geometry": {"type": "Point", "coordinates": [69.080725, 41.203435]}, "properties": {"name": "Узбекистан", "name_uz": "O'zbekiston", "kind": "village", "osm_id": 2003921373}}, {"type": "Feature", "geometry": {"type": "Point", "coordinates": [69.2092, 41.019144]}, "properties": {"name": "Аранчи", "name_uz": "Oronchi", "kind": "village", "osm_id": 2004099871}}, {"type": "Feature", "geometry": {"type": "Point", "coordinates": [69.39306, 41.408094]}, "properties": {"name": "Уткир", "name_uz": "O'tkir", "kind": "village", "osm_id": 2014762022}}, {"type": "Feature", "geometry": {"type": "Point", "coordinates": [69.397746, 41.432791]}, "properties": {"name": "Бирлик", "name_uz": "Birlik", "kind": "hamlet", "osm_id": 2014785276}}, {"type": "Feature", "geometry": {"type": "Point", "coordinates": [69.38033, 41.439542]}, "properties": {"name": "Мехнат", "name_uz": "Mehnat", "kind": "village", "osm_id": 2014785277}}, {"type": "Feature", "geometry": {"type": "Point", "coordinates": [69.056692, 41.168458]}, "properties": {"name": "Чаманзар", "name_uz": "Chamanzor", "kind": "village", "osm_id": 2017932688}}, {"type": "Feature", "geometry": {"type": "Point", "coordinates": [69.400374, 41.443737]}, "properties": {"name": "Бирлик", "name_uz": "Birlik", "kind": "village", "osm_id": 2021119275}}, {"type": "Feature", "geometry": {"type": "Point", "coordinates": [69.399094, 41.391967]}, "properties": {"name": "Кадырья", "name_uz": "Qodiriya", "kind": "village", "osm_id": 2031456729}}, {"type": "Feature", "geometry": {"type": "Point", "coordinates": [68.968434, 40.81089]}, "properties": {"name": "Мурадаул", "name_uz": "Maradaul", "kind": "village", "osm_id": 2034443221}}, {"type": "Feature", "geometry": {"type": "Point", "coordinates": [69.429381, 41.378142]}, "properties": {"name": "Аргин", "name_uz": "Argin", "kind": "village", "osm_id": 2037733908}}, {"type": "Feature", "geometry": {"type": "Point", "coordinates": [69.41092, 41.380689]}, "properties": {"name": "Кадырлик", "name_uz": "Qodirlik", "kind": "village", "osm_id": 2037733909}}, {"type": "Feature", "geometry": {"type": "Point", "coordinates": [69.413198, 41.524103]}, "properties": {"name": "Туркистан", "name_uz": "Turkiston", "kind": "village", "osm_id": 2039511378}}, {"type": "Feature", "geometry": {"type": "Point", "coordinates": [68.913123, 41.028595]}, "properties": {"name": "Навои", "name_uz": "Navoiy", "kind": "village", "osm_id": 2040304541}}, {"type": "Feature", "geometry": {"type": "Point", "coordinates": [68.939095, 41.031377]}, "properties": {"name": "Амир Темур", "name_uz": "Amir Temur", "kind": "village", "osm_id": 2040305219}}, {"type": "Feature", "geometry": {"type": "Point", "coordinates": [68.909647, 41.006512]}, "properties": {"name": "Навои", "name_uz": "Navoiy", "kind": "hamlet", "osm_id": 2040305252}}, {"type": "Feature", "geometry": {"type": "Point", "coordinates": [69.469658, 41.445447]}, "properties": {"name": "Сасбага", "name_uz": "Sosboga", "kind": "village", "osm_id": 2066041317}}, {"type": "Feature", "geometry": {"type": "Point", "coordinates": [69.357791, 41.437788]}, "properties": {"name": "Тараккиёт", "name_uz": "Taraqqiyot", "kind": "village", "osm_id": 2077200943}}, {"type": "Feature", "geometry": {"type": "Point", "coordinates": [69.48274, 41.435046]}, "properties": {"name": "Танагул", "name_uz": "Tanagul", "kind": "village", "osm_id": 2077301000}}, {"type": "Feature", "geometry": {"type": "Point", "coordinates": [69.477595, 41.420527]}, "properties": {"name": "Садовый", "name_uz": "Sadoviy", "kind": "village", "osm_id": 2080925848}}, {"type": "Feature", "geometry": {"type": "Point", "coordinates": [69.487472, 41.413863]}, "properties": {"name": "Аккавак", "name_uz": "Oqqovoq", "kind": "village", "osm_id": 2080969423}}, {"type": "Feature", "geometry": {"type": "Point", "coordinates": [69.496026, 41.370439]}, "properties": {"name": "Кипчак", "name_uz": "Qipchoq", "kind": "village", "osm_id": 2081000149}}, {"type": "Feature", "geometry": {"type": "Point", "coordinates": [69.477052, 41.361598]}, "properties": {"name": "Хасилдар", "name_uz": "Hosildor", "kind": "village", "osm_id": 2081029504}}, {"type": "Feature", "geometry": {"type": "Point", "coordinates": [69.443577, 41.365434]}, "properties": {"name": "Джалаир", "name_uz": "Jalair", "kind": "village", "osm_id": 2081029505}}, {"type": "Feature", "geometry": {"type": "Point", "coordinates": [69.431822, 41.353424]}, "properties": {"name": "Каттасу", "name_uz": "Kattasuv", "kind": "village", "osm_id": 2084237861}}, {"type": "Feature", "geometry": {"type": "Point", "coordinates": [69.411114, 41.364323]}, "properties": {"name": "Дурмень", "name_uz": "Do'rmon", "kind": "village", "osm_id": 2084263427}}, {"type": "Feature", "geometry": {"type": "Point", "coordinates": [69.514591, 41.026403]}, "properties": {"name": "Дустлик", "name_uz": "Do'stlik", "kind": "village", "osm_id": 2111998371}}, {"type": "Feature", "geometry": {"type": "Point", "coordinates": [69.464183, 41.321564]}, "properties": {"name": "Акбарак", "name_uz": "Oqbarak", "kind": "village", "osm_id": 2127328667}}, {"type": "Feature", "geometry": {"type": "Point", "coordinates": [69.482436, 41.486189]}, "properties": {"name": "Аккум", "name_uz": "Akkum", "kind": "hamlet", "osm_id": 2133432914}}, {"type": "Feature", "geometry": {"type": "Point", "coordinates": [69.510648, 41.409033]}, "properties": {"name": "Байткурган", "name_uz": "Baytqo'rg'on", "kind": "village", "osm_id": 2133544502}}, {"type": "Feature", "geometry": {"type": "Point", "coordinates": [69.423791, 41.112218]}, "properties": {"name": "Акалтын", "name_uz": "Oqoltin", "kind": "village", "osm_id": 2137150085}}, {"type": "Feature", "geometry": {"type": "Point", "coordinates": [69.447974, 41.028985]}, "properties": {"name": "Галлакудук", "name_uz": "G'allaquduq", "kind": "hamlet", "osm_id": 2140983754}}, {"type": "Feature", "geometry": {"type": "Point", "coordinates": [69.418323, 41.050911]}, "properties": {"name": "Канклысай", "name_uz": "Kanklisoy", "kind": "village", "osm_id": 2140983756}}, {"type": "Feature", "geometry": {"type": "Point", "coordinates": [69.360232, 41.019573]}, "properties": {"name": "Чигирик", "name_uz": "Chig'iriq", "kind": "town", "osm_id": 2141011827}}, {"type": "Feature", "geometry": {"type": "Point", "coordinates": [69.365009, 40.997848]}, "properties": {"name": "Янгихаёт", "name_uz": "Yangihayot", "kind": "town", "osm_id": 2141011828}}, {"type": "Feature", "geometry": {"type": "Point", "coordinates": [69.383645, 41.078539]}, "properties": {"name": "Аралаул", "name_uz": "Orolovul", "kind": "village", "osm_id": 2141050446}}, {"type": "Feature", "geometry": {"type": "Point", "coordinates": [69.398112, 41.105038]}, "properties": {"name": "Бешбай", "name_uz": "Beshboy", "kind": "village", "osm_id": 2141050450}}, {"type": "Feature", "geometry": {"type": "Point", "coordinates": [69.402884, 41.075809]}, "properties": {"name": "Жангабай", "name_uz": "Jangaboy", "kind": "village", "osm_id": 2141050453}}, {"type": "Feature", "geometry": {"type": "Point", "coordinates": [69.382772, 41.062402]}, "properties": {"name": "Унбешаул", "name_uz": "Unbeshovul", "kind": "village", "osm_id": 2141050463}}, {"type": "Feature", "geometry": {"type": "Point", "coordinates": [69.388047, 41.057591]}, "properties": {"name": "Чалдараул", "name_uz": "Choldorovul", "kind": "village", "osm_id": 2141050465}}, {"type": "Feature", "geometry": {"type": "Point", "coordinates": [69.376051, 41.148009]}, "properties": {"name": "Багиш", "name_uz": "Bag'ish", "kind": "village", "osm_id": 2141155331}}, {"type": "Feature", "geometry": {"type": "Point", "coordinates": [69.415591, 41.146329]}, "properties": {"name": "Каракалпак", "name_uz": "Qoraqalpoq", "kind": "village", "osm_id": 2141155332}}, {"type": "Feature", "geometry": {"type": "Point", "coordinates": [69.379167, 41.137787]}, "properties": {"name": "Кокиугин", "name_uz": "Kokiugin", "kind": "village", "osm_id": 2141155333}}, {"type": "Feature", "geometry": {"type": "Point", "coordinates": [69.470612, 41.005838]}, "properties": {"name": "Галлакудук", "name_uz": "G'allaquduq", "kind": "town", "osm_id": 2142259497}}, {"type": "Feature", "geometry": {"type": "Point", "coordinates": [69.403807, 41.014933]}, "properties": {"name": "Изза", "name_uz": "Izza", "kind": "hamlet", "osm_id": 2142259498}}, {"type": "Feature", "geometry": {"type": "Point", "coordinates": [69.410064, 41.005871]}, "properties": {"name": "Уртааул", "name_uz": "O'rtaovul", "kind": "village", "osm_id": 2142259499}}, {"type": "Feature", "geometry": {"type": "Point", "coordinates": [69.418358, 41.027456]}, "properties": {"name": "Арычный", "name_uz": "Arichniy", "kind": "hamlet", "osm_id": 2142276954}}, {"type": "Feature", "geometry": {"type": "Point", "coordinates": [69.454724, 41.090046]}, "properties": {"name": "Гулистан", "name_uz": "Guliston", "kind": "hamlet", "osm_id": 2142459796}}, {"type": "Feature", "geometry": {"type": "Point", "coordinates": [69.41705, 41.102162]}, "properties": {"name": "Акалтын", "name_uz": "Akaltin", "kind": "village", "osm_id": 2144982541}}, {"type": "Feature", "geometry": {"type": "Point", "coordinates": [69.40943, 41.099453]}, "properties": {"name": "Бешбай", "name_uz": "Beshboy", "kind": "village", "osm_id": 2144982542}}, {"type": "Feature", "geometry": {"type": "Point", "coordinates": [69.362802, 41.056282]}, "properties": {"name": "8 Марта", "name_uz": "8 Mart", "kind": "hamlet", "osm_id": 2145139785}}, {"type": "Feature", "geometry": {"type": "Point", "coordinates": [69.3641, 41.080855]}, "properties": {"name": "Галабатыр", "name_uz": "Gʻallabotir", "kind": "village", "osm_id": 2146148562}}, {"type": "Feature", "geometry": {"type": "Point", "coordinates": [69.348531, 41.115459]}, "properties": {"name": "Гулистан", "name_uz": "Guliston", "kind": "village", "osm_id": 2146148563}}, {"type": "Feature", "geometry": {"type": "Point", "coordinates": [69.370932, 41.108943]}, "properties": {"name": "Джавгашты", "name_uz": "Javgashti", "kind": "village", "osm_id": 2146148564}}, {"type": "Feature", "geometry": {"type": "Point", "coordinates": [69.364124, 41.089106]}, "properties": {"name": "Тухумбай", "name_uz": "Tuxumboy", "kind": "village", "osm_id": 2146148565}}, {"type": "Feature", "geometry": {"type": "Point", "coordinates": [69.178943, 41.032924]}, "properties": {"name": "Исламабад", "name_uz": "Islomobod", "kind": "village", "osm_id": 2146332015}}, {"type": "Feature", "geometry": {"type": "Point", "coordinates": [69.325755, 41.059904]}, "properties": {"name": "Арчин", "name_uz": "Archin", "kind": "village", "osm_id": 2146390397}}, {"type": "Feature", "geometry": {"type": "Point", "coordinates": [69.355674, 41.067673]}, "properties": {"name": "Киргизаул", "name_uz": "Kirgizovul", "kind": "village", "osm_id": 2146390399}}, {"type": "Feature", "geometry": {"type": "Point", "coordinates": [69.34641, 41.062503]}, "properties": {"name": "Кумарык", "name_uz": "Qumariq", "kind": "village", "osm_id": 2146390400}}, {"type": "Feature", "geometry": {"type": "Point", "coordinates": [69.310057, 41.073328]}, "properties": {"name": "Яхшиаул", "name_uz": "Yahshiovul", "kind": "village", "osm_id": 2146390402}}, {"type": "Feature", "geometry": {"type": "Point", "coordinates": [69.313822, 41.1381]}, "properties": {"name": "Чугунтепа", "name_uz": "Chuguntepa", "kind": "village", "osm_id": 2146751198}}, {"type": "Feature", "geometry": {"type": "Point", "coordinates": [69.303786, 41.137819]}, "properties": {"name": "Ким Пен Хва", "name_uz": "Chibintepa", "kind": "village", "osm_id": 2150212926}}, {"type": "Feature", "geometry": {"type": "Point", "coordinates": [69.307524, 41.010058]}, "properties": {"name": "Каракуйли", "name_uz": "Qoraqo'yli", "kind": "village", "osm_id": 2150294544}}, {"type": "Feature", "geometry": {"type": "Point", "coordinates": [69.318561, 41.036985]}, "properties": {"name": "Кутарма", "name_uz": "Ko'tarma", "kind": "village", "osm_id": 2150294559}}, {"type": "Feature", "geometry": {"type": "Point", "coordinates": [69.296355, 41.047919]}, "properties": {"name": "Пятилетка", "name_uz": "Pyatiletka", "kind": "village", "osm_id": 2150294565}}, {"type": "Feature", "geometry": {"type": "Point", "coordinates": [69.31924, 41.108541]}, "properties": {"name": "Баланкуприк", "name_uz": "Balandko'prik", "kind": "village", "osm_id": 2163617252}}, {"type": "Feature", "geometry": {"type": "Point", "coordinates": [69.320756, 41.126917]}, "properties": {"name": "Гулистан", "name_uz": "Guliston", "kind": "village", "osm_id": 2163617257}}, {"type": "Feature", "geometry": {"type": "Point", "coordinates": [69.310278, 41.004136]}, "properties": {"name": "Айрантепа", "name_uz": "Ayrontepa", "kind": "village", "osm_id": 2163688786}}, {"type": "Feature", "geometry": {"type": "Point", "coordinates": [69.303788, 41.019456]}, "properties": {"name": "Навруз (Ленинабад)", "name_uz": "Navro'z", "kind": "village", "osm_id": 2164856918}}, {"type": "Feature", "geometry": {"type": "Point", "coordinates": [69.293539, 41.113993]}, "properties": {"name": "Дунган", "name_uz": "Dungan", "kind": "village", "osm_id": 2164899419}}, {"type": "Feature", "geometry": {"type": "Point", "coordinates": [69.266134, 41.045471]}, "properties": {"name": "Тогизак", "name_uz": "Tog'izoq", "kind": "village", "osm_id": 2165158637}}, {"type": "Feature", "geometry": {"type": "Point", "coordinates": [69.292163, 41.013548]}, "properties": {"name": "Разъезд №135", "name_uz": "Razezd №135", "kind": "hamlet", "osm_id": 2166442935}}, {"type": "Feature", "geometry": {"type": "Point", "coordinates": [69.264238, 41.012729]}, "properties": {"name": "Ярык", "name_uz": "Yoriq", "kind": "village", "osm_id": 2166442936}}, {"type": "Feature", "geometry": {"type": "Point", "coordinates": [69.261317, 41.035226]}, "properties": {"name": "Дархан", "name_uz": "Darxon", "kind": "village", "osm_id": 2166456672}}, {"type": "Feature", "geometry": {"type": "Point", "coordinates": [69.236668, 41.125822]}, "properties": {"name": "Культепа", "name_uz": "Ko'ltepa", "kind": "village", "osm_id": 2166456673}}, {"type": "Feature", "geometry": {"type": "Point", "coordinates": [69.249074, 41.14323]}, "properties": {"name": "Культепа", "name_uz": "Ko'ltepa", "kind": "village", "osm_id": 2166456674}}, {"type": "Feature", "geometry": {"type": "Point", "coordinates": [69.242336, 41.084573]}, "properties": {"name": "Остановочный пункт", "name_uz": "Ostanovochniy punkt", "kind": "village", "osm_id": 2166456675}}, {"type": "Feature", "geometry": {"type": "Point", "coordinates": [69.268056, 41.070833]}, "properties": {"name": "Уйгур", "name_uz": "Uyg'ur", "kind": "village", "osm_id": 2166456676}}, {"type": "Feature", "geometry": {"type": "Point", "coordinates": [69.262772, 41.128685]}, "properties": {"name": "Юнгичкала", "name_uz": "Yo'ng'ichqala", "kind": "village", "osm_id": 2166456677}}, {"type": "Feature", "geometry": {"type": "Point", "coordinates": [69.297736, 41.153646]}, "properties": {"name": "Янгитурмуш", "name_uz": "Yangiturmush", "kind": "village", "osm_id": 2166577038}}, {"type": "Feature", "geometry": {"type": "Point", "coordinates": [69.246126, 41.15636]}, "properties": {"name": "Сурум", "name_uz": "Surum", "kind": "village", "osm_id": 2173116659}}, {"type": "Feature", "geometry": {"type": "Point", "coordinates": [69.235196, 41.027804]}, "properties": {"name": "Ямгурчи", "name_uz": "Yomgurchi", "kind": "village", "osm_id": 2173150065}}, {"type": "Feature", "geometry": {"type": "Point", "coordinates": [69.245677, 41.068474]}, "properties": {"name": "Элибайтепа", "name_uz": "Eliboytepa", "kind": "village", "osm_id": 2173204449}}, {"type": "Feature", "geometry": {"type": "Point", "coordinates": [69.275201, 41.158495]}, "properties": {"name": "Саидаул", "name_uz": "Saidovul", "kind": "village", "osm_id": 2174602776}}, {"type": "Feature", "geometry": {"type": "Point", "coordinates": [69.243046, 41.104617]}, "properties": {"name": "Баканглы", "name_uz": "Bakangli", "kind": "village", "osm_id": 2174652936}}, {"type": "Feature", "geometry": {"type": "Point", "coordinates": [69.234785, 41.013366]}, "properties": {"name": "Кучлюк", "name_uz": "Kuchluk", "kind": "village", "osm_id": 2174739689}}, {"type": "Feature", "geometry": {"type": "Point", "coordinates": [69.211398, 41.009795]}, "properties": {"name": "Бештентак", "name_uz": "Beshtentak", "kind": "village", "osm_id": 2174748562}}, {"type": "Feature", "geometry": {"type": "Point", "coordinates": [69.227849, 41.004332]}, "properties": {"name": "Усманата", "name_uz": "Usmanota", "kind": "village", "osm_id": 2174748563}}, {"type": "Feature", "geometry": {"type": "Point", "coordinates": [69.207085, 41.091747]}, "properties": {"name": "Багиш", "name_uz": "Bagish", "kind": "hamlet", "osm_id": 2176881228}}, {"type": "Feature", "geometry": {"type": "Point", "coordinates": [69.183949, 41.058242]}, "properties": {"name": "Джарыкбаш", "name_uz": "Jarikbosh", "kind": "village", "osm_id": 2176881233}}, {"type": "Feature", "geometry": {"type": "Point", "coordinates": [69.219419, 41.037883]}, "properties": {"name": "Юсупов", "name_uz": "Yusupov", "kind": "village", "osm_id": 2176881236}}, {"type": "Feature", "geometry": {"type": "Point", "coordinates": [69.206985, 41.045826]}, "properties": {"name": "Багчасарай", "name_uz": "Bog'chasаrоy", "kind": "village", "osm_id": 2176881239}}, {"type": "Feature", "geometry": {"type": "Point", "coordinates": [69.182216, 41.105204]}, "properties": {"name": "Кызыл Шарк", "name_uz": "Qizil Sharq", "kind": "village", "osm_id": 2176881242}}, {"type": "Feature", "geometry": {"type": "Point", "coordinates": [69.196111, 41.068595]}, "properties": {"name": "Тинчлик", "name_uz": "Tinchlik", "kind": "village", "osm_id": 2176881245}}, {"type": "Feature", "geometry": {"type": "Point", "coordinates": [69.16598, 41.145499]}, "properties": {"name": "Самарканд", "name_uz": "Samarkand", "kind": "village", "osm_id": 2176881249}}, {"type": "Feature", "geometry": {"type": "Point", "coordinates": [69.201192, 41.134755]}, "properties": {"name": "Ташлак", "name_uz": "Toshloq", "kind": "village", "osm_id": 2176881252}}, {"type": "Feature", "geometry": {"type": "Point", "coordinates": [69.202673, 41.077387]}, "properties": {"name": "Янгиташ", "name_uz": "Yangitosh", "kind": "village", "osm_id": 2176881255}}, {"type": "Feature", "geometry": {"type": "Point", "coordinates": [69.194365, 41.161485]}, "properties": {"name": "Дустлик", "name_uz": "Do'stlik", "kind": "village", "osm_id": 2176881263}}, {"type": "Feature", "geometry": {"type": "Point", "coordinates": [69.139943, 41.241759]}, "properties": {"name": "Далигузар", "name_uz": "Daliguz'or", "kind": "village", "osm_id": 2178211049}}, {"type": "Feature", "geometry": {"type": "Point", "coordinates": [69.16857, 41.228061]}, "properties": {"name": "Эркин", "name_uz": "Erkin", "kind": "town", "osm_id": 2178211050}}, {"type": "Feature", "geometry": {"type": "Point", "coordinates": [69.151742, 41.250829]}, "properties": {"name": "Эшангузар", "name_uz": "Eshong'uzor", "kind": "town", "osm_id": 2178211051}}, {"type": "Feature", "geometry": {"type": "Point", "coordinates": [69.148547, 41.063763]}, "properties": {"name": "Кушек", "name_uz": "Kushek", "kind": "village", "osm_id": 2178211053}}, {"type": "Feature", "geometry": {"type": "Point", "coordinates": [69.150383, 41.006491]}, "properties": {"name": "Беруни", "name_uz": "Beruniy", "kind": "village", "osm_id": 2178211054}}, {"type": "Feature", "geometry": {"type": "Point", "coordinates": [69.165388, 41.050091]}, "properties": {"name": "Бессари", "name_uz": "Bessari", "kind": "village", "osm_id": 2178211349}}, {"type": "Feature", "geometry": {"type": "Point", "coordinates": [69.139334, 41.270567]}, "properties": {"name": "Дамачи", "name_uz": "Damachi", "kind": "hamlet", "osm_id": 2178256873}}, {"type": "Feature", "geometry": {"type": "Point", "coordinates": [69.162527, 41.095636]}, "properties": {"name": "Искандар", "name_uz": "Iskandar", "kind": "village", "osm_id": 2179393227}}, {"type": "Feature", "geometry": {"type": "Point", "coordinates": [69.142428, 41.14148]}, "properties": {"name": "Югантепа", "name_uz": "Yugantepa", "kind": "village", "osm_id": 2179403824}}, {"type": "Feature", "geometry": {"type": "Point", "coordinates": [69.165995, 41.180076]}, "properties": {"name": "Багзар", "name_uz": "Bog'zor", "kind": "village", "osm_id": 2179464452}}, {"type": "Feature", "geometry": {"type": "Point", "coordinates": [69.173477, 41.196563]}, "properties": {"name": "Карахусан", "name_uz": "Qorahusan", "kind": "hamlet", "osm_id": 2179545220}}, {"type": "Feature", "geometry": {"type": "Point", "coordinates": [69.172203, 41.212559]}, "properties": {"name": "Павализар", "name_uz": "Pavalizar", "kind": "hamlet", "osm_id": 2179562096}}, {"type": "Feature", "geometry": {"type": "Point", "coordinates": [69.149843, 41.330408]}, "properties": {"name": "Ахмад Яссави", "name_uz": "Ahmad Yassaviy", "kind": "village", "osm_id": 2184987994}}, {"type": "Feature", "geometry": {"type": "Point", "coordinates": [69.111576, 41.316241]}, "properties": {"name": "Алимбаба", "name_uz": "Olimbobo", "kind": "village", "osm_id": 2184987995}}, {"type": "Feature", "geometry": {"type": "Point", "coordinates": [69.141005, 41.307008]}, "properties": {"name": "Назарбек", "name_uz": "Nazarbek", "kind": "village", "osm_id": 2184987996}}, {"type": "Feature", "geometry": {"type": "Point", "coordinates": [69.118263, 41.017792]}, "properties": {"name": "Кульджапскент", "name_uz": "G'uljapiskent", "kind": "village", "osm_id": 2185069794}}, {"type": "Feature", "geometry": {"type": "Point", "coordinates": [69.109126, 41.056528]}, "properties": {"name": "Огонёк (Огонёк)", "name_uz": "Madaniyat", "kind": "village", "osm_id": 2185069797}}, {"type": "Feature", "geometry": {"type": "Point", "coordinates": [69.129312, 41.24944]}, "properties": {"name": "Каравантепа", "name_uz": "Karvontepa", "kind": "village", "osm_id": 2185350440}}, {"type": "Feature", "geometry": {"type": "Point", "coordinates": [69.113867, 41.154264]}, "properties": {"name": "Машраб", "name_uz": "Mashrab", "kind": "village", "osm_id": 2186849001}}, {"type": "Feature", "geometry": {"type": "Point", "coordinates": [69.121444, 41.136603]}, "properties": {"name": "Ветеран", "name_uz": "Veteran", "kind": "village", "osm_id": 2190201530}}, {"type": "Feature", "geometry": {"type": "Point", "coordinates": [69.08352, 41.156283]}, "properties": {"name": "Агротехник (Стаханов)", "name_uz": "Agrotehnik", "kind": "village", "osm_id": 2191330397}}, {"type": "Feature", "geometry": {"type": "Point", "coordinates": [69.561047, 41.395973]}, "properties": {"name": "Кызыл-Юлдуз", "name_uz": "Qizil-Yulduz", "kind": "village", "osm_id": 2191330401}}, {"type": "Feature", "geometry": {"type": "Point", "coordinates": [69.581927, 41.415778]}, "properties": {"name": "Саксоната", "name_uz": "Saksonota", "kind": "village", "osm_id": 2191330403}}, {"type": "Feature", "geometry": {"type": "Point", "coordinates": [69.094738, 41.174707]}, "properties": {"name": "Чантепа", "name_uz": "Chantepa", "kind": "village", "osm_id": 2194001858}}, {"type": "Feature", "geometry": {"type": "Point", "coordinates": [69.101775, 41.215814]}, "properties": {"name": "Гагарин", "name_uz": "Gagarin", "kind": "village", "osm_id": 2195373828}}, {"type": "Feature", "geometry": {"type": "Point", "coordinates": [69.027959, 41.189412]}, "properties": {"name": "Миришкор", "name_uz": "Mirishkor", "kind": "village", "osm_id": 2199270779}}, {"type": "Feature", "geometry": {"type": "Point", "coordinates": [69.019388, 41.122457]}, "properties": {"name": "Файзиабад", "name_uz": "Fayziobod", "kind": "village", "osm_id": 2199270780}}, {"type": "Feature", "geometry": {"type": "Point", "coordinates": [69.031801, 41.281159]}, "properties": {"name": "Айбек", "name_uz": "Oybek", "kind": "village", "osm_id": 2201129098}}, {"type": "Feature", "geometry": {"type": "Point", "coordinates": [69.103388, 41.283949]}, "properties": {"name": "Мевазар", "name_uz": "Mevazor", "kind": "village", "osm_id": 2201129099}}, {"type": "Feature", "geometry": {"type": "Point", "coordinates": [69.096657, 41.335693]}, "properties": {"name": "Совхоз Назарбека отдел №4", "name_uz": "Nazarbek sovhozi 4-bo'lim", "kind": "hamlet", "osm_id": 2201129100}}, {"type": "Feature", "geometry": {"type": "Point", "coordinates": [69.093402, 41.295943]}, "properties": {"name": "Тарнау", "name_uz": "Tarnov", "kind": "village", "osm_id": 2201129101}}, {"type": "Feature", "geometry": {"type": "Point", "coordinates": [69.113893, 41.304726]}, "properties": {"name": "Харакат", "name_uz": "Harakat", "kind": "village", "osm_id": 2201129102}}, {"type": "Feature", "geometry": {"type": "Point", "coordinates": [69.109206, 41.249322]}, "properties": {"name": "Шайманапрык", "name_uz": "Shaymonoprik", "kind": "village", "osm_id": 2207820510}}, {"type": "Feature", "geometry": {"type": "Point", "coordinates": [69.073985, 41.225]}, "properties": {"name": "Батыр", "name_uz": "Botir", "kind": "village", "osm_id": 2209728363}}, {"type": "Feature", "geometry": {"type": "Point", "coordinates": [69.085274, 41.331966]}, "properties": {"name": "Куян", "name_uz": "Kuyan", "kind": "hamlet", "osm_id": 2209728364}}, {"type": "Feature", "geometry": {"type": "Point", "coordinates": [69.062958, 41.159872]}, "properties": {"name": "Конкус", "name_uz": "Konkus", "kind": "village", "osm_id": 2209728365}}, {"type": "Feature", "geometry": {"type": "Point", "coordinates": [69.090683, 41.244475]}, "properties": {"name": "Мирзо Улигбек", "name_uz": "Mirzo Ulug'bek", "kind": "village", "osm_id": 2209728366}}, {"type": "Feature", "geometry": {"type": "Point", "coordinates": [69.096344, 41.255708]}, "properties": {"name": "Бозсу", "name_uz": "Bozsuv", "kind": "village", "osm_id": 2210807273}}, {"type": "Feature", "geometry": {"type": "Point", "coordinates": [69.083088, 41.270142]}, "properties": {"name": "Дамаши", "name_uz": "Damashi", "kind": "village", "osm_id": 2210807276}}, {"type": "Feature", "geometry": {"type": "Point", "coordinates": [69.068579, 41.280071]}, "properties": {"name": "Тукимачи", "name_uz": "Toʻqimachi", "kind": "village", "osm_id": 2210866588}}, {"type": "Feature", "geometry": {"type": "Point", "coordinates": [69.029815, 41.13886]}, "properties": {"name": "Дангир", "name_uz": "Dangir", "kind": "village", "osm_id": 2210985618}}, {"type": "Feature", "geometry": {"type": "Point", "coordinates": [69.038895, 41.228845]}, "properties": {"name": "Гулистан", "name_uz": "Guliston", "kind": "village", "osm_id": 2211112134}}, {"type": "Feature", "geometry": {"type": "Point", "coordinates": [69.051952, 41.053454]}, "properties": {"name": "Байтыш", "name_uz": "Boytish", "kind": "village", "osm_id": 2211141779}}, {"type": "Feature", "geometry": {"type": "Point", "coordinates": [69.048027, 41.013948]}, "properties": {"name": "Мевазар", "name_uz": "Mevazor", "kind": "village", "osm_id": 2211141794}}, {"type": "Feature", "geometry": {"type": "Point", "coordinates": [69.028502, 41.036985]}, "properties": {"name": "Кушагач", "name_uz": "Qushyog'och", "kind": "village", "osm_id": 2211141801}}, {"type": "Feature", "geometry": {"type": "Point", "coordinates": [69.063788, 41.013203]}, "properties": {"name": "отдел №1", "name_uz": "1-bo'lim", "kind": "village", "osm_id": 2211141806}}, {"type": "Feature", "geometry": {"type": "Point", "coordinates": [69.032409, 41.090246]}, "properties": {"name": "Эски Ковунчи", "name_uz": "Eski Qovunchi", "kind": "village", "osm_id": 2233290252}}, {"type": "Feature", "geometry": {"type": "Point", "coordinates": [69.080471, 41.117838]}, "properties": {"name": "Тахтакуприк", "name_uz": "Taxtako'prik", "kind": "village", "osm_id": 2233310052}}, {"type": "Feature", "geometry": {"type": "Point", "coordinates": [69.020518, 41.052042]}, "properties": {"name": "Кунгуртус", "name_uz": "Kungurtus", "kind": "village", "osm_id": 2240922170}}, {"type": "Feature", "geometry": {"type": "Point", "coordinates": [69.003347, 41.005579]}, "properties": {"name": "подсобное хозяйство Текстильного комбината", "name_uz": "To'qimachilik fabrikasini yordamchi ho'jaligi", "kind": "village", "osm_id": 2241676064}}, {"type": "Feature", "geometry": {"type": "Point", "coordinates": [69.510569, 41.432871]}, "properties": {"name": "Дархан", "name_uz": "Darxon", "kind": "village", "osm_id": 2246129526}}, {"type": "Feature", "geometry": {"type": "Point", "coordinates": [69.548357, 41.420287]}, "properties": {"name": "Налазар", "name_uz": "Nalazor", "kind": "village", "osm_id": 2246129535}}, {"type": "Feature", "geometry": {"type": "Point", "coordinates": [69.507851, 41.418193]}, "properties": {"name": "Сергели", "name_uz": "Sergeli", "kind": "village", "osm_id": 2246129544}}, {"type": "Feature", "geometry": {"type": "Point", "coordinates": [69.526646, 41.404917]}, "properties": {"name": "Эскикурган", "name_uz": "Eskiqo'rgon", "kind": "village", "osm_id": 2246129550}}, {"type": "Feature", "geometry": {"type": "Point", "coordinates": [69.52183, 41.422792]}, "properties": {"name": "Аганай", "name_uz": "Ag'anay", "kind": "village", "osm_id": 2246138165}}, {"type": "Feature", "geometry": {"type": "Point", "coordinates": [69.500416, 41.45474]}, "properties": {"name": "Киргизаул (Крупской)", "name_uz": "Qirgʻizovul", "kind": "village", "osm_id": 2246138166}}, {"type": "Feature", "geometry": {"type": "Point", "coordinates": [69.529057, 41.44497]}, "properties": {"name": "Нурабад махалля", "name_uz": "Nurobod mahallasi", "kind": "neighbourhood", "osm_id": 2246138168}}, {"type": "Feature", "geometry": {"type": "Point", "coordinates": [69.520542, 41.475379]}, "properties": {"name": "Гагарин", "name_uz": "Gagarin", "kind": "hamlet", "osm_id": 2246222993}}, {"type": "Feature", "geometry": {"type": "Point", "coordinates": [69.505377, 41.45481]}, "properties": {"name": "Сельмаш", "name_uz": "Selmash", "kind": "hamlet", "osm_id": 2246222996}}, {"type": "Feature", "geometry": {"type": "Point", "coordinates": [69.526033, 41.338885]}, "properties": {"name": "Бешбола", "name_uz": "Beshbola", "kind": "village", "osm_id": 2246361766}}, {"type": "Feature", "geometry": {"type": "Point", "coordinates": [69.486152, 41.324235]}, "properties": {"name": "Китай-Тепа", "name_uz": "Hitoy-Tepa", "kind": "village", "osm_id": 2246361767}}, {"type": "Feature", "geometry": {"type": "Point", "coordinates": [69.502684, 41.34231]}, "properties": {"name": "Истиклол", "name_uz": "Istiqlol", "kind": "village", "osm_id": 2246361768}}, {"type": "Feature", "geometry": {"type": "Point", "coordinates": [69.577747, 41.41003]}, "properties": {"name": "Водный узел", "name_uz": "Vodniy uzel", "kind": "hamlet", "osm_id": 2248135163}}, {"type": "Feature", "geometry": {"type": "Point", "coordinates": [69.588337, 41.425652]}, "properties": {"name": "Янгикурган", "name_uz": "Yangiqo'rg'on", "kind": "village", "osm_id": 2248135183}}, {"type": "Feature", "geometry": {"type": "Point", "coordinates": [69.56666, 41.380382]}, "properties": {"name": "Карл Маркс", "name_uz": "Karl Marks", "kind": "hamlet", "osm_id": 2248135190}}, {"type": "Feature", "geometry": {"type": "Point", "coordinates": [69.568824, 41.406682]}, "properties": {"name": "Эшматаул", "name_uz": "Eshmatovul", "kind": "village", "osm_id": 2248135207}}, {"type": "Feature", "geometry": {"type": "Point", "coordinates": [69.468391, 41.403274]}, "properties": {"name": "Магарач", "name_uz": "Magarach", "kind": "village", "osm_id": 2249256176}}, {"type": "Feature", "geometry": {"type": "Point", "coordinates": [69.68296, 41.54415]}, "properties": {"name": "Паргос", "name_uz": "Pargos", "kind": "village", "osm_id": 2249260684}}, {"type": "Feature", "geometry": {"type": "Point", "coordinates": [69.590219, 41.499903]}, "properties": {"name": "Степной аул", "name_uz": "Dasht Оvul", "kind": "village", "osm_id": 2249790161}}, {"type": "Feature", "geometry": {"type": "Point", "coordinates": [69.524961, 41.436392]}, "properties": {"name": "Нанлы", "name_uz": "Nanli", "kind": "village", "osm_id": 2250042589}}, {"type": "Feature", "geometry": {"type": "Point", "coordinates": [69.570329, 41.473179]}, "properties": {"name": "Киёмгар махалля", "name_uz": "Kimyogar mahallasi", "kind": "neighbourhood", "osm_id": 2250162630}}, {"type": "Feature", "geometry": {"type": "Point", "coordinates": [69.640077, 41.535082]}, "properties": {"name": "Азадбаш", "name_uz": "Ozodbosh", "kind": "village", "osm_id": 2261073740}}, {"type": "Feature", "geometry": {"type": "Point", "coordinates": [69.597692, 41.432935]}, "properties": {"name": "Караманас", "name_uz": "Qoramanas", "kind": "village", "osm_id": 2261290603}}, {"type": "Feature", "geometry": {"type": "Point", "coordinates": [69.569264, 41.436295]}, "properties": {"name": "Кырккурук", "name_uz": "Kirkkuruk", "kind": "village", "osm_id": 2261290604}}, {"type": "Feature", "geometry": {"type": "Point", "coordinates": [69.607324, 41.497959]}, "properties": {"name": "Нижне-чирчикский", "name_uz": "Quyi-chirchiq", "kind": "suburb", "osm_id": 2261290605}}, {"type": "Feature", "geometry": {"type": "Point", "coordinates": [69.570439, 41.440834]}, "properties": {"name": "Юмалак", "name_uz": "Yumaloq", "kind": "village", "osm_id": 2261290606}}, {"type": "Feature", "geometry": {"type": "Point", "coordinates": [69.633855, 41.35404]}, "properties": {"name": "Ачисай", "name_uz": "Achisoy", "kind": "village", "osm_id": 2262431237}}, {"type": "Feature", "geometry": {"type": "Point", "coordinates": [69.615153, 41.351385]}, "properties": {"name": "Яйилма", "name_uz": "Yayilma", "kind": "village", "osm_id": 2262431241}}, {"type": "Feature", "geometry": {"type": "Point", "coordinates": [69.593327, 41.467606]}, "properties": {"name": "Янги махалля", "name_uz": "Yangi mahalla", "kind": "hamlet", "osm_id": 2262431245}}, {"type": "Feature", "geometry": {"type": "Point", "coordinates": [69.602898, 41.391129]}, "properties": {"name": "Чаткал", "name_uz": "Chotqol", "kind": "village", "osm_id": 2262431250}}, {"type": "Feature", "geometry": {"type": "Point", "coordinates": [69.808504, 41.493494]}, "properties": {"name": "Карамазар", "name_uz": "Qoramozor", "kind": "village", "osm_id": 2264214834}}, {"type": "Feature", "geometry": {"type": "Point", "coordinates": [69.95452, 41.637592]}, "properties": {"name": "Бештут", "name_uz": "Beshtut", "kind": "hamlet", "osm_id": 2264715797}}, {"type": "Feature", "geometry": {"type": "Point", "coordinates": [69.949425, 41.633674]}, "properties": {"name": "Хoджикент", "name_uz": "Ho'jakent", "kind": "village", "osm_id": 2264723688}}, {"type": "Feature", "geometry": {"type": "Point", "coordinates": [69.636256, 41.454594]}, "properties": {"name": "Айдарали", "name_uz": "Aydarali", "kind": "village", "osm_id": 2280585509}}, {"type": "Feature", "geometry": {"type": "Point", "coordinates": [69.656907, 41.47982]}, "properties": {"name": "Кызылту", "name_uz": "Qiziltuv", "kind": "village", "osm_id": 2280585518}}, {"type": "Feature", "geometry": {"type": "Point", "coordinates": [69.634015, 41.515273]}, "properties": {"name": "Аранчи", "name_uz": "Oronchi", "kind": "village", "osm_id": 2281654193}}, {"type": "Feature", "geometry": {"type": "Point", "coordinates": [69.62157, 41.512138]}, "properties": {"name": "Верхне-чирчикский район", "name_uz": "Yuqori-chirchiq", "kind": "neighbourhood", "osm_id": 2281654194}}, {"type": "Feature", "geometry": {"type": "Point", "coordinates": [69.630951, 41.447073]}, "properties": {"name": "Кушек", "name_uz": "Kushek", "kind": "village", "osm_id": 2281654195}}, {"type": "Feature", "geometry": {"type": "Point", "coordinates": [69.607919, 41.454425]}, "properties": {"name": "Карабай", "name_uz": "Qoraboy", "kind": "village", "osm_id": 2281662429}}, {"type": "Feature", "geometry": {"type": "Point", "coordinates": [69.654077, 41.336691]}, "properties": {"name": "Джильма", "name_uz": "Jilma", "kind": "village", "osm_id": 2281738181}}, {"type": "Feature", "geometry": {"type": "Point", "coordinates": [69.722332, 41.546212]}, "properties": {"name": "Думалак", "name_uz": "Dumaloq", "kind": "village", "osm_id": 2290201513}}, {"type": "Feature", "geometry": {"type": "Point", "coordinates": [69.711934, 41.51536]}, "properties": {"name": "Дружба", "name_uz": "Do'stlik", "kind": "hamlet", "osm_id": 2290345621}}, {"type": "Feature", "geometry": {"type": "Point", "coordinates": [69.685143, 41.378022]}, "properties": {"name": "Чавканчак", "name_uz": "Chavkanchak", "kind": "village", "osm_id": 2290345622}}, {"type": "Feature", "geometry": {"type": "Point", "coordinates": [69.678986, 41.414689]}, "properties": {"name": "Жудурук", "name_uz": "Juduruk", "kind": "village", "osm_id": 2290385386}}, {"type": "Feature", "geometry": {"type": "Point", "coordinates": [69.704854, 41.561782]}, "properties": {"name": "Акташ", "name_uz": "Oqtosh", "kind": "hamlet", "osm_id": 2294295636}}, {"type": "Feature", "geometry": {"type": "Point", "coordinates": [69.730009, 41.571887]}, "properties": {"name": "Баррадж", "name_uz": "Barraj", "kind": "village", "osm_id": 2298009812}}, {"type": "Feature", "geometry": {"type": "Point", "coordinates": [69.709536, 41.389204]}, "properties": {"name": "Караманас", "name_uz": "Qoramanas", "kind": "village", "osm_id": 2302152824}}, {"type": "Feature", "geometry": {"type": "Point", "coordinates": [69.651384, 41.528591]}, "properties": {"name": "Аранчи", "name_uz": "Oronchi", "kind": "hamlet", "osm_id": 2302838927}}, {"type": "Feature", "geometry": {"type": "Point", "coordinates": [69.736772, 41.356461]}, "properties": {"name": "Шавкакчак", "name_uz": "Chavkakcha", "kind": "hamlet", "osm_id": 2306644298}}, {"type": "Feature", "geometry": {"type": "Point", "coordinates": [69.717274, 41.450148]}, "properties": {"name": "Ащисай", "name_uz": "Ashisoy", "kind": "village", "osm_id": 2306682332}}, {"type": "Feature", "geometry": {"type": "Point", "coordinates": [69.906019, 41.610093]}, "properties": {"name": "Булаксу", "name_uz": "Buloqsuv", "kind": "hamlet", "osm_id": 2316446918}}, {"type": "Feature", "geometry": {"type": "Point", "coordinates": [69.865461, 41.61137]}, "properties": {"name": "Кызылсу", "name_uz": "Qizilsuv", "kind": "village", "osm_id": 2316446923}}, {"type": "Feature", "geometry": {"type": "Point", "coordinates": [69.84809, 41.449913]}, "properties": {"name": "Гиджал", "name_uz": "Gidjal", "kind": "hamlet", "osm_id": 2316662862}}, {"type": "Feature", "geometry": {"type": "Point", "coordinates": [69.782316, 41.435753]}, "properties": {"name": "Карабаштау", "name_uz": "Qoraboshtov", "kind": "village", "osm_id": 2316662863}}, {"type": "Feature", "geometry": {"type": "Point", "coordinates": [69.951586, 41.429325]}, "properties": {"name": "Нуреката", "name_uz": "Nurekata", "kind": "hamlet", "osm_id": 2316662864}}, {"type": "Feature", "geometry": {"type": "Point", "coordinates": [69.78114, 41.477709]}, "properties": {"name": "Подсобное хозяйство Бостандлыкского района", "name_uz": "Bo'stonliq tumanidagi yordamchi ho'jalik", "kind": "hamlet", "osm_id": 2316698725}}, {"type": "Feature", "geometry": {"type": "Point", "coordinates": [69.762574, 41.365502]}, "properties": {"name": "Кирак", "name_uz": "Kirak", "kind": "hamlet", "osm_id": 2316752838}}, {"type": "Feature", "geometry": {"type": "Point", "coordinates": [69.832836, 41.463798]}, "properties": {"name": "Чехчим", "name_uz": "Chehchim", "kind": "hamlet", "osm_id": 2318035868}}, {"type": "Feature", "geometry": {"type": "Point", "coordinates": [68.715556, 40.91]}, "properties": {"name": "Янги Чиназ", "name_uz": "Yangi Chinoz", "kind": "village", "osm_id": 2318200931}}, {"type": "Feature", "geometry": {"type": "Point", "coordinates": [69.846689, 41.441702]}, "properties": {"name": "Арчалы", "name_uz": "Archali", "kind": "hamlet", "osm_id": 2321669316}}, {"type": "Feature", "geometry": {"type": "Point", "coordinates": [69.8142, 41.420909]}, "properties": {"name": "Тегерменжар", "name_uz": "Tegermenjar", "kind": "hamlet", "osm_id": 2321669320}}, {"type": "Feature", "geometry": {"type": "Point", "coordinates": [69.867173, 41.629746]}, "properties": {"name": "Тастобе", "name_uz": "Tastobe", "kind": "hamlet", "osm_id": 2322873288}}, {"type": "Feature", "geometry": {"type": "Point", "coordinates": [69.568828, 41.416133]}, "properties": {"name": "Дала Хавли", "name_uz": "Dala Hovli", "kind": "hamlet", "osm_id": 2323969758}}, {"type": "Feature", "geometry": {"type": "Point", "coordinates": [69.906876, 41.569139]}, "properties": {"name": "Каранккуль", "name_uz": "Karankul", "kind": "hamlet", "osm_id": 2324025649}}, {"type": "Feature", "geometry": {"type": "Point", "coordinates": [69.847567, 41.559751]}, "properties": {"name": "Парчаюз", "name_uz": "Parchayuz", "kind": "hamlet", "osm_id": 2324132870}}, {"type": "Feature", "geometry": {"type": "Point", "coordinates": [69.87243, 41.532325]}, "properties": {"name": "Туккызкуль", "name_uz": "To'qqizko'l", "kind": "village", "osm_id": 2324132871}}, {"type": "Feature", "geometry": {"type": "Point", "coordinates": [69.868427, 41.522225]}, "properties": {"name": "Сарлыбаштау", "name_uz": "Sarliboshtov", "kind": "hamlet", "osm_id": 2325166168}}, {"type": "Feature", "geometry": {"type": "Point", "coordinates": [69.842719, 41.512596]}, "properties": {"name": "Опащак", "name_uz": "Opashak", "kind": "hamlet", "osm_id": 2325210429}}, {"type": "Feature", "geometry": {"type": "Point", "coordinates": [69.845899, 41.444569]}, "properties": {"name": "Учбау", "name_uz": "Uchbau", "kind": "hamlet", "osm_id": 2326581809}}, {"type": "Feature", "geometry": {"type": "Point", "coordinates": [69.940647, 41.532174]}, "properties": {"name": "Учтерак", "name_uz": "Uchterak", "kind": "village", "osm_id": 2327824584}}, {"type": "Feature", "geometry": {"type": "Point", "coordinates": [70.079657, 41.574381]}, "properties": {"name": "Янгикурган", "name_uz": "Yangiqo'rg'on", "kind": "village", "osm_id": 2328486840}}, {"type": "Feature", "geometry": {"type": "Point", "coordinates": [70.006197, 41.60914]}, "properties": {"name": "Бакачур", "name_uz": "Bakachur", "kind": "hamlet", "osm_id": 2329700915}}, {"type": "Feature", "geometry": {"type": "Point", "coordinates": [69.903007, 41.37641]}, "properties": {"name": "Тутамгалы", "name_uz": "Tutomgali", "kind": "village", "osm_id": 2330267639}}, {"type": "Feature", "geometry": {"type": "Point", "coordinates": [69.897709, 41.403243]}, "properties": {"name": "Конурдек", "name_uz": "Konurdek", "kind": "village", "osm_id": 2330270914}}, {"type": "Feature", "geometry": {"type": "Point", "coordinates": [69.922858, 41.363967]}, "properties": {"name": "Тешикташ", "name_uz": "Teshiktosh", "kind": "village", "osm_id": 2330335687}}, {"type": "Feature", "geometry": {"type": "Point", "coordinates": [70.027566, 41.602423]}, "properties": {"name": "Юбилейный", "name_uz": "Yubileyniy", "kind": "hamlet", "osm_id": 2338930561}}, {"type": "Feature", "geometry": {"type": "Point", "coordinates": [70.139014, 41.640589]}, "properties": {"name": "Чавата зимовник", "name_uz": "Chavata qishki kulba", "kind": "hamlet", "osm_id": 2344059618}}, {"type": "Feature", "geometry": {"type": "Point", "coordinates": [70.331107, 41.663901]}, "properties": {"name": "Айрык летник", "name_uz": "Ayrik letnik", "kind": "hamlet", "osm_id": 2350539395}}, {"type": "Feature", "geometry": {"type": "Point", "coordinates": [70.280718, 41.412359]}, "properties": {"name": "Акбулак летник", "name_uz": "Akbulak letnik", "kind": "hamlet", "osm_id": 2351833016}}, {"type": "Feature", "geometry": {"type": "Point", "coordinates": [69.817445, 41.318087]}, "properties": {"name": "Кумушкан", "name_uz": "Kumushkon", "kind": "village", "osm_id": 2353137171}}, {"type": "Feature", "geometry": {"type": "Point", "coordinates": [69.74444, 41.299252]}, "properties": {"name": "Чанги", "name_uz": "Changi", "kind": "village", "osm_id": 2353220649}}, {"type": "Feature", "geometry": {"type": "Point", "coordinates": [69.515362, 41.257175]}, "properties": {"name": "Бельсен", "name_uz": "Belsen", "kind": "village", "osm_id": 2353329953}}, {"type": "Feature", "geometry": {"type": "Point", "coordinates": [69.566016, 41.307246]}, "properties": {"name": "Каракалпак", "name_uz": "Qoraqalpoq", "kind": "village", "osm_id": 2353329954}}, {"type": "Feature", "geometry": {"type": "Point", "coordinates": [69.541798, 41.302644]}, "properties": {"name": "Карши", "name_uz": "Qarshi", "kind": "village", "osm_id": 2353329957}}, {"type": "Feature", "geometry": {"type": "Point", "coordinates": [69.541412, 41.255482]}, "properties": {"name": "Навбахор", "name_uz": "Navbahor", "kind": "village", "osm_id": 2379782939}}, {"type": "Feature", "geometry": {"type": "Point", "coordinates": [69.598958, 41.299395]}, "properties": {"name": "Гульбаг", "name_uz": "Gulbog'", "kind": "village", "osm_id": 2382174574}}, {"type": "Feature", "geometry": {"type": "Point", "coordinates": [69.628094, 41.311603]}, "properties": {"name": "Байказан", "name_uz": "Boyqozon", "kind": "village", "osm_id": 2382174579}}, {"type": "Feature", "geometry": {"type": "Point", "coordinates": [69.52127, 41.217124]}, "properties": {"name": "Свердлов", "name_uz": "Sverdlov", "kind": "hamlet", "osm_id": 2417492190}}, {"type": "Feature", "geometry": {"type": "Point", "coordinates": [69.249103, 40.342527]}, "properties": {"name": "Бунёдкор", "name_uz": "Bunyodkor", "kind": "town", "osm_id": 2425316278}}, {"type": "Feature", "geometry": {"type": "Point", "coordinates": [69.522848, 41.111223]}, "properties": {"name": "Алтынкамар (Свердлов)", "name_uz": "Oltinkamar", "kind": "village", "osm_id": 2428807221}}, {"type": "Feature", "geometry": {"type": "Point", "coordinates": [69.589228, 41.03073]}, "properties": {"name": "Азартепа", "name_uz": "O'zartepa", "kind": "village", "osm_id": 2435094916}}, {"type": "Feature", "geometry": {"type": "Point", "coordinates": [69.558721, 41.229912]}, "properties": {"name": "Совхоз Прогресс", "name_uz": "Sovhoz Progress", "kind": "hamlet", "osm_id": 2446682033}}, {"type": "Feature", "geometry": {"type": "Point", "coordinates": [69.66468, 41.100483]}, "properties": {"name": "Парлисай", "name_uz": "Parlisoy", "kind": "hamlet", "osm_id": 2461248794}}, {"type": "Feature", "geometry": {"type": "Point", "coordinates": [69.584167, 41.075278]}, "properties": {"name": "Янгикишлак", "name_uz": "Yangikishlak", "kind": "hamlet", "osm_id": 2465005282}}, {"type": "Feature", "geometry": {"type": "Point", "coordinates": [69.645247, 41.081836]}, "properties": {"name": "Ташсай", "name_uz": "Toshsoy", "kind": "hamlet", "osm_id": 2465276872}}, {"type": "Feature", "geometry": {"type": "Point", "coordinates": [69.658087, 41.040732]}, "properties": {"name": "Тапыл", "name_uz": "Tapil", "kind": "hamlet", "osm_id": 2468462143}}, {"type": "Feature", "geometry": {"type": "Point", "coordinates": [69.559885, 41.009315]}, "properties": {"name": "Свердлов", "name_uz": "Sverdlov", "kind": "village", "osm_id": 2468462145}}, {"type": "Feature", "geometry": {"type": "Point", "coordinates": [69.611616, 41.062559]}, "properties": {"name": "Катараул", "name_uz": "Katorovul", "kind": "hamlet", "osm_id": 2471712129}}, {"type": "Feature", "geometry": {"type": "Point", "coordinates": [70.029936, 40.980058]}, "properties": {"name": "Гульбог", "name_uz": "Gulbog'", "kind": "village", "osm_id": 2473302339}}, {"type": "Feature", "geometry": {"type": "Point", "coordinates": [69.747406, 41.247918]}, "properties": {"name": "Бокурт", "name_uz": "Bokurt", "kind": "village", "osm_id": 2474858307}}, {"type": "Feature", "geometry": {"type": "Point", "coordinates": [69.74954, 41.234912]}, "properties": {"name": "Кайрагач", "name_uz": "Kayragach", "kind": "hamlet", "osm_id": 2476361461}}, {"type": "Feature", "geometry": {"type": "Point", "coordinates": [69.723963, 41.151777]}, "properties": {"name": "Атчи", "name_uz": "Atchi", "kind": "hamlet", "osm_id": 2477501932}}, {"type": "Feature", "geometry": {"type": "Point", "coordinates": [69.738091, 41.027769]}, "properties": {"name": "Карабаш", "name_uz": "Karabash", "kind": "hamlet", "osm_id": 2477548799}}, {"type": "Feature", "geometry": {"type": "Point", "coordinates": [69.820759, 41.055259]}, "properties": {"name": "Джарташ", "name_uz": "Jartash", "kind": "hamlet", "osm_id": 2481033445}}, {"type": "Feature", "geometry": {"type": "Point", "coordinates": [69.764997, 41.139007]}, "properties": {"name": "Аката", "name_uz": "Akata", "kind": "hamlet", "osm_id": 2486198180}}, {"type": "Feature", "geometry": {"type": "Point", "coordinates": [69.757696, 41.118375]}, "properties": {"name": "Чавалисай", "name_uz": "Chavalisay", "kind": "hamlet", "osm_id": 2486209445}}, {"type": "Feature", "geometry": {"type": "Point", "coordinates": [69.796671, 41.033752]}, "properties": {"name": "Кызылкия", "name_uz": "Kizilkiya", "kind": "hamlet", "osm_id": 2487642167}}, {"type": "Feature", "geometry": {"type": "Point", "coordinates": [69.79082, 41.014879]}, "properties": {"name": "Каракия", "name_uz": "Qorakiya", "kind": "hamlet", "osm_id": 2487801900}}, {"type": "Feature", "geometry": {"type": "Point", "coordinates": [70.204235, 41.069552]}, "properties": {"name": "Чинар", "name_uz": "Chinor", "kind": "village", "osm_id": 2494250080}}, {"type": "Feature", "geometry": {"type": "Point", "coordinates": [70.364911, 41.128207]}, "properties": {"name": "Машинатоп", "name_uz": "Mashinatop", "kind": "village", "osm_id": 2509091006}}, {"type": "Feature", "geometry": {"type": "Point", "coordinates": [70.348781, 41.160065]}, "properties": {"name": "Эрташ", "name_uz": "Ertosh", "kind": "village", "osm_id": 2509091008}}, {"type": "Feature", "geometry": {"type": "Point", "coordinates": [70.410737, 41.146859]}, "properties": {"name": "Бешкуль", "name_uz": "Beshko'l", "kind": "village", "osm_id": 2510069843}}, {"type": "Feature", "geometry": {"type": "Point", "coordinates": [70.367232, 41.134694]}, "properties": {"name": "Ахматабад", "name_uz": "Ahmatobod", "kind": "village", "osm_id": 2510072602}}, {"type": "Feature", "geometry": {"type": "Point", "coordinates": [70.049375, 41.036673]}, "properties": {"name": "Карабак", "name_uz": "Karabau", "kind": "village", "osm_id": 2512615270}}, {"type": "Feature", "geometry": {"type": "Point", "coordinates": [70.091431, 41.068568]}, "properties": {"name": "Сай", "name_uz": "Say", "kind": "hamlet", "osm_id": 2513551313}}, {"type": "Feature", "geometry": {"type": "Point", "coordinates": [70.029043, 41.079898]}, "properties": {"name": "Байаул", "name_uz": "Bayaul", "kind": "hamlet", "osm_id": 2513613236}}, {"type": "Feature", "geometry": {"type": "Point", "coordinates": [70.153982, 41.053574]}, "properties": {"name": "Баксук", "name_uz": "Baksuk", "kind": "village", "osm_id": 2513641175}}, {"type": "Feature", "geometry": {"type": "Point", "coordinates": [70.336086, 41.106082]}, "properties": {"name": "Кук-Сарай", "name_uz": "Ko'k-Saroy", "kind": "village", "osm_id": 2514774232}}, {"type": "Feature", "geometry": {"type": "Point", "coordinates": [70.349849, 41.117813]}, "properties": {"name": "Маккуль", "name_uz": "Moqko'l", "kind": "village", "osm_id": 2514854747}}, {"type": "Feature", "geometry": {"type": "Point", "coordinates": [70.323937, 41.097977]}, "properties": {"name": "Саиякка", "name_uz": "Saiyakka", "kind": "village", "osm_id": 2514854748}}, {"type": "Feature", "geometry": {"type": "Point", "coordinates": [70.04671, 41.048059]}, "properties": {"name": "Актерек", "name_uz": "Akterek", "kind": "village", "osm_id": 2519433489}}, {"type": "Feature", "geometry": {"type": "Point", "coordinates": [70.042361, 41.055594]}, "properties": {"name": "Катакан", "name_uz": "Katakan", "kind": "village", "osm_id": 2519433497}}, {"type": "Feature", "geometry": {"type": "Point", "coordinates": [70.04672, 41.022782]}, "properties": {"name": "Самарчук", "name_uz": "Samarchuk", "kind": "village", "osm_id": 2519462906}}, {"type": "Feature", "geometry": {"type": "Point", "coordinates": [70.092845, 41.029829]}, "properties": {"name": "Дукент", "name_uz": "Dukent", "kind": "village", "osm_id": 2520618202}}, {"type": "Feature", "geometry": {"type": "Point", "coordinates": [70.101072, 41.043687]}, "properties": {"name": "Апартак", "name_uz": "Apartak", "kind": "village", "osm_id": 2520856849}}, {"type": "Feature", "geometry": {"type": "Point", "coordinates": [70.17047, 41.059435]}, "properties": {"name": "Турккишлак", "name_uz": "Turkkishlak", "kind": "village", "osm_id": 2522042352}}, {"type": "Feature", "geometry": {"type": "Point", "coordinates": [70.221194, 41.07516]}, "properties": {"name": "Серкакирилди", "name_uz": "Serkaqirildi", "kind": "village", "osm_id": 2522837786}}, {"type": "Feature", "geometry": {"type": "Point", "coordinates": [70.236753, 41.081181]}, "properties": {"name": "Тангатапти", "name_uz": "Tangatapti", "kind": "village", "osm_id": 2522837787}}, {"type": "Feature", "geometry": {"type": "Point", "coordinates": [70.252246, 41.081435]}, "properties": {"name": "Четсу", "name_uz": "Chetsu", "kind": "village", "osm_id": 2522837788}}, {"type": "Feature", "geometry": {"type": "Point", "coordinates": [70.230691, 41.025779]}, "properties": {"name": "Узунбулак", "name_uz": "Uzunbulak", "kind": "village", "osm_id": 2527544501}}, {"type": "Feature", "geometry": {"type": "Point", "coordinates": [70.191947, 41.002906]}, "properties": {"name": "Айналма", "name_uz": "Aynalma", "kind": "hamlet", "osm_id": 2527554394}}, {"type": "Feature", "geometry": {"type": "Point", "coordinates": [70.236939, 41.008391]}, "properties": {"name": "Айналма", "name_uz": "Aynalma", "kind": "hamlet", "osm_id": 2527554395}}, {"type": "Feature", "geometry": {"type": "Point", "coordinates": [70.19309, 41.017931]}, "properties": {"name": "Джигиристан", "name_uz": "Jigiristan", "kind": "village", "osm_id": 2527591663}}, {"type": "Feature", "geometry": {"type": "Point", "coordinates": [70.18872, 40.99645]}, "properties": {"name": "Чулук", "name_uz": "Chuluk", "kind": "hamlet", "osm_id": 2527783511}}, {"type": "Feature", "geometry": {"type": "Point", "coordinates": [70.044203, 41.037476]}, "properties": {"name": "Джушалы", "name_uz": "Jushali", "kind": "village", "osm_id": 2530413099}}, {"type": "Feature", "geometry": {"type": "Point", "coordinates": [70.032954, 41.005017]}, "properties": {"name": "Иккитал", "name_uz": "Ikkital", "kind": "village", "osm_id": 2530413100}}, {"type": "Feature", "geometry": {"type": "Point", "coordinates": [70.035565, 41.011131]}, "properties": {"name": "Саглам", "name_uz": "Saglam", "kind": "village", "osm_id": 2530413101}}, {"type": "Feature", "geometry": {"type": "Point", "coordinates": [70.017472, 40.987284]}, "properties": {"name": "Геолог", "name_uz": "Geolog", "kind": "village", "osm_id": 2530615941}}, {"type": "Feature", "geometry": {"type": "Point", "coordinates": [70.118753, 40.994413]}, "properties": {"name": "Грум", "name_uz": "Grum", "kind": "village", "osm_id": 2530615943}}, {"type": "Feature", "geometry": {"type": "Point", "coordinates": [70.027585, 40.944379]}, "properties": {"name": "Алдын", "name_uz": "Aldin", "kind": "village", "osm_id": 2531732744}}, {"type": "Feature", "geometry": {"type": "Point", "coordinates": [70.025509, 40.971647]}, "properties": {"name": "Гульбог", "name_uz": "Gulbog'", "kind": "village", "osm_id": 2531732745}}, {"type": "Feature", "geometry": {"type": "Point", "coordinates": [70.082434, 40.96456]}, "properties": {"name": "Семгран", "name_uz": "Semgran", "kind": "village", "osm_id": 2531732746}}, {"type": "Feature", "geometry": {"type": "Point", "coordinates": [70.059536, 40.97646]}, "properties": {"name": "Аблык курган", "name_uz": "Obliq qoʻrgʻoni", "kind": "village", "osm_id": 2531732747}}, {"type": "Feature", "geometry": {"type": "Point", "coordinates": [70.086298, 40.98985]}, "properties": {"name": "Хакерман", "name_uz": "Hakerman", "kind": "village", "osm_id": 2531734110}}, {"type": "Feature", "geometry": {"type": "Point", "coordinates": [69.996792, 40.80804]}, "properties": {"name": "Каратока", "name_uz": "Karatoka", "kind": "village", "osm_id": 2533410211}}, {"type": "Feature", "geometry": {"type": "Point", "coordinates": [70.051947, 40.816199]}, "properties": {"name": "Кушрабада", "name_uz": "Kushrabad", "kind": "village", "osm_id": 2533449962}}, {"type": "Feature", "geometry": {"type": "Point", "coordinates": [70.013256, 40.867935]}, "properties": {"name": "Агата", "name_uz": "Agata", "kind": "hamlet", "osm_id": 2533485536}}, {"type": "Feature", "geometry": {"type": "Point", "coordinates": [70.218879, 40.878448]}, "properties": {"name": "Андарджан", "name_uz": "Andarjan", "kind": "hamlet", "osm_id": 2537709446}}, {"type": "Feature", "geometry": {"type": "Point", "coordinates": [70.228498, 40.87032]}, "properties": {"name": "Учкыз", "name_uz": "Uchkiz", "kind": "hamlet", "osm_id": 2539287114}}, {"type": "Feature", "geometry": {"type": "Point", "coordinates": [70.196269, 40.915741]}, "properties": {"name": "Лешкерек", "name_uz": "Lashkarak", "kind": "village", "osm_id": 2540881586}}, {"type": "Feature", "geometry": {"type": "Point", "coordinates": [70.060569, 40.942606]}, "properties": {"name": "Янгикишлак", "name_uz": "Yangiqishloq", "kind": "village", "osm_id": 2541041631}}, {"type": "Feature", "geometry": {"type": "Point", "coordinates": [70.006976, 40.930128]}, "properties": {"name": "Илгар", "name_uz": "Ilg'or", "kind": "village", "osm_id": 2541041635}}, {"type": "Feature", "geometry": {"type": "Point", "coordinates": [70.075056, 40.935186]}, "properties": {"name": "Каракишлак", "name_uz": "Karakishlak", "kind": "village", "osm_id": 2541041636}}, {"type": "Feature", "geometry": {"type": "Point", "coordinates": [70.109508, 40.926073]}, "properties": {"name": "Кучбулак", "name_uz": "Ko'chbuloq", "kind": "village", "osm_id": 2541171814}}, {"type": "Feature", "geometry": {"type": "Point", "coordinates": [70.157082, 41.745311]}, "properties": {"name": "Кара-Булак", "name_uz": "Qora-Buloq", "kind": "village", "osm_id": 2553957629}}, {"type": "Feature", "geometry": {"type": "Point", "coordinates": [70.296239, 41.846584]}, "properties": {"name": "Тепар", "name_uz": "Tepar", "kind": "village", "osm_id": 2553969985}}, {"type": "Feature", "geometry": {"type": "Point", "coordinates": [70.106356, 41.711485]}, "properties": {"name": "Нанай", "name_uz": "Nanay", "kind": "village", "osm_id": 2554058188}}, {"type": "Feature", "geometry": {"type": "Point", "coordinates": [70.366026, 41.918069]}, "properties": {"name": "Чакак", "name_uz": "Chaqoq", "kind": "village", "osm_id": 2566128245}}, {"type": "Feature", "geometry": {"type": "Point", "coordinates": [70.374072, 41.928977]}, "properties": {"name": "Пскем", "name_uz": "Piskom", "kind": "village", "osm_id": 2566128248}}, {"type": "Feature", "geometry": {"type": "Point", "coordinates": [70.408318, 41.918808]}, "properties": {"name": "Пскемсай", "name_uz": "Piskomsoy", "kind": "hamlet", "osm_id": 2567580299}}, {"type": "Feature", "geometry": {"type": "Point", "coordinates": [70.247167, 41.799645]}, "properties": {"name": "Испай", "name_uz": "Ispay", "kind": "village", "osm_id": 2567601996}}, {"type": "Feature", "geometry": {"type": "Point", "coordinates": [70.194967, 41.768225]}, "properties": {"name": "Муллала", "name_uz": "Mullalo", "kind": "village", "osm_id": 2567602002}}, {"type": "Feature", "geometry": {"type": "Point", "coordinates": [70.348578, 41.909405]}, "properties": {"name": "Урунгач", "name_uz": "Urung'och", "kind": "hamlet", "osm_id": 2572553716}}, {"type": "Feature", "geometry": {"type": "Point", "coordinates": [70.33181, 41.873452]}, "properties": {"name": "Такаянгак", "name_uz": "Takayong'oq", "kind": "village", "osm_id": 2572661546}}, {"type": "Feature", "geometry": {"type": "Point", "coordinates": [70.259247, 41.822878]}, "properties": {"name": "Кошбулак", "name_uz": "Qo'shbuloq", "kind": "village", "osm_id": 2572784948}}, {"type": "Feature", "geometry": {"type": "Point", "coordinates": [70.225004, 41.791419]}, "properties": {"name": "Кырдаптыр", "name_uz": "Kirdaptir", "kind": "hamlet", "osm_id": 2572784949}}, {"type": "Feature", "geometry": {"type": "Point", "coordinates": [70.215091, 41.781775]}, "properties": {"name": "Майдантал", "name_uz": "Maydantal", "kind": "village", "osm_id": 2572784950}}, {"type": "Feature", "geometry": {"type": "Point", "coordinates": [70.202301, 41.776648]}, "properties": {"name": "Палванак", "name_uz": "Polvonak", "kind": "village", "osm_id": 2572784951}}, {"type": "Feature", "geometry": {"type": "Point", "coordinates": [70.639014, 41.996521]}, "properties": {"name": "Майдантал", "name_uz": "Maydontol", "kind": "hamlet", "osm_id": 2598750165}}, {"type": "Feature", "geometry": {"type": "Point", "coordinates": [70.869122, 42.163196]}, "properties": {"name": "Ойгаинг", "name_uz": "Oygaing", "kind": "hamlet", "osm_id": 2605974009}}, {"type": "Feature", "geometry": {"type": "Point", "coordinates": [69.542742, 40.987857]}, "properties": {"name": "Балгали", "name_uz": "Balgaly", "kind": "village", "osm_id": 2621941759}}, {"type": "Feature", "geometry": {"type": "Point", "coordinates": [69.536862, 40.99772]}, "properties": {"name": "Казахаул", "name_uz": "Qazaqaul", "kind": "hamlet", "osm_id": 2621948122}}, {"type": "Feature", "geometry": {"type": "Point", "coordinates": [69.551852, 40.93167]}, "properties": {"name": "Киргизаул", "name_uz": "Qirg'izovul", "kind": "village", "osm_id": 2623072010}}, {"type": "Feature", "geometry": {"type": "Point", "coordinates": [69.560816, 40.924112]}, "properties": {"name": "Ай Булак", "name_uz": "Oy Buloq", "kind": "village", "osm_id": 2623072011}}, {"type": "Feature", "geometry": {"type": "Point", "coordinates": [69.571462, 40.93216]}, "properties": {"name": "Узар", "name_uz": "Uzar", "kind": "village", "osm_id": 2623072012}}, {"type": "Feature", "geometry": {"type": "Point", "coordinates": [69.592765, 40.923226]}, "properties": {"name": "Янгибино", "name_uz": "Yangibino", "kind": "village", "osm_id": 2623072013}}, {"type": "Feature", "geometry": {"type": "Point", "coordinates": [69.53164, 40.932493]}, "properties": {"name": "Акташ", "name_uz": "Oqtosh", "kind": "village", "osm_id": 2623132409}}, {"type": "Feature", "geometry": {"type": "Point", "coordinates": [69.538511, 40.933926]}, "properties": {"name": "Чалташ", "name_uz": "Choltosh", "kind": "village", "osm_id": 2623132410}}, {"type": "Feature", "geometry": {"type": "Point", "coordinates": [69.521522, 40.82507]}, "properties": {"name": "Кульбаши", "name_uz": "Kulbashi", "kind": "village", "osm_id": 2625681859}}, {"type": "Feature", "geometry": {"type": "Point", "coordinates": [69.505143, 40.82702]}, "properties": {"name": "Машак", "name_uz": "Mashak", "kind": "village", "osm_id": 2625681860}}, {"type": "Feature", "geometry": {"type": "Point", "coordinates": [69.503549, 40.820328]}, "properties": {"name": "Халыберды", "name_uz": "Haliberdi", "kind": "hamlet", "osm_id": 2625681861}}, {"type": "Feature", "geometry": {"type": "Point", "coordinates": [69.608372, 40.964835]}, "properties": {"name": "Ходжабай", "name_uz": "Xo\"jaboy", "kind": "hamlet", "osm_id": 2628088416}}, {"type": "Feature", "geometry": {"type": "Point", "coordinates": [69.604712, 40.933236]}, "properties": {"name": "Убаит", "name_uz": "Ubait", "kind": "village", "osm_id": 2629418758}}, {"type": "Feature", "geometry": {"type": "Point", "coordinates": [69.498698, 40.929553]}, "properties": {"name": "Уйшун", "name_uz": "Uyshun", "kind": "village", "osm_id": 2629486346}}, {"type": "Feature", "geometry": {"type": "Point", "coordinates": [69.676901, 40.863092]}, "properties": {"name": "Куюн", "name_uz": "Quyun", "kind": "village", "osm_id": 2629506471}}, {"type": "Feature", "geometry": {"type": "Point", "coordinates": [69.624098, 40.904452]}, "properties": {"name": "Мунчактепа", "name_uz": "Munchoqtepa", "kind": "village", "osm_id": 2630800460}}, {"type": "Feature", "geometry": {"type": "Point", "coordinates": [69.613708, 40.910813]}, "properties": {"name": "Нугайкурган", "name_uz": "No'g'ayqo'rg'on", "kind": "village", "osm_id": 2630800462}}, {"type": "Feature", "geometry": {"type": "Point", "coordinates": [69.594424, 40.878556]}, "properties": {"name": "Эвлак", "name_uz": "Evlak", "kind": "village", "osm_id": 2630837239}}, {"type": "Feature", "geometry": {"type": "Point", "coordinates": [69.623227, 40.879266]}, "properties": {"name": "Ярдам", "name_uz": "Yardam", "kind": "village", "osm_id": 2630837241}}, {"type": "Feature", "geometry": {"type": "Point", "coordinates": [69.595042, 40.725941]}, "properties": {"name": "отдел 104", "name_uz": "104-bo'lim", "kind": "hamlet", "osm_id": 2633505957}}, {"type": "Feature", "geometry": {"type": "Point", "coordinates": [69.605082, 40.711939]}, "properties": {"name": "отдел 105", "name_uz": "105-bo'lim", "kind": "hamlet", "osm_id": 2633505958}}, {"type": "Feature", "geometry": {"type": "Point", "coordinates": [69.665524, 40.987403]}, "properties": {"name": "Дайдали", "name_uz": "Daydali", "kind": "hamlet", "osm_id": 2634715122}}, {"type": "Feature", "geometry": {"type": "Point", "coordinates": [69.656337, 40.975316]}, "properties": {"name": "Кайнар", "name_uz": "Qaynar", "kind": "village", "osm_id": 2634715123}}, {"type": "Feature", "geometry": {"type": "Point", "coordinates": [69.691546, 40.984603]}, "properties": {"name": "Каргасын", "name_uz": "Kargasin", "kind": "hamlet", "osm_id": 2634715124}}, {"type": "Feature", "geometry": {"type": "Point", "coordinates": [69.732998, 40.906411]}, "properties": {"name": "Кара Китай", "name_uz": "Qora Hitoy", "kind": "village", "osm_id": 2634878843}}, {"type": "Feature", "geometry": {"type": "Point", "coordinates": [69.719766, 40.938782]}, "properties": {"name": "Тут", "name_uz": "Tut", "kind": "village", "osm_id": 2634878844}}, {"type": "Feature", "geometry": {"type": "Point", "coordinates": [69.641169, 40.874939]}, "properties": {"name": "Джалаир", "name_uz": "Jalayr", "kind": "village", "osm_id": 2639522115}}, {"type": "Feature", "geometry": {"type": "Point", "coordinates": [69.663539, 40.879626]}, "properties": {"name": "Шархия", "name_uz": "Sharhiya", "kind": "village", "osm_id": 2640662385}}, {"type": "Feature", "geometry": {"type": "Point", "coordinates": [69.604974, 40.858372]}, "properties": {"name": "Суюртепа", "name_uz": "Suyurtepa", "kind": "village", "osm_id": 2640679865}}, {"type": "Feature", "geometry": {"type": "Point", "coordinates": [69.620121, 40.863075]}, "properties": {"name": "Ташкишлак", "name_uz": "Toshqishloq", "kind": "village", "osm_id": 2640679873}}, {"type": "Feature", "geometry": {"type": "Point", "coordinates": [69.744353, 40.803539]}, "properties": {"name": "Акташ", "name_uz": "Oqtosh", "kind": "hamlet", "osm_id": 2640793927}}, {"type": "Feature", "geometry": {"type": "Point", "coordinates": [69.746199, 40.797045]}, "properties": {"name": "Чинар", "name_uz": "Chinor", "kind": "hamlet", "osm_id": 2640793931}}, {"type": "Feature", "geometry": {"type": "Point", "coordinates": [69.599374, 40.714651]}, "properties": {"name": "Теракли", "name_uz": "Terakli", "kind": "village", "osm_id": 2651555716}}, {"type": "Feature", "geometry": {"type": "Point", "coordinates": [69.731277, 40.990064]}, "properties": {"name": "Ахтахана", "name_uz": "Ahtahana", "kind": "hamlet", "osm_id": 2657197506}}, {"type": "Feature", "geometry": {"type": "Point", "coordinates": [69.970105, 40.971184]}, "properties": {"name": "Увак", "name_uz": "Uvoq", "kind": "village", "osm_id": 2657298567}}, {"type": "Feature", "geometry": {"type": "Point", "coordinates": [69.967901, 40.985162]}, "properties": {"name": "Сасык", "name_uz": "Sasik", "kind": "hamlet", "osm_id": 2657298569}}, {"type": "Feature", "geometry": {"type": "Point", "coordinates": [69.754658, 40.949328]}, "properties": {"name": "Сары", "name_uz": "Sari", "kind": "hamlet", "osm_id": 2658887430}}, {"type": "Feature", "geometry": {"type": "Point", "coordinates": [69.711575, 40.869777]}, "properties": {"name": "Абыз", "name_uz": "Abiz", "kind": "hamlet", "osm_id": 2668099443}}, {"type": "Feature", "geometry": {"type": "Point", "coordinates": [69.733248, 40.874175]}, "properties": {"name": "Камар", "name_uz": "Kamar", "kind": "hamlet", "osm_id": 2668099444}}, {"type": "Feature", "geometry": {"type": "Point", "coordinates": [69.740913, 40.874488]}, "properties": {"name": "Курган", "name_uz": "Kurgan", "kind": "hamlet", "osm_id": 2668099445}}, {"type": "Feature", "geometry": {"type": "Point", "coordinates": [69.750586, 40.877453]}, "properties": {"name": "Курган-Шамат", "name_uz": "Qorg'on-Shamat", "kind": "village", "osm_id": 2668099446}}, {"type": "Feature", "geometry": {"type": "Point", "coordinates": [69.700104, 40.858908]}, "properties": {"name": "Янгиабай", "name_uz": "Yangiabay", "kind": "village", "osm_id": 2668099447}}, {"type": "Feature", "geometry": {"type": "Point", "coordinates": [69.739058, 40.828924]}, "properties": {"name": "Карабулак", "name_uz": "Qorabuloq", "kind": "hamlet", "osm_id": 2668388103}}, {"type": "Feature", "geometry": {"type": "Point", "coordinates": [69.711574, 40.692749]}, "properties": {"name": "Джайлача", "name_uz": "Jaylacha", "kind": "hamlet", "osm_id": 2676876913}}, {"type": "Feature", "geometry": {"type": "Point", "coordinates": [69.807752, 40.885618]}, "properties": {"name": "Телау", "name_uz": "Telov", "kind": "village", "osm_id": 2678286828}}, {"type": "Feature", "geometry": {"type": "Point", "coordinates": [69.929514, 40.909014]}, "properties": {"name": "Камар", "name_uz": "Kamar", "kind": "village", "osm_id": 2678363302}}, {"type": "Feature", "geometry": {"type": "Point", "coordinates": [69.85, 40.9]}, "properties": {"name": "Карабалык", "name_uz": "Karabalik", "kind": "village", "osm_id": 2678363303}}, {"type": "Feature", "geometry": {"type": "Point", "coordinates": [69.911944, 40.923333]}, "properties": {"name": "Курган", "name_uz": "Kurgan", "kind": "village", "osm_id": 2678363304}}, {"type": "Feature", "geometry": {"type": "Point", "coordinates": [69.933333, 40.866667]}, "properties": {"name": "Муртак", "name_uz": "Murtak", "kind": "hamlet", "osm_id": 2678363305}}, {"type": "Feature", "geometry": {"type": "Point", "coordinates": [69.943698, 40.912061]}, "properties": {"name": "Сузам", "name_uz": "Suzam", "kind": "village", "osm_id": 2678363306}}, {"type": "Feature", "geometry": {"type": "Point", "coordinates": [69.88775, 40.895906]}, "properties": {"name": "Санам", "name_uz": "Sanam", "kind": "village", "osm_id": 2678363307}}, {"type": "Feature", "geometry": {"type": "Point", "coordinates": [69.863504, 40.889368]}, "properties": {"name": "Ташарык", "name_uz": "Toshariq", "kind": "village", "osm_id": 2678363308}}, {"type": "Feature", "geometry": {"type": "Point", "coordinates": [69.964849, 40.9411]}, "properties": {"name": "Чувалдак", "name_uz": "Chuvildoq", "kind": "village", "osm_id": 2678363310}}, {"type": "Feature", "geometry": {"type": "Point", "coordinates": [69.821928, 40.947509]}, "properties": {"name": "Акчасай", "name_uz": "Akchasay", "kind": "village", "osm_id": 2678378807}}, {"type": "Feature", "geometry": {"type": "Point", "coordinates": [69.777304, 40.873912]}, "properties": {"name": "Актепа", "name_uz": "Oqtepa", "kind": "village", "osm_id": 2678431755}}, {"type": "Feature", "geometry": {"type": "Point", "coordinates": [69.78665, 40.873851]}, "properties": {"name": "Джанджал", "name_uz": "Jonjol", "kind": "village", "osm_id": 2678431756}}, {"type": "Feature", "geometry": {"type": "Point", "coordinates": [69.972834, 40.954852]}, "properties": {"name": "Капарта", "name_uz": "Kaparta", "kind": "village", "osm_id": 2678566770}}, {"type": "Feature", "geometry": {"type": "Point", "coordinates": [69.771366, 40.939857]}, "properties": {"name": "Талбулак", "name_uz": "Talbuloq", "kind": "hamlet", "osm_id": 2678566771}}, {"type": "Feature", "geometry": {"type": "Point", "coordinates": [69.859837, 40.926041]}, "properties": {"name": "Каирма", "name_uz": "Qayirma", "kind": "village", "osm_id": 2679902766}}, {"type": "Feature", "geometry": {"type": "Point", "coordinates": [69.90335, 40.916635]}, "properties": {"name": "Учайрылыш", "name_uz": "Uchayrilish", "kind": "village", "osm_id": 2679902767}}, {"type": "Feature", "geometry": {"type": "Point", "coordinates": [69.928674, 40.932327]}, "properties": {"name": "Курсак", "name_uz": "Kursak", "kind": "village", "osm_id": 2680031013}}, {"type": "Feature", "geometry": {"type": "Point", "coordinates": [69.953368, 40.93185]}, "properties": {"name": "Дархан", "name_uz": "Darhan", "kind": "village", "osm_id": 2680077805}}, {"type": "Feature", "geometry": {"type": "Point", "coordinates": [69.942618, 40.938467]}, "properties": {"name": "Рахимова отдел №3", "name_uz": "Rahimov 3-bo'lim", "kind": "village", "osm_id": 2680077811}}, {"type": "Feature", "geometry": {"type": "Point", "coordinates": [69.826515, 40.91168]}, "properties": {"name": "Акча", "name_uz": "Oqcha", "kind": "village", "osm_id": 2680206821}}, {"type": "Feature", "geometry": {"type": "Point", "coordinates": [69.792863, 40.913374]}, "properties": {"name": "Янарык", "name_uz": "Yon-Ariq", "kind": "village", "osm_id": 2680219671}}, {"type": "Feature", "geometry": {"type": "Point", "coordinates": [69.784129, 40.830428]}, "properties": {"name": "Ургаз", "name_uz": "Urgaz", "kind": "village", "osm_id": 2681628251}}, {"type": "Feature", "geometry": {"type": "Point", "coordinates": [69.909858, 40.898609]}, "properties": {"name": "Бекмурад", "name_uz": "Bekmurod", "kind": "village", "osm_id": 2682936533}}, {"type": "Feature", "geometry": {"type": "Point", "coordinates": [69.975018, 40.917849]}, "properties": {"name": "Бешкапа", "name_uz": "Beshkapa", "kind": "village", "osm_id": 2682936540}}, {"type": "Feature", "geometry": {"type": "Point", "coordinates": [69.98819, 40.929066]}, "properties": {"name": "Каракалпак", "name_uz": "Qoraqalpoq", "kind": "village", "osm_id": 2682936548}}, {"type": "Feature", "geometry": {"type": "Point", "coordinates": [69.891006, 40.872467]}, "properties": {"name": "Айтбакыр", "name_uz": "Aytbakir", "kind": "village", "osm_id": 2683033472}}, {"type": "Feature", "geometry": {"type": "Point", "coordinates": [69.923305, 40.869862]}, "properties": {"name": "Джанджал", "name_uz": "Janjal", "kind": "hamlet", "osm_id": 2683033473}}, {"type": "Feature", "geometry": {"type": "Point", "coordinates": [69.941156, 40.854437]}, "properties": {"name": "Джанибек", "name_uz": "Janibek", "kind": "village", "osm_id": 2683033474}}, {"type": "Feature", "geometry": {"type": "Point", "coordinates": [69.959873, 40.823421]}, "properties": {"name": "Курган", "name_uz": "Kurgan", "kind": "village", "osm_id": 2683033475}}, {"type": "Feature", "geometry": {"type": "Point", "coordinates": [69.972153, 40.815035]}, "properties": {"name": "Сарыташ", "name_uz": "Saritash", "kind": "hamlet", "osm_id": 2683033476}}, {"type": "Feature", "geometry": {"type": "Point", "coordinates": [69.955913, 40.808582]}, "properties": {"name": "Теракли", "name_uz": "Terakli", "kind": "hamlet", "osm_id": 2683033477}}, {"type": "Feature", "geometry": {"type": "Point", "coordinates": [69.850353, 40.831094]}, "properties": {"name": "Шаугаз", "name_uz": "Shaugaz", "kind": "village", "osm_id": 2683033479}}, {"type": "Feature", "geometry": {"type": "Point", "coordinates": [69.98993, 40.847037]}, "properties": {"name": "Яккабаг", "name_uz": "Yakkabag", "kind": "hamlet", "osm_id": 2683095372}}, {"type": "Feature", "geometry": {"type": "Point", "coordinates": [69.021316, 40.994235]}, "properties": {"name": "Байтепа", "name_uz": "Boytepa", "kind": "village", "osm_id": 2689323980}}, {"type": "Feature", "geometry": {"type": "Point", "coordinates": [69.045862, 40.985212]}, "properties": {"name": "Пахтазар", "name_uz": "Pahtazor", "kind": "village", "osm_id": 2689349069}}, {"type": "Feature", "geometry": {"type": "Point", "coordinates": [69.032018, 40.952366]}, "properties": {"name": "Опытная станция", "name_uz": "Opitnaya stantsya", "kind": "village", "osm_id": 2689462382}}, {"type": "Feature", "geometry": {"type": "Point", "coordinates": [69.322143, 40.718521]}, "properties": {"name": "Гишт-Рават", "name_uz": "G'isht-Ravot", "kind": "village", "osm_id": 2689513486}}, {"type": "Feature", "geometry": {"type": "Point", "coordinates": [69.01452, 40.970423]}, "properties": {"name": "Тинчлик", "name_uz": "Tinchlik", "kind": "village", "osm_id": 2692200821}}, {"type": "Feature", "geometry": {"type": "Point", "coordinates": [69.04996, 40.96485]}, "properties": {"name": "Дустлик", "name_uz": "Do'stlik", "kind": "village", "osm_id": 2692200822}}, {"type": "Feature", "geometry": {"type": "Point", "coordinates": [69.04415, 40.932274]}, "properties": {"name": "отдел №6", "name_uz": "6-bo'lim", "kind": "village", "osm_id": 2692200823}}, {"type": "Feature", "geometry": {"type": "Point", "coordinates": [69.083287, 40.96706]}, "properties": {"name": "Мустафа Чачи", "name_uz": "Mustafa Chachi", "kind": "village", "osm_id": 2692200824}}, {"type": "Feature", "geometry": {"type": "Point", "coordinates": [69.102919, 40.947734]}, "properties": {"name": "Балта", "name_uz": "Bolta", "kind": "village", "osm_id": 2693933701}}, {"type": "Feature", "geometry": {"type": "Point", "coordinates": [69.106296, 40.954741]}, "properties": {"name": "Уялы", "name_uz": "Uyali", "kind": "village", "osm_id": 2693933704}}, {"type": "Feature", "geometry": {"type": "Point", "coordinates": [69.020713, 40.795381]}, "properties": {"name": "Байгули", "name_uz": "Bayguli", "kind": "village", "osm_id": 2699356555}}, {"type": "Feature", "geometry": {"type": "Point", "coordinates": [69.011664, 40.814026]}, "properties": {"name": "Зафар", "name_uz": "Zafar", "kind": "village", "osm_id": 2699356557}}, {"type": "Feature", "geometry": {"type": "Point", "coordinates": [69.025802, 40.788241]}, "properties": {"name": "Туксантуккыз", "name_uz": "Tuksantukkiz", "kind": "village", "osm_id": 2699356558}}, {"type": "Feature", "geometry": {"type": "Point", "coordinates": [69.019475, 40.883184]}, "properties": {"name": "Ходжа", "name_uz": "Ho'ja", "kind": "village", "osm_id": 2699494386}}, {"type": "Feature", "geometry": {"type": "Point", "coordinates": [69.067701, 40.945468]}, "properties": {"name": "Алмачи", "name_uz": "Olmachi", "kind": "village", "osm_id": 2700940306}}, {"type": "Feature", "geometry": {"type": "Point", "coordinates": [69.035836, 40.902329]}, "properties": {"name": "Балта", "name_uz": "Bolta", "kind": "village", "osm_id": 2701022015}}, {"type": "Feature", "geometry": {"type": "Point", "coordinates": [69.066848, 40.89878]}, "properties": {"name": "Бешаул", "name_uz": "Beshovul", "kind": "village", "osm_id": 2702177253}}, {"type": "Feature", "geometry": {"type": "Point", "coordinates": [68.996673, 40.87093]}, "properties": {"name": "Чакмак", "name_uz": "Chaqmoq", "kind": "village", "osm_id": 2702274703}}, {"type": "Feature", "geometry": {"type": "Point", "coordinates": [69.014704, 40.863064]}, "properties": {"name": "Карасирак", "name_uz": "Qorasirak", "kind": "village", "osm_id": 2702343990}}, {"type": "Feature", "geometry": {"type": "Point", "coordinates": [69.027875, 40.87696]}, "properties": {"name": "Курганча", "name_uz": "Qo'rg'oncha", "kind": "village", "osm_id": 2702343991}}, {"type": "Feature", "geometry": {"type": "Point", "coordinates": [68.998591, 40.856727]}, "properties": {"name": "Навои", "name_uz": "Navoiy", "kind": "village", "osm_id": 2702343992}}, {"type": "Feature", "geometry": {"type": "Point", "coordinates": [69.069666, 40.882952]}, "properties": {"name": "Джагалбайлы", "name_uz": "Jagalbayli", "kind": "village", "osm_id": 2702353407}}, {"type": "Feature", "geometry": {"type": "Point", "coordinates": [69.069614, 40.874271]}, "properties": {"name": "Каянкулак", "name_uz": "Kayankulak", "kind": "village", "osm_id": 2702353408}}, {"type": "Feature", "geometry": {"type": "Point", "coordinates": [69.055652, 40.857814]}, "properties": {"name": "Куштепа", "name_uz": "Qo'shtepa", "kind": "village", "osm_id": 2702357658}}, {"type": "Feature", "geometry": {"type": "Point", "coordinates": [69.06345, 40.867162]}, "properties": {"name": "Керат", "name_uz": "Kerat", "kind": "village", "osm_id": 2702385599}}, {"type": "Feature", "geometry": {"type": "Point", "coordinates": [69.013771, 40.840691]}, "properties": {"name": "Паскелен", "name_uz": "Paskelen", "kind": "village", "osm_id": 2703703034}}, {"type": "Feature", "geometry": {"type": "Point", "coordinates": [69.044445, 40.832072]}, "properties": {"name": "Джалаир", "name_uz": "Jalayr", "kind": "village", "osm_id": 2722786669}}, {"type": "Feature", "geometry": {"type": "Point", "coordinates": [69.049764, 40.843204]}, "properties": {"name": "Еттирув", "name_uz": "Yettiruv", "kind": "village", "osm_id": 2722786670}}, {"type": "Feature", "geometry": {"type": "Point", "coordinates": [69.045203, 40.850527]}, "properties": {"name": "Каирма", "name_uz": "Qayirma", "kind": "village", "osm_id": 2722786671}}, {"type": "Feature", "geometry": {"type": "Point", "coordinates": [69.050022, 40.806846]}, "properties": {"name": "Куйбышева", "name_uz": "Kuybisheva", "kind": "village", "osm_id": 2722881651}}, {"type": "Feature", "geometry": {"type": "Point", "coordinates": [69.021649, 40.773918]}, "properties": {"name": "Аккурган отдел №1", "name_uz": "Oqqo'rg'on 1-bo'lim", "kind": "village", "osm_id": 2726801992}}, {"type": "Feature", "geometry": {"type": "Point", "coordinates": [69.058724, 40.762963]}, "properties": {"name": "Галаба", "name_uz": "G'alaba", "kind": "village", "osm_id": 2728396465}}, {"type": "Feature", "geometry": {"type": "Point", "coordinates": [69.029664, 40.747129]}, "properties": {"name": "Янгикурган", "name_uz": "Yangiqo'rg'on", "kind": "village", "osm_id": 2728504956}}, {"type": "Feature", "geometry": {"type": "Point", "coordinates": [69.063221, 40.75772]}, "properties": {"name": "Галаба", "name_uz": "G'alaba", "kind": "village", "osm_id": 2728506000}}, {"type": "Feature", "geometry": {"type": "Point", "coordinates": [69.013153, 40.73452]}, "properties": {"name": "Учтепа", "name_uz": "Uchtepa", "kind": "village", "osm_id": 2728528751}}, {"type": "Feature", "geometry": {"type": "Point", "coordinates": [69.088357, 40.737755]}, "properties": {"name": "Давлаткишлак", "name_uz": "Davlatqishloq", "kind": "village", "osm_id": 2728570762}}, {"type": "Feature", "geometry": {"type": "Point", "coordinates": [69.075382, 40.743819]}, "properties": {"name": "Рамадан", "name_uz": "Ramadan", "kind": "village", "osm_id": 2728570765}}, {"type": "Feature", "geometry": {"type": "Point", "coordinates": [69.041656, 40.722586]}, "properties": {"name": "Янгижой", "name_uz": "Yangijoy", "kind": "village", "osm_id": 2738942935}}, {"type": "Feature", "geometry": {"type": "Point", "coordinates": [69.022745, 40.705487]}, "properties": {"name": "Гижчи", "name_uz": "G'ijchi", "kind": "village", "osm_id": 2739164227}}, {"type": "Feature", "geometry": {"type": "Point", "coordinates": [69.052235, 40.713331]}, "properties": {"name": "Самарканд", "name_uz": "Samarqand", "kind": "village", "osm_id": 2739164244}}, {"type": "Feature", "geometry": {"type": "Point", "coordinates": [69.078757, 40.703196]}, "properties": {"name": "Гагарин", "name_uz": "Gagarin", "kind": "village", "osm_id": 2741748889}}, {"type": "Feature", "geometry": {"type": "Point", "coordinates": [69.09594, 40.695421]}, "properties": {"name": "Джигилсай", "name_uz": "Jigilsay", "kind": "village", "osm_id": 2741748890}}, {"type": "Feature", "geometry": {"type": "Point", "coordinates": [69.05097, 40.699717]}, "properties": {"name": "Паркентчи", "name_uz": "Parkentchi", "kind": "village", "osm_id": 2741748891}}, {"type": "Feature", "geometry": {"type": "Point", "coordinates": [69.02753, 40.693338]}, "properties": {"name": "Давлатаул", "name_uz": "Davlatovul", "kind": "village", "osm_id": 2744164904}}, {"type": "Feature", "geometry": {"type": "Point", "coordinates": [69.121517, 40.919735]}, "properties": {"name": "Султы", "name_uz": "So'lti", "kind": "village", "osm_id": 2758112928}}, {"type": "Feature", "geometry": {"type": "Point", "coordinates": [69.08817, 40.900527]}, "properties": {"name": "Талаул", "name_uz": "Tolovul", "kind": "village", "osm_id": 2758112929}}, {"type": "Feature", "geometry": {"type": "Point", "coordinates": [69.10554, 40.920985]}, "properties": {"name": "Ханабад", "name_uz": "Xonobod", "kind": "village", "osm_id": 2758112930}}, {"type": "Feature", "geometry": {"type": "Point", "coordinates": [69.138057, 40.925744]}, "properties": {"name": "Культепа", "name_uz": "Ko'ltepa", "kind": "village", "osm_id": 2760086001}}, {"type": "Feature", "geometry": {"type": "Point", "coordinates": [69.129036, 40.916745]}, "properties": {"name": "Джумарад", "name_uz": "Jumarad", "kind": "hamlet", "osm_id": 2760120040}}, {"type": "Feature", "geometry": {"type": "Point", "coordinates": [69.248507, 40.835181]}, "properties": {"name": "Суты", "name_uz": "Suti", "kind": "village", "osm_id": 2760525587}}, {"type": "Feature", "geometry": {"type": "Point", "coordinates": [69.129596, 40.867084]}, "properties": {"name": "Куйбышева", "name_uz": "Kuybisheva", "kind": "village", "osm_id": 2766686665}}, {"type": "Feature", "geometry": {"type": "Point", "coordinates": [69.13137, 40.837282]}, "properties": {"name": "Ашикты", "name_uz": "Ashykti", "kind": "village", "osm_id": 2795729787}}, {"type": "Feature", "geometry": {"type": "Point", "coordinates": [69.093873, 40.840835]}, "properties": {"name": "Кургантепа", "name_uz": "Qo'rg'ontepa", "kind": "village", "osm_id": 2795735837}}, {"type": "Feature", "geometry": {"type": "Point", "coordinates": [69.107899, 40.815664]}, "properties": {"name": "Учтепа", "name_uz": "Uchtepa", "kind": "village", "osm_id": 2807890397}}, {"type": "Feature", "geometry": {"type": "Point", "coordinates": [69.157021, 40.818069]}, "properties": {"name": "Кульдаштепа", "name_uz": "Qo'ldoshtepa", "kind": "village", "osm_id": 2873954942}}, {"type": "Feature", "geometry": {"type": "Point", "coordinates": [69.151871, 40.794268]}, "properties": {"name": "Будал", "name_uz": "Budal", "kind": "village", "osm_id": 2873957833}}, {"type": "Feature", "geometry": {"type": "Point", "coordinates": [69.143808, 40.798757]}, "properties": {"name": "Кульдарак 1", "name_uz": "Kuldarak 1", "kind": "village", "osm_id": 2873960380}}, {"type": "Feature", "geometry": {"type": "Point", "coordinates": [69.159902, 40.800101]}, "properties": {"name": "Кульдарак 2", "name_uz": "Kuldarak 2", "kind": "village", "osm_id": 2873960381}}, {"type": "Feature", "geometry": {"type": "Point", "coordinates": [69.125624, 40.793491]}, "properties": {"name": "Янгиабад", "name_uz": "Yangiobod", "kind": "village", "osm_id": 2873960382}}, {"type": "Feature", "geometry": {"type": "Point", "coordinates": [69.096698, 40.790397]}, "properties": {"name": "Кучгарсуйган", "name_uz": "Kuchgarsuygan", "kind": "village", "osm_id": 2873979468}}, {"type": "Feature", "geometry": {"type": "Point", "coordinates": [69.100259, 40.782202]}, "properties": {"name": "Ходжакурган", "name_uz": "Ho'jaqo'rg'on", "kind": "village", "osm_id": 2873979469}}, {"type": "Feature", "geometry": {"type": "Point", "coordinates": [69.110494, 40.776488]}, "properties": {"name": "Карабаг", "name_uz": "Qorabog'", "kind": "village", "osm_id": 2875579167}}, {"type": "Feature", "geometry": {"type": "Point", "coordinates": [69.095919, 40.752696]}, "properties": {"name": "Карасу", "name_uz": "Qorasu", "kind": "village", "osm_id": 2875600881}}, {"type": "Feature", "geometry": {"type": "Point", "coordinates": [69.105056, 40.742645]}, "properties": {"name": "Актепа", "name_uz": "Oqtepa", "kind": "village", "osm_id": 2875665314}}, {"type": "Feature", "geometry": {"type": "Point", "coordinates": [69.112948, 40.753724]}, "properties": {"name": "Мирзабек", "name_uz": "Mirzabek", "kind": "village", "osm_id": 2875665315}}, {"type": "Feature", "geometry": {"type": "Point", "coordinates": [69.103922, 40.73022]}, "properties": {"name": "Олтмиш кангли", "name_uz": "Oltmish kangli", "kind": "village", "osm_id": 2875704548}}, {"type": "Feature", "geometry": {"type": "Point", "coordinates": [69.081143, 40.72847]}, "properties": {"name": "Янгитурмаш", "name_uz": "Yangiturmush", "kind": "village", "osm_id": 2875704549}}, {"type": "Feature", "geometry": {"type": "Point", "coordinates": [69.154398, 40.736791]}, "properties": {"name": "Янгисанганак", "name_uz": "Yangisanganak", "kind": "village", "osm_id": 2880948408}}, {"type": "Feature", "geometry": {"type": "Point", "coordinates": [69.123677, 40.739395]}, "properties": {"name": "им. Ильича", "name_uz": "Ilich nomidagi", "kind": "village", "osm_id": 2880948409}}, {"type": "Feature", "geometry": {"type": "Point", "coordinates": [69.132061, 40.707239]}, "properties": {"name": "Ильич", "name_uz": "Ilich", "kind": "village", "osm_id": 2881000067}}, {"type": "Feature", "geometry": {"type": "Point", "coordinates": [69.084707, 40.682754]}, "properties": {"name": "Киргизаул", "name_uz": "Kirgizaul", "kind": "village", "osm_id": 2881029745}}, {"type": "Feature", "geometry": {"type": "Point", "coordinates": [69.182033, 40.692936]}, "properties": {"name": "Бука отдел №1", "name_uz": "Bo'ka 1-bolim", "kind": "village", "osm_id": 2881256942}}, {"type": "Feature", "geometry": {"type": "Point", "coordinates": [69.237296, 40.693922]}, "properties": {"name": "Бука отдел №2", "name_uz": "Bo'ka 2-bolim", "kind": "village", "osm_id": 2881256943}}, {"type": "Feature", "geometry": {"type": "Point", "coordinates": [69.147559, 40.679476]}, "properties": {"name": "Бука отдел №3", "name_uz": "Bo'ka 3-bolim", "kind": "village", "osm_id": 2881256944}}, {"type": "Feature", "geometry": {"type": "Point", "coordinates": [69.157027, 40.977867]}, "properties": {"name": "Иттифак", "name_uz": "Ittifoq", "kind": "village", "osm_id": 2881516795}}, {"type": "Feature", "geometry": {"type": "Point", "coordinates": [69.193124, 40.995625]}, "properties": {"name": "Аккатай", "name_uz": "Akkatay", "kind": "village", "osm_id": 2882875814}}, {"type": "Feature", "geometry": {"type": "Point", "coordinates": [69.189522, 41.000923]}, "properties": {"name": "Аранчи", "name_uz": "Aranchi", "kind": "village", "osm_id": 2882875815}}, {"type": "Feature", "geometry": {"type": "Point", "coordinates": [69.177899, 40.989081]}, "properties": {"name": "Навои", "name_uz": "Navoiy", "kind": "village", "osm_id": 2882875816}}, {"type": "Feature", "geometry": {"type": "Point", "coordinates": [69.199641, 40.986952]}, "properties": {"name": "Чангтепа", "name_uz": "Chongtepa", "kind": "village", "osm_id": 2882875817}}, {"type": "Feature", "geometry": {"type": "Point", "coordinates": [69.136741, 40.969885]}, "properties": {"name": "Кирсадак", "name_uz": "Qirsadaq", "kind": "village", "osm_id": 2882990824}}, {"type": "Feature", "geometry": {"type": "Point", "coordinates": [69.119247, 40.957031]}, "properties": {"name": "Уялы", "name_uz": "Uyali", "kind": "village", "osm_id": 2882990825}}, {"type": "Feature", "geometry": {"type": "Point", "coordinates": [69.15683, 40.96972]}, "properties": {"name": "Янгихаят", "name_uz": "Yangihayot", "kind": "village", "osm_id": 2882990826}}, {"type": "Feature", "geometry": {"type": "Point", "coordinates": [69.190548, 40.96322]}, "properties": {"name": "Кунград", "name_uz": "Qo'ng'irot", "kind": "village", "osm_id": 2888472830}}, {"type": "Feature", "geometry": {"type": "Point", "coordinates": [69.175448, 40.965306]}, "properties": {"name": "Кургантепа", "name_uz": "Qo'rg'ontepa", "kind": "village", "osm_id": 2888472831}}, {"type": "Feature", "geometry": {"type": "Point", "coordinates": [69.187009, 40.971308]}, "properties": {"name": "Таджикабад", "name_uz": "Tojikobod", "kind": "village", "osm_id": 2888472832}}, {"type": "Feature", "geometry": {"type": "Point", "coordinates": [69.153796, 40.937503]}, "properties": {"name": "Атчи", "name_uz": "Atchi", "kind": "village", "osm_id": 2888843676}}, {"type": "Feature", "geometry": {"type": "Point", "coordinates": [69.174563, 40.950113]}, "properties": {"name": "Кызылкарван", "name_uz": "Qizilkarvon", "kind": "village", "osm_id": 2888843677}}, {"type": "Feature", "geometry": {"type": "Point", "coordinates": [69.195617, 40.924956]}, "properties": {"name": "Тельман", "name_uz": "Telman", "kind": "village", "osm_id": 2894887640}}, {"type": "Feature", "geometry": {"type": "Point", "coordinates": [69.210899, 40.893807]}, "properties": {"name": "Зарбдар", "name_uz": "Zarbdar", "kind": "village", "osm_id": 2896549260}}, {"type": "Feature", "geometry": {"type": "Point", "coordinates": [69.264064, 40.921029]}, "properties": {"name": "Актепа", "name_uz": "Oqtepa", "kind": "village", "osm_id": 2906751833}}, {"type": "Feature", "geometry": {"type": "Point", "coordinates": [69.192395, 40.887348]}, "properties": {"name": "Навои", "name_uz": "Navoiy", "kind": "village", "osm_id": 2906751834}}, {"type": "Feature", "geometry": {"type": "Point", "coordinates": [69.153431, 40.799471]}, "properties": {"name": "Кульдарак", "name_uz": "Kuldarak", "kind": "village", "osm_id": 2908522126}}, {"type": "Feature", "geometry": {"type": "Point", "coordinates": [69.154105, 40.867036]}, "properties": {"name": "Красная Заря", "name_uz": "Krasnaya Zarya", "kind": "village", "osm_id": 2910324037}}, {"type": "Feature", "geometry": {"type": "Point", "coordinates": [69.177357, 40.82908]}, "properties": {"name": "Яхшибайтепа", "name_uz": "Yahshiboytepa", "kind": "village", "osm_id": 2918234121}}, {"type": "Feature", "geometry": {"type": "Point", "coordinates": [69.176333, 40.758971]}, "properties": {"name": "Майтепа", "name_uz": "Maytepa", "kind": "village", "osm_id": 2924165406}}, {"type": "Feature", "geometry": {"type": "Point", "coordinates": [69.169938, 40.776093]}, "properties": {"name": "Лысенко", "name_uz": "Lisenko", "kind": "village", "osm_id": 2924193227}}, {"type": "Feature", "geometry": {"type": "Point", "coordinates": [69.162007, 40.779885]}, "properties": {"name": "Мускарбаг", "name_uz": "Muskarbag", "kind": "village", "osm_id": 2924193228}}, {"type": "Feature", "geometry": {"type": "Point", "coordinates": [69.153633, 40.77408]}, "properties": {"name": "Ямантама", "name_uz": "Yamantapa", "kind": "village", "osm_id": 2924193229}}, {"type": "Feature", "geometry": {"type": "Point", "coordinates": [69.198511, 40.776938]}, "properties": {"name": "Акбулак", "name_uz": "Akbulak", "kind": "village", "osm_id": 2924218454}}, {"type": "Feature", "geometry": {"type": "Point", "coordinates": [69.206542, 40.759027]}, "properties": {"name": "Самарканд", "name_uz": "Samarqand", "kind": "village", "osm_id": 2924218455}}, {"type": "Feature", "geometry": {"type": "Point", "coordinates": [69.212727, 40.787435]}, "properties": {"name": "Джагалбайлы", "name_uz": "Jagalbayli", "kind": "village", "osm_id": 2928658211}}, {"type": "Feature", "geometry": {"type": "Point", "coordinates": [69.215902, 40.748865]}, "properties": {"name": "имени Хамзы", "name_uz": "Hamza nomidagi", "kind": "village", "osm_id": 2932337548}}, {"type": "Feature", "geometry": {"type": "Point", "coordinates": [69.204852, 40.735227]}, "properties": {"name": "Хамза отдел №2", "name_uz": "Hamza 2-bo'lim", "kind": "village", "osm_id": 2932424526}}, {"type": "Feature", "geometry": {"type": "Point", "coordinates": [69.178403, 40.722839]}, "properties": {"name": "Фрунзе", "name_uz": "Frunze", "kind": "hamlet", "osm_id": 2932479274}}, {"type": "Feature", "geometry": {"type": "Point", "coordinates": [69.134322, 40.668001]}, "properties": {"name": "Казакаул", "name_uz": "Qazaqaul", "kind": "village", "osm_id": 2933731858}}, {"type": "Feature", "geometry": {"type": "Point", "coordinates": [69.213606, 40.982045]}, "properties": {"name": "Джалаир", "name_uz": "Jaloir", "kind": "village", "osm_id": 2940043519}}, {"type": "Feature", "geometry": {"type": "Point", "coordinates": [69.214789, 40.997209]}, "properties": {"name": "Худжат", "name_uz": "Hudjat", "kind": "village", "osm_id": 2940043520}}, {"type": "Feature", "geometry": {"type": "Point", "coordinates": [69.238355, 40.988693]}, "properties": {"name": "Таштуган", "name_uz": "Tashtugan", "kind": "village", "osm_id": 2941394583}}, {"type": "Feature", "geometry": {"type": "Point", "coordinates": [69.269875, 41.000114]}, "properties": {"name": "Кундузяк", "name_uz": "Qunduzyak", "kind": "village", "osm_id": 2946986443}}, {"type": "Feature", "geometry": {"type": "Point", "coordinates": [69.301653, 40.960806]}, "properties": {"name": "Пскент №1, отдел №1", "name_uz": "Piskent №1, 1-bo'lim", "kind": "village", "osm_id": 2947077402}}, {"type": "Feature", "geometry": {"type": "Point", "coordinates": [69.287424, 40.951301]}, "properties": {"name": "Пскент №1, отдел №3", "name_uz": "Piskent №1, 3-bo'lim", "kind": "village", "osm_id": 2947077403}}, {"type": "Feature", "geometry": {"type": "Point", "coordinates": [69.292992, 40.950091]}, "properties": {"name": "Пскент №1", "name_uz": "Piskent №1", "kind": "hamlet", "osm_id": 2947077404}}, {"type": "Feature", "geometry": {"type": "Point", "coordinates": [69.231181, 40.940213]}, "properties": {"name": "Рокоссовский", "name_uz": "Rokosovskiy", "kind": "village", "osm_id": 2947118896}}, {"type": "Feature", "geometry": {"type": "Point", "coordinates": [69.240233, 40.952804]}, "properties": {"name": "Пскент №1, oтдел №7", "name_uz": "Piskent №1, 7-bo'lim", "kind": "village", "osm_id": 2951798622}}, {"type": "Feature", "geometry": {"type": "Point", "coordinates": [69.26205, 40.938783]}, "properties": {"name": "Пскент №1, отдел №4", "name_uz": "Piskent №1, 4-bo'lim", "kind": "village", "osm_id": 2951798623}}, {"type": "Feature", "geometry": {"type": "Point", "coordinates": [69.279209, 40.927441]}, "properties": {"name": "Янгиабад", "name_uz": "Yangiobod", "kind": "village", "osm_id": 2953869938}}, {"type": "Feature", "geometry": {"type": "Point", "coordinates": [69.22719, 40.922872]}, "properties": {"name": "Сайлык", "name_uz": "Soyliq", "kind": "village", "osm_id": 2953990139}}, {"type": "Feature", "geometry": {"type": "Point", "coordinates": [69.2469, 40.907929]}, "properties": {"name": "Кирова", "name_uz": "Kirova", "kind": "village", "osm_id": 2955424689}}, {"type": "Feature", "geometry": {"type": "Point", "coordinates": [69.275035, 40.891732]}, "properties": {"name": "Василькара", "name_uz": "Vasilkara", "kind": "village", "osm_id": 2956802175}}, {"type": "Feature", "geometry": {"type": "Point", "coordinates": [69.265487, 40.879139]}, "properties": {"name": "Пскент №1, отдел №5", "name_uz": "Piskent №1, 5-bo'lim", "kind": "village", "osm_id": 2958117752}}, {"type": "Feature", "geometry": {"type": "Point", "coordinates": [69.286904, 40.871607]}, "properties": {"name": "Кавказаул 2", "name_uz": "Kavkazaul 2", "kind": "village", "osm_id": 2962150780}}, {"type": "Feature", "geometry": {"type": "Point", "coordinates": [69.287525, 40.83222]}, "properties": {"name": "Карасийрак", "name_uz": "Qorasiyroq", "kind": "village", "osm_id": 2968551134}}, {"type": "Feature", "geometry": {"type": "Point", "coordinates": [69.243022, 40.806814]}, "properties": {"name": "Ачмайли", "name_uz": "Achamayli", "kind": "village", "osm_id": 2972416915}}, {"type": "Feature", "geometry": {"type": "Point", "coordinates": [69.282224, 40.791908]}, "properties": {"name": "Каракуйли", "name_uz": "Qoraqo'yli", "kind": "village", "osm_id": 2978594495}}, {"type": "Feature", "geometry": {"type": "Point", "coordinates": [69.243656, 40.766408]}, "properties": {"name": "Каракудук", "name_uz": "Qoraquduq", "kind": "village", "osm_id": 2978612493}}, {"type": "Feature", "geometry": {"type": "Point", "coordinates": [69.264696, 40.76905]}, "properties": {"name": "Ленинизм отдел №3", "name_uz": "Leninizm 3-bo'lim", "kind": "village", "osm_id": 2978840164}}, {"type": "Feature", "geometry": {"type": "Point", "coordinates": [69.302269, 40.73432]}, "properties": {"name": "Катта-Рават", "name_uz": "Katta-Ravot", "kind": "village", "osm_id": 2985528028}}, {"type": "Feature", "geometry": {"type": "Point", "coordinates": [69.243403, 40.736558]}, "properties": {"name": "Рават", "name_uz": "Ravot", "kind": "village", "osm_id": 2985528029}}, {"type": "Feature", "geometry": {"type": "Point", "coordinates": [69.213158, 40.704607]}, "properties": {"name": "Бука отдел №1", "name_uz": "Bo'ka 1-bolim", "kind": "village", "osm_id": 2985604323}}, {"type": "Feature", "geometry": {"type": "Point", "coordinates": [69.214118, 40.710124]}, "properties": {"name": "Туябугуз", "name_uz": "Tuyabuguz", "kind": "village", "osm_id": 2985604324}}, {"type": "Feature", "geometry": {"type": "Point", "coordinates": [69.298449, 40.674136]}, "properties": {"name": "Кокарал отдел №3", "name_uz": "Kokaral 3-bo'lim", "kind": "village", "osm_id": 2987186135}}, {"type": "Feature", "geometry": {"type": "Point", "coordinates": [69.2379, 40.676609]}, "properties": {"name": "Кокарал отдел №4", "name_uz": "Kokaral 4-bo'lim", "kind": "village", "osm_id": 2987186136}}, {"type": "Feature", "geometry": {"type": "Point", "coordinates": [69.312268, 40.686184]}, "properties": {"name": "Елысай", "name_uz": "Elisay", "kind": "village", "osm_id": 2988948324}}, {"type": "Feature", "geometry": {"type": "Point", "coordinates": [69.343021, 40.738094]}, "properties": {"name": "Катта-Рават", "name_uz": "Katta-Ravot", "kind": "village", "osm_id": 2990441993}}, {"type": "Feature", "geometry": {"type": "Point", "coordinates": [69.340558, 40.927204]}, "properties": {"name": "Кайрат", "name_uz": "Qayrat", "kind": "village", "osm_id": 2995373824}}, {"type": "Feature", "geometry": {"type": "Point", "coordinates": [69.488161, 40.826037]}, "properties": {"name": "Байаул", "name_uz": "Bayaul", "kind": "village", "osm_id": 2997163144}}, {"type": "Feature", "geometry": {"type": "Point", "coordinates": [69.312383, 40.761445]}, "properties": {"name": "Куканаул", "name_uz": "Kukanaul", "kind": "village", "osm_id": 2997163145}}, {"type": "Feature", "geometry": {"type": "Point", "coordinates": [69.32334, 40.779036]}, "properties": {"name": "Актам", "name_uz": "Aktam", "kind": "neighbourhood", "osm_id": 3001735673}}, {"type": "Feature", "geometry": {"type": "Point", "coordinates": [69.329442, 40.774284]}, "properties": {"name": "Свердлов", "name_uz": "Sverdlov", "kind": "village", "osm_id": 3001735674}}, {"type": "Feature", "geometry": {"type": "Point", "coordinates": [69.333312, 40.772279]}, "properties": {"name": "Швепникова", "name_uz": "Shvepnikova", "kind": "neighbourhood", "osm_id": 3001735675}}, {"type": "Feature", "geometry": {"type": "Point", "coordinates": [69.330205, 40.797613]}, "properties": {"name": "Кайрагач", "name_uz": "Kayragach", "kind": "village", "osm_id": 3002118577}}, {"type": "Feature", "geometry": {"type": "Point", "coordinates": [69.344106, 40.810009]}, "properties": {"name": "Караултепа", "name_uz": "Karaultepa", "kind": "village", "osm_id": 3002118578}}, {"type": "Feature", "geometry": {"type": "Point", "coordinates": [69.316386, 40.91793]}, "properties": {"name": "Пскент №1, отдел №4", "name_uz": "Piskent №1, 4-bo'lim", "kind": "village", "osm_id": 3009817153}}, {"type": "Feature", "geometry": {"type": "Point", "coordinates": [69.388841, 40.992512]}, "properties": {"name": "Мингтепа", "name_uz": "Mingtepa", "kind": "village", "osm_id": 3009900567}}, {"type": "Feature", "geometry": {"type": "Point", "coordinates": [69.294551, 40.881198]}, "properties": {"name": "Пскент №1, отдел №2", "name_uz": "Piskent №1, 2-bo'lim", "kind": "village", "osm_id": 3015753548}}, {"type": "Feature", "geometry": {"type": "Point", "coordinates": [69.311346, 40.85449]}, "properties": {"name": "Чимкурган", "name_uz": "Chimqo'rg'on", "kind": "village", "osm_id": 3017480215}}, {"type": "Feature", "geometry": {"type": "Point", "coordinates": [69.351101, 40.871706]}, "properties": {"name": "Актепа", "name_uz": "Oqtepa", "kind": "village", "osm_id": 3017487920}}, {"type": "Feature", "geometry": {"type": "Point", "coordinates": [69.33086, 40.854969]}, "properties": {"name": "Якалау", "name_uz": "Yakalau", "kind": "village", "osm_id": 3017487921}}, {"type": "Feature", "geometry": {"type": "Point", "coordinates": [69.253141, 40.232029]}, "properties": {"name": "Бекабад", "name_uz": "Bekobod", "kind": "city", "osm_id": 3019559323}}, {"type": "Feature", "geometry": {"type": "Point", "coordinates": [69.304945, 40.808152]}, "properties": {"name": "Карашик", "name_uz": "Karashik", "kind": "village", "osm_id": 3021601885}}, {"type": "Feature", "geometry": {"type": "Point", "coordinates": [69.401735, 40.985166]}, "properties": {"name": "Шукураул", "name_uz": "Shukurovul", "kind": "village", "osm_id": 3023772988}}, {"type": "Feature", "geometry": {"type": "Point", "coordinates": [69.368804, 40.933238]}, "properties": {"name": "Ташмехлесхоз", "name_uz": "Tashmehleshoz", "kind": "village", "osm_id": 3026542904}}, {"type": "Feature", "geometry": {"type": "Point", "coordinates": [69.388323, 40.920056]}, "properties": {"name": "совхоз №15 имени Вахрушева", "name_uz": "Vahrushev nomidagi №15 sovhoz", "kind": "village", "osm_id": 3026602291}}, {"type": "Feature", "geometry": {"type": "Point", "coordinates": [69.415915, 40.827499]}, "properties": {"name": "Уртааул", "name_uz": "Urtaaul", "kind": "village", "osm_id": 3031307528}}, {"type": "Feature", "geometry": {"type": "Point", "coordinates": [69.441804, 40.831667]}, "properties": {"name": "Юкары-Кариз", "name_uz": "Yukari-Koriz", "kind": "village", "osm_id": 3031307529}}, {"type": "Feature", "geometry": {"type": "Point", "coordinates": [69.438935, 40.993499]}, "properties": {"name": "Юкарыаул", "name_uz": "Yuqoriovul", "kind": "village", "osm_id": 3033939822}}, {"type": "Feature", "geometry": {"type": "Point", "coordinates": [69.433015, 40.971135]}, "properties": {"name": "Канавучти", "name_uz": "Kanavutchi", "kind": "hamlet", "osm_id": 3034150148}}, {"type": "Feature", "geometry": {"type": "Point", "coordinates": [69.446063, 40.951706]}, "properties": {"name": "Казахаул", "name_uz": "Qozoqovul", "kind": "village", "osm_id": 3034275740}}, {"type": "Feature", "geometry": {"type": "Point", "coordinates": [69.449961, 40.907132]}, "properties": {"name": "Гартепа", "name_uz": "Gartepa", "kind": "village", "osm_id": 3042700833}}, {"type": "Feature", "geometry": {"type": "Point", "coordinates": [69.44786, 40.886836]}, "properties": {"name": "Кашка", "name_uz": "Kashka", "kind": "village", "osm_id": 3042775725}}, {"type": "Feature", "geometry": {"type": "Point", "coordinates": [69.433568, 40.843337]}, "properties": {"name": "Бахт", "name_uz": "Baht", "kind": "village", "osm_id": 3045250878}}, {"type": "Feature", "geometry": {"type": "Point", "coordinates": [69.466581, 40.865736]}, "properties": {"name": "Сагана", "name_uz": "Sag'ana", "kind": "village", "osm_id": 3046711485}}, {"type": "Feature", "geometry": {"type": "Point", "coordinates": [69.492482, 40.937923]}, "properties": {"name": "Туркаул", "name_uz": "Turkaul", "kind": "hamlet", "osm_id": 3046733531}}, {"type": "Feature", "geometry": {"type": "Point", "coordinates": [69.46577, 40.957167]}, "properties": {"name": "Байаул", "name_uz": "Boyovul", "kind": "village", "osm_id": 3046738661}}, {"type": "Feature", "geometry": {"type": "Point", "coordinates": [69.464649, 40.947315]}, "properties": {"name": "Машааул", "name_uz": "Mashaovul", "kind": "village", "osm_id": 3046738662}}, {"type": "Feature", "geometry": {"type": "Point", "coordinates": [69.469789, 40.827189]}, "properties": {"name": "Джар", "name_uz": "Jar", "kind": "hamlet", "osm_id": 3046739174}}, {"type": "Feature", "geometry": {"type": "Point", "coordinates": [69.486774, 40.873764]}, "properties": {"name": "Мугул", "name_uz": "Mugul", "kind": "village", "osm_id": 3046796634}}, {"type": "Feature", "geometry": {"type": "Point", "coordinates": [69.474376, 40.935848]}, "properties": {"name": "Аханай", "name_uz": "Ahanay", "kind": "hamlet", "osm_id": 3046823150}}, {"type": "Feature", "geometry": {"type": "Point", "coordinates": [69.465418, 40.996864]}, "properties": {"name": "Жукова", "name_uz": "Jukova", "kind": "hamlet", "osm_id": 3046872821}}, {"type": "Feature", "geometry": {"type": "Point", "coordinates": [69.288841, 40.596189]}, "properties": {"name": "Бахористан", "name_uz": "Bahoriston", "kind": "village", "osm_id": 3049909747}}, {"type": "Feature", "geometry": {"type": "Point", "coordinates": [69.248664, 40.586941]}, "properties": {"name": "Ёшлик", "name_uz": "Yoshlik", "kind": "village", "osm_id": 3054753411}}, {"type": "Feature", "geometry": {"type": "Point", "coordinates": [69.337095, 40.606046]}, "properties": {"name": "Дехканабад", "name_uz": "Dehqonobod", "kind": "village", "osm_id": 3056939664}}, {"type": "Feature", "geometry": {"type": "Point", "coordinates": [69.257393, 40.503263]}, "properties": {"name": "Каракуйли", "name_uz": "Qorako'yli", "kind": "village", "osm_id": 3058492592}}, {"type": "Feature", "geometry": {"type": "Point", "coordinates": [69.320909, 40.630951]}, "properties": {"name": "Пахтакор", "name_uz": "Pahtakor", "kind": "village", "osm_id": 3077896055}}, {"type": "Feature", "geometry": {"type": "Point", "coordinates": [69.056769, 41.365619]}, "properties": {"name": "Кушкунды", "name_uz": "Qushqo'ndi", "kind": "village", "osm_id": 3078050954}}, {"type": "Feature", "geometry": {"type": "Point", "coordinates": [69.268574, 40.614539]}, "properties": {"name": "Бахористан", "name_uz": "Bahoriston", "kind": "village", "osm_id": 3084232985}}, {"type": "Feature", "geometry": {"type": "Point", "coordinates": [69.270235, 40.626149]}, "properties": {"name": "Шурча", "name_uz": "Shurcha", "kind": "village", "osm_id": 3090158152}}, {"type": "Feature", "geometry": {"type": "Point", "coordinates": [69.321559, 40.654904]}, "properties": {"name": "Пахтакор", "name_uz": "Pahtakor", "kind": "village", "osm_id": 3091993318}}, {"type": "Feature", "geometry": {"type": "Point", "coordinates": [69.291861, 40.646918]}, "properties": {"name": "Янгикадам", "name_uz": "Yangiqadam", "kind": "village", "osm_id": 3093527824}}, {"type": "Feature", "geometry": {"type": "Point", "coordinates": [69.314939, 40.328817]}, "properties": {"name": "Дальварзин №1, отделние №4", "name_uz": "Dalvarzin 1, 4-bo'lim", "kind": "village", "osm_id": 3096866522}}, {"type": "Feature", "geometry": {"type": "Point", "coordinates": [69.298917, 40.349387]}, "properties": {"name": "Зиёли", "name_uz": "Ziyoli", "kind": "village", "osm_id": 3101390211}}, {"type": "Feature", "geometry": {"type": "Point", "coordinates": [69.287809, 40.371768]}, "properties": {"name": "Катартал", "name_uz": "Qotortol", "kind": "village", "osm_id": 3101406349}}, {"type": "Feature", "geometry": {"type": "Point", "coordinates": [69.082077, 40.343747]}, "properties": {"name": "Кият", "name_uz": "Qiyot", "kind": "village", "osm_id": 3101491754}}, {"type": "Feature", "geometry": {"type": "Point", "coordinates": [69.176944, 40.388056]}, "properties": {"name": "Парчаюз", "name_uz": "Parchayuz", "kind": "village", "osm_id": 3101491757}}, {"type": "Feature", "geometry": {"type": "Point", "coordinates": [69.263466, 40.478263]}, "properties": {"name": "Сартюз", "name_uz": "Sartyuz", "kind": "village", "osm_id": 3103199446}}, {"type": "Feature", "geometry": {"type": "Point", "coordinates": [69.255972, 40.408061]}, "properties": {"name": "Дальварзин №3, отдел №1", "name_uz": "Dalvarzin 3, 1-bo'lim", "kind": "hamlet", "osm_id": 3106315080}}, {"type": "Feature", "geometry": {"type": "Point", "coordinates": [69.278083, 40.422175]}, "properties": {"name": "Дальварзин отдел №4", "name_uz": "Dalvarzin 4-bo'lim", "kind": "village", "osm_id": 3106315081}}, {"type": "Feature", "geometry": {"type": "Point", "coordinates": [69.283452, 40.354047]}, "properties": {"name": "Бешюз", "name_uz": "Beshyuz", "kind": "village", "osm_id": 3106576110}}, {"type": "Feature", "geometry": {"type": "Point", "coordinates": [69.282351, 40.337877]}, "properties": {"name": "Тентяк", "name_uz": "Tentyak", "kind": "village", "osm_id": 3106611754}}, {"type": "Feature", "geometry": {"type": "Point", "coordinates": [69.20101, 40.422136]}, "properties": {"name": "Бешюз", "name_uz": "Beshyuz", "kind": "hamlet", "osm_id": 3116109627}}, {"type": "Feature", "geometry": {"type": "Point", "coordinates": [69.269744, 40.456177]}, "properties": {"name": "Казахаул", "name_uz": "Qazaqovul", "kind": "village", "osm_id": 3116109628}}, {"type": "Feature", "geometry": {"type": "Point", "coordinates": [69.205267, 40.66253]}, "properties": {"name": "Ирхан", "name_uz": "Irhan", "kind": "village", "osm_id": 3128754112}}, {"type": "Feature", "geometry": {"type": "Point", "coordinates": [69.205528, 40.605281]}, "properties": {"name": "Куркам", "name_uz": "Kurkam", "kind": "village", "osm_id": 3128760829}}, {"type": "Feature", "geometry": {"type": "Point", "coordinates": [70.092176, 41.020496]}, "properties": {"name": "квартал 2/2", "name_uz": "2/2 mavze", "kind": "neighbourhood", "osm_id": 3132947339}}, {"type": "Feature", "geometry": {"type": "Point", "coordinates": [69.148283, 40.632147]}, "properties": {"name": "Гулистан", "name_uz": "Guliston", "kind": "village", "osm_id": 3139565167}}, {"type": "Feature", "geometry": {"type": "Point", "coordinates": [69.162478, 40.554135]}, "properties": {"name": "Хабаш", "name_uz": "Habash", "kind": "village", "osm_id": 3169857069}}, {"type": "Feature", "geometry": {"type": "Point", "coordinates": [69.258725, 40.226477]}, "properties": {"name": "11-й микрорайон", "name_uz": "11-й микрорайон", "kind": "neighbourhood", "osm_id": 3170047639}}, {"type": "Feature", "geometry": {"type": "Point", "coordinates": [69.255486, 40.229476]}, "properties": {"name": "12-й микрорайон", "name_uz": "12-й микрорайон", "kind": "neighbourhood", "osm_id": 3170047640}}, {"type": "Feature", "geometry": {"type": "Point", "coordinates": [69.261502, 40.231708]}, "properties": {"name": "13-й микрорайон", "name_uz": "13-й микрорайон", "kind": "neighbourhood", "osm_id": 3170047641}}, {"type": "Feature", "geometry": {"type": "Point", "coordinates": [69.265265, 40.235932]}, "properties": {"name": "14 микрорайон", "name_uz": "14 микрорайон", "kind": "neighbourhood", "osm_id": 3170047642}}, {"type": "Feature", "geometry": {"type": "Point", "coordinates": [69.26536, 40.581037]}, "properties": {"name": "Галькудук", "name_uz": "Galkuduk", "kind": "village", "osm_id": 3178306041}}, {"type": "Feature", "geometry": {"type": "Point", "coordinates": [69.236094, 40.5164]}, "properties": {"name": "Бирдамлик", "name_uz": "Birdamlik", "kind": "village", "osm_id": 3180375520}}, {"type": "Feature", "geometry": {"type": "Point", "coordinates": [69.197203, 40.444164]}, "properties": {"name": "Хутор", "name_uz": "Hutor", "kind": "hamlet", "osm_id": 3184252525}}, {"type": "Feature", "geometry": {"type": "Point", "coordinates": [69.209574, 40.433306]}, "properties": {"name": "Дальварзин №4, отдел №8", "name_uz": "Dalvarzin 4, 8-bo'lim", "kind": "village", "osm_id": 3185940611}}, {"type": "Feature", "geometry": {"type": "Point", "coordinates": [69.161229, 40.462155]}, "properties": {"name": "Янги хаёт", "name_uz": "Yangi hayot", "kind": "hamlet", "osm_id": 3192489463}}, {"type": "Feature", "geometry": {"type": "Point", "coordinates": [69.235404, 40.394896]}, "properties": {"name": "Дальварзин №3, отдел №1", "name_uz": "Dalvarzin 3, 1-bo'lim", "kind": "hamlet", "osm_id": 3198072951}}, {"type": "Feature", "geometry": {"type": "Point", "coordinates": [69.216872, 40.397547]}, "properties": {"name": "Дальварзин №3, отдел №4", "name_uz": "Dalvarzin 3, 4-bo'lim", "kind": "hamlet", "osm_id": 3204152308}}, {"type": "Feature", "geometry": {"type": "Point", "coordinates": [69.208246, 40.367499]}, "properties": {"name": "Балакурган", "name_uz": "Balakurgan", "kind": "village", "osm_id": 3205691967}}, {"type": "Feature", "geometry": {"type": "Point", "coordinates": [69.220216, 40.369525]}, "properties": {"name": "Назарбай", "name_uz": "Nazarboy", "kind": "village", "osm_id": 3205787351}}, {"type": "Feature", "geometry": {"type": "Point", "coordinates": [69.204487, 40.354422]}, "properties": {"name": "Маллавой", "name_uz": "Mallaboy", "kind": "village", "osm_id": 3205935554}}, {"type": "Feature", "geometry": {"type": "Point", "coordinates": [69.110626, 40.613848]}, "properties": {"name": "охотхозяйство ТуркВО", "name_uz": "TurkVO ovchilik ho'jaligi", "kind": "village", "osm_id": 3213660918}}, {"type": "Feature", "geometry": {"type": "Point", "coordinates": [69.195596, 40.590905]}, "properties": {"name": "Шарча", "name_uz": "Shorcha", "kind": "hamlet", "osm_id": 3215317234}}, {"type": "Feature", "geometry": {"type": "Point", "coordinates": [69.228881, 40.588938]}, "properties": {"name": "Шарча", "name_uz": "Shorcha", "kind": "village", "osm_id": 3215523987}}, {"type": "Feature", "geometry": {"type": "Point", "coordinates": [69.180111, 40.526565]}, "properties": {"name": "Зарбдар", "name_uz": "Zarbdor", "kind": "village", "osm_id": 3216932928}}, {"type": "Feature", "geometry": {"type": "Point", "coordinates": [69.187258, 40.538716]}, "properties": {"name": "Саврак", "name_uz": "Savrak", "kind": "village", "osm_id": 3216932929}}, {"type": "Feature", "geometry": {"type": "Point", "coordinates": [69.179523, 40.549599]}, "properties": {"name": "Уяс", "name_uz": "Uyas", "kind": "village", "osm_id": 3216932930}}, {"type": "Feature", "geometry": {"type": "Point", "coordinates": [69.195342, 40.408488]}, "properties": {"name": "отдел №4 имени Мавлянова", "name_uz": "Mavlonova 4-bo'lim", "kind": "village", "osm_id": 3270123338}}, {"type": "Feature", "geometry": {"type": "Point", "coordinates": [69.191091, 40.374285]}, "properties": {"name": "Дальварзин №2, отдел №3", "name_uz": "Dalvarzin 2, 3-bo'lim", "kind": "village", "osm_id": 3270158371}}, {"type": "Feature", "geometry": {"type": "Point", "coordinates": [69.190279, 40.338506]}, "properties": {"name": "Гульзар", "name_uz": "Gulzor", "kind": "village", "osm_id": 3270166206}}, {"type": "Feature", "geometry": {"type": "Point", "coordinates": [69.18157, 40.353133]}, "properties": {"name": "Дальварзин №2, отдел №4", "name_uz": "Dalvarzin 2, 4-bo'lim", "kind": "village", "osm_id": 3272175865}}, {"type": "Feature", "geometry": {"type": "Point", "coordinates": [69.153006, 40.351763]}, "properties": {"name": "Жданов", "name_uz": "Jdanov", "kind": "village", "osm_id": 3272203072}}, {"type": "Feature", "geometry": {"type": "Point", "coordinates": [69.158612, 40.341365]}, "properties": {"name": "Урюкзар", "name_uz": "O'rikzor", "kind": "village", "osm_id": 3272203073}}, {"type": "Feature", "geometry": {"type": "Point", "coordinates": [69.146112, 40.338977]}, "properties": {"name": "Янгиабад", "name_uz": "Yangiobod", "kind": "village", "osm_id": 3272203074}}, {"type": "Feature", "geometry": {"type": "Point", "coordinates": [69.051746, 40.655314]}, "properties": {"name": "Алкаджар", "name_uz": "Alkajar", "kind": "village", "osm_id": 3272542879}}, {"type": "Feature", "geometry": {"type": "Point", "coordinates": [69.107268, 40.65469]}, "properties": {"name": "Бука отдел №4", "name_uz": "Bo'ka 4-bolim", "kind": "village", "osm_id": 3272542880}}, {"type": "Feature", "geometry": {"type": "Point", "coordinates": [69.082116, 40.659654]}, "properties": {"name": "Бука отдел №5", "name_uz": "Bo'ka 5-bolim", "kind": "village", "osm_id": 3272542881}}, {"type": "Feature", "geometry": {"type": "Point", "coordinates": [69.126672, 40.582136]}, "properties": {"name": "Калгансыр", "name_uz": "Qolg'onsir", "kind": "village", "osm_id": 3285275359}}, {"type": "Feature", "geometry": {"type": "Point", "coordinates": [69.1492, 40.565621]}, "properties": {"name": "Кансай", "name_uz": "Konsoy", "kind": "village", "osm_id": 3285305366}}, {"type": "Feature", "geometry": {"type": "Point", "coordinates": [69.129284, 40.477715]}, "properties": {"name": "Янгихаят", "name_uz": "Yangixayot", "kind": "village", "osm_id": 3289735937}}, {"type": "Feature", "geometry": {"type": "Point", "coordinates": [69.100529, 40.383156]}, "properties": {"name": "Ачимайли", "name_uz": "Achimayli", "kind": "village", "osm_id": 3289748990}}, {"type": "Feature", "geometry": {"type": "Point", "coordinates": [69.090247, 40.369662]}, "properties": {"name": "Баятут", "name_uz": "Bayaut", "kind": "hamlet", "osm_id": 3289860221}}, {"type": "Feature", "geometry": {"type": "Point", "coordinates": [69.141156, 40.419501]}, "properties": {"name": "Мавлянова", "name_uz": "Mavlonova", "kind": "village", "osm_id": 3303655163}}, {"type": "Feature", "geometry": {"type": "Point", "coordinates": [69.135101, 40.407851]}, "properties": {"name": "Хайбаткуль", "name_uz": "Haybatko'l", "kind": "village", "osm_id": 3303655164}}, {"type": "Feature", "geometry": {"type": "Point", "coordinates": [69.144543, 40.432251]}, "properties": {"name": "Хайват", "name_uz": "Hayvat", "kind": "hamlet", "osm_id": 3303655408}}, {"type": "Feature", "geometry": {"type": "Point", "coordinates": [69.148196, 40.391086]}, "properties": {"name": "Дальварзин №2, отдел №5", "name_uz": "Dalvarzin 2, 5-bo'lim", "kind": "village", "osm_id": 3305256996}}, {"type": "Feature", "geometry": {"type": "Point", "coordinates": [69.105029, 40.364933]}, "properties": {"name": "Парчаюз", "name_uz": "Parchayuz", "kind": "village", "osm_id": 3305319317}}, {"type": "Feature", "geometry": {"type": "Point", "coordinates": [69.109099, 40.358981]}, "properties": {"name": "Уртабуз", "name_uz": "O'rtabo'z", "kind": "village", "osm_id": 3305319318}}, {"type": "Feature", "geometry": {"type": "Point", "coordinates": [69.152367, 40.366561]}, "properties": {"name": "Кызыл-Аскар", "name_uz": "Qizil-Askar", "kind": "village", "osm_id": 3305417965}}, {"type": "Feature", "geometry": {"type": "Point", "coordinates": [69.305573, 40.309427]}, "properties": {"name": "Дальварзин №1, отдел №5", "name_uz": "Dalvarzin 1, 5-bo'lim", "kind": "village", "osm_id": 3316106090}}, {"type": "Feature", "geometry": {"type": "Point", "coordinates": [69.155537, 40.246168]}, "properties": {"name": "Куканы", "name_uz": "Qo'qoni", "kind": "village", "osm_id": 3316343077}}, {"type": "Feature", "geometry": {"type": "Point", "coordinates": [69.17, 40.298611]}, "properties": {"name": "Узбекистан", "name_uz": "Oʻzbekiston", "kind": "village", "osm_id": 3316343078}}, {"type": "Feature", "geometry": {"type": "Point", "coordinates": [69.093132, 40.324545]}, "properties": {"name": "Найман", "name_uz": "Nayman", "kind": "village", "osm_id": 3317925589}}, {"type": "Feature", "geometry": {"type": "Point", "coordinates": [69.103478, 40.30378]}, "properties": {"name": "Тукбай", "name_uz": "Tukboy", "kind": "village", "osm_id": 3320241945}}, {"type": "Feature", "geometry": {"type": "Point", "coordinates": [69.16586, 40.317283]}, "properties": {"name": "Зомин", "name_uz": "Zomin", "kind": "hamlet", "osm_id": 3327987645}}, {"type": "Feature", "geometry": {"type": "Point", "coordinates": [69.199927, 40.314837]}, "properties": {"name": "Курган", "name_uz": "Qo'rg'on", "kind": "village", "osm_id": 3331316211}}, {"type": "Feature", "geometry": {"type": "Point", "coordinates": [69.231446, 40.329934]}, "properties": {"name": "Теракзор", "name_uz": "Terakzor", "kind": "village", "osm_id": 3333741247}}, {"type": "Feature", "geometry": {"type": "Point", "coordinates": [69.251573, 40.316875]}, "properties": {"name": "Каль", "name_uz": "Kal'", "kind": "village", "osm_id": 3339277885}}, {"type": "Feature", "geometry": {"type": "Point", "coordinates": [69.262781, 40.327509]}, "properties": {"name": "Намуна", "name_uz": "Namuna", "kind": "village", "osm_id": 3339277886}}, {"type": "Feature", "geometry": {"type": "Point", "coordinates": [69.238258, 40.326029]}, "properties": {"name": "Нижний Каль", "name_uz": "Quyi Kal'", "kind": "village", "osm_id": 3339277887}}, {"type": "Feature", "geometry": {"type": "Point", "coordinates": [69.264624, 40.321509]}, "properties": {"name": "Урта-Буз", "name_uz": "O'rta-Bo'z", "kind": "village", "osm_id": 3339277888}}, {"type": "Feature", "geometry": {"type": "Point", "coordinates": [69.277018, 40.32296]}, "properties": {"name": "Хамза", "name_uz": "Hamza", "kind": "village", "osm_id": 3339277889}}, {"type": "Feature", "geometry": {"type": "Point", "coordinates": [70.078326, 41.011527]}, "properties": {"name": "квартал 4/6", "name_uz": "4/6 mavze", "kind": "neighbourhood", "osm_id": 3341366553}}, {"type": "Feature", "geometry": {"type": "Point", "coordinates": [70.054609, 40.996088]}, "properties": {"name": "квартал 5/3", "name_uz": "5/3 mavze", "kind": "neighbourhood", "osm_id": 3341366554}}, {"type": "Feature", "geometry": {"type": "Point", "coordinates": [70.057597, 40.999279]}, "properties": {"name": "квартал 5/4", "name_uz": "5/4 mavze", "kind": "neighbourhood", "osm_id": 3341366555}}, {"type": "Feature", "geometry": {"type": "Point", "coordinates": [70.08401, 41.005216]}, "properties": {"name": "3 квартал", "name_uz": "3 mavze", "kind": "neighbourhood", "osm_id": 3341366556}}, {"type": "Feature", "geometry": {"type": "Point", "coordinates": [69.291397, 40.30302]}, "properties": {"name": "Энгельс", "name_uz": "Engels", "kind": "village", "osm_id": 3347289576}}, {"type": "Feature", "geometry": {"type": "Point", "coordinates": [69.123716, 40.275127]}, "properties": {"name": "Пастки Куштамгали", "name_uz": "Pastki Qoʻshtamgʻali", "kind": "hamlet", "osm_id": 3357182981}}, {"type": "Feature", "geometry": {"type": "Point", "coordinates": [69.228058, 40.283945]}, "properties": {"name": "отдел №2", "name_uz": "2-bo'lim", "kind": "village", "osm_id": 3358920793}}, {"type": "Feature", "geometry": {"type": "Point", "coordinates": [69.146034, 40.269399]}, "properties": {"name": "Юкары Куштамгали", "name_uz": "Yuqori Qoʻshtamgʻali", "kind": "village", "osm_id": 3358932821}}, {"type": "Feature", "geometry": {"type": "Point", "coordinates": [69.160055, 40.256487]}, "properties": {"name": "Сегизсари", "name_uz": "Segizsari", "kind": "village", "osm_id": 3358956781}}, {"type": "Feature", "geometry": {"type": "Point", "coordinates": [69.145368, 40.255432]}, "properties": {"name": "Туячи", "name_uz": "Tuyachi", "kind": "village", "osm_id": 3358956782}}, {"type": "Feature", "geometry": {"type": "Point", "coordinates": [69.228346, 40.247421]}, "properties": {"name": "Такачи", "name_uz": "Taqachi", "kind": "village", "osm_id": 3372957838}}, {"type": "Feature", "geometry": {"type": "Point", "coordinates": [69.255485, 40.245297]}, "properties": {"name": "Дальварзин отдел №8", "name_uz": "Dalvarzin 8-bo'lim", "kind": "village", "osm_id": 3374298830}}, {"type": "Feature", "geometry": {"type": "Point", "coordinates": [69.169498, 40.226105]}, "properties": {"name": "Бешкала", "name_uz": "Beshqala", "kind": "village", "osm_id": 3383913556}}, {"type": "Feature", "geometry": {"type": "Point", "coordinates": [69.194948, 40.222047]}, "properties": {"name": "Кунгирбай", "name_uz": "Qoʻngʻirboy", "kind": "village", "osm_id": 3383913557}}, {"type": "Feature", "geometry": {"type": "Point", "coordinates": [69.184022, 40.224668]}, "properties": {"name": "Шова", "name_uz": "Shova", "kind": "village", "osm_id": 3383913558}}, {"type": "Feature", "geometry": {"type": "Point", "coordinates": [69.178343, 40.234582]}, "properties": {"name": "Янгиабад", "name_uz": "Yangiobod", "kind": "village", "osm_id": 3383913559}}, {"type": "Feature", "geometry": {"type": "Point", "coordinates": [69.220411, 40.223684]}, "properties": {"name": "М. Тургунбоева", "name_uz": "М. Тургунбоева", "kind": "neighbourhood", "osm_id": 3390621317}}, {"type": "Feature", "geometry": {"type": "Point", "coordinates": [69.234979, 40.226015]}, "properties": {"name": "Шахматчи (Косим ота Фармонов махаля)", "name_uz": "Шахматчи (Косим ота Фармонов махаля)", "kind": "neighbourhood", "osm_id": 3390621318}}, {"type": "Feature", "geometry": {"type": "Point", "coordinates": [69.22586, 40.212007]}, "properties": {"name": "Цементгородок", "name_uz": "Цементгородок", "kind": "neighbourhood", "osm_id": 3403170994}}, {"type": "Feature", "geometry": {"type": "Point", "coordinates": [69.241714, 40.210742]}, "properties": {"name": "Фарход", "name_uz": "Farxod", "kind": "neighbourhood", "osm_id": 3403171037}}, {"type": "Feature", "geometry": {"type": "Point", "coordinates": [69.246051, 40.217493]}, "properties": {"name": "3 микрорайон", "name_uz": "3-daha", "kind": "neighbourhood", "osm_id": 3404885447}}, {"type": "Feature", "geometry": {"type": "Point", "coordinates": [69.276747, 40.225479]}, "properties": {"name": "Зафарабадский район", "name_uz": "Кировский", "kind": "neighbourhood", "osm_id": 3406673408}}, {"type": "Feature", "geometry": {"type": "Point", "coordinates": [69.275741, 40.218572]}, "properties": {"name": "Мукимий", "name_uz": "Мукимий", "kind": "neighbourhood", "osm_id": 3406673409}}, {"type": "Feature", "geometry": {"type": "Point", "coordinates": [69.228469, 40.2195]}, "properties": {"name": "Аббасов", "name_uz": "Аббасов", "kind": "neighbourhood", "osm_id": 3406692242}}, {"type": "Feature", "geometry": {"type": "Point", "coordinates": [69.232768, 40.211346]}, "properties": {"name": "К. Турдиев", "name_uz": "К. Турдиев", "kind": "neighbourhood", "osm_id": 3406692244}}, {"type": "Feature", "geometry": {"type": "Point", "coordinates": [69.237602, 40.218654]}, "properties": {"name": "С. Айний", "name_uz": "С. Айний", "kind": "neighbourhood", "osm_id": 3406692246}}, {"type": "Feature", "geometry": {"type": "Point", "coordinates": [69.246656, 40.218515]}, "properties": {"name": "Тинчлик", "name_uz": "Тинчлик", "kind": "neighbourhood", "osm_id": 3406692247}}, {"type": "Feature", "geometry": {"type": "Point", "coordinates": [69.261746, 40.219952]}, "properties": {"name": "Нурили Йул", "name_uz": "Нурили Йул", "kind": "neighbourhood", "osm_id": 3406709120}}, {"type": "Feature", "geometry": {"type": "Point", "coordinates": [69.25249, 40.228157]}, "properties": {"name": "Самарканд", "name_uz": "Самарканд", "kind": "neighbourhood", "osm_id": 3406709122}}, {"type": "Feature", "geometry": {"type": "Point", "coordinates": [69.257117, 40.225053]}, "properties": {"name": "Сырдарья", "name_uz": "Сырдарья", "kind": "neighbourhood", "osm_id": 3406709123}}, {"type": "Feature", "geometry": {"type": "Point", "coordinates": [69.272814, 40.215048]}, "properties": {"name": "Узбекистан", "name_uz": "Узбекистон", "kind": "neighbourhood", "osm_id": 3406709125}}, {"type": "Feature", "geometry": {"type": "Point", "coordinates": [69.293145, 40.202689]}, "properties": {"name": "финский посёлок", "name_uz": "финский посёлок", "kind": "neighbourhood", "osm_id": 3406709303}}, {"type": "Feature", "geometry": {"type": "Point", "coordinates": [69.26237, 40.218704]}, "properties": {"name": "64 квартал", "name_uz": "64 квартал", "kind": "neighbourhood", "osm_id": 3406709304}}, {"type": "Feature", "geometry": {"type": "Point", "coordinates": [69.262838, 40.230679]}, "properties": {"name": "Бабур", "name_uz": "Бабур", "kind": "neighbourhood", "osm_id": 3406716628}}, {"type": "Feature", "geometry": {"type": "Point", "coordinates": [69.26131, 40.233735]}, "properties": {"name": "Богишамол", "name_uz": "Богишамол", "kind": "neighbourhood", "osm_id": 3406716629}}, {"type": "Feature", "geometry": {"type": "Point", "coordinates": [69.258486, 40.232247]}, "properties": {"name": "Фергона", "name_uz": "Фергона", "kind": "neighbourhood", "osm_id": 3406716630}}, {"type": "Feature", "geometry": {"type": "Point", "coordinates": [69.263806, 40.227971]}, "properties": {"name": "Ширин", "name_uz": "Ширин", "kind": "neighbourhood", "osm_id": 3406716631}}, {"type": "Feature", "geometry": {"type": "Point", "coordinates": [69.266453, 40.232877]}, "properties": {"name": "Ёшлик", "name_uz": "Ёшлик", "kind": "neighbourhood", "osm_id": 3406717075}}, {"type": "Feature", "geometry": {"type": "Point", "coordinates": [69.268445, 40.23588]}, "properties": {"name": "Дустлик", "name_uz": "Дустлик", "kind": "neighbourhood", "osm_id": 3406717076}}, {"type": "Feature", "geometry": {"type": "Point", "coordinates": [69.166955, 40.21947]}, "properties": {"name": "Алишер Навои", "name_uz": "Alisher Navoiy", "kind": "village", "osm_id": 3406725394}}, {"type": "Feature", "geometry": {"type": "Point", "coordinates": [69.181934, 40.218207]}, "properties": {"name": "Навруз", "name_uz": "Navro'z", "kind": "village", "osm_id": 3406725395}}, {"type": "Feature", "geometry": {"type": "Point", "coordinates": [68.996895, 41.209442]}, "properties": {"name": "Навои", "name_uz": "Navoiy", "kind": "village", "osm_id": 3408254735}}, {"type": "Feature", "geometry": {"type": "Point", "coordinates": [68.960683, 41.156835]}, "properties": {"name": "Бабур", "name_uz": "Bobur", "kind": "village", "osm_id": 3415457609}}, {"type": "Feature", "geometry": {"type": "Point", "coordinates": [68.999121, 41.18896]}, "properties": {"name": "У. Юсупова отдел №1", "name_uz": "U. Yusupov №1 bo'lim", "kind": "hamlet", "osm_id": 3415457610}}, {"type": "Feature", "geometry": {"type": "Point", "coordinates": [68.95368, 41.112031]}, "properties": {"name": "Шуралисай", "name_uz": "Sho'ralisoy", "kind": "village", "osm_id": 3415457611}}, {"type": "Feature", "geometry": {"type": "Point", "coordinates": [68.981756, 41.166151]}, "properties": {"name": "У. Юсупова отдел №2", "name_uz": "U. Yusupov №2 bo'lim", "kind": "village", "osm_id": 3419147234}}, {"type": "Feature", "geometry": {"type": "Point", "coordinates": [68.852794, 41.129664]}, "properties": {"name": "Бозсу", "name_uz": "Bo'zsuv", "kind": "village", "osm_id": 3599880791}}, {"type": "Feature", "geometry": {"type": "Point", "coordinates": [68.922618, 41.17615]}, "properties": {"name": "комбинат имени Юсупова отдел №2", "name_uz": "Yusupov nomidagi kombinat №2 bo'lim", "kind": "village", "osm_id": 3628157858}}, {"type": "Feature", "geometry": {"type": "Point", "coordinates": [68.906736, 41.153294]}, "properties": {"name": "Янгиабад", "name_uz": "Yangiobod", "kind": "village", "osm_id": 3628157859}}, {"type": "Feature", "geometry": {"type": "Point", "coordinates": [68.832661, 41.102578]}, "properties": {"name": "Дустлик", "name_uz": "Do'stlik", "kind": "village", "osm_id": 3641922049}}, {"type": "Feature", "geometry": {"type": "Point", "coordinates": [68.820016, 41.113638]}, "properties": {"name": "Галаба", "name_uz": "G'alaba", "kind": "village", "osm_id": 3641922050}}, {"type": "Feature", "geometry": {"type": "Point", "coordinates": [68.889235, 41.127646]}, "properties": {"name": "им. Х. Турсункулова", "name_uz": "H. Tursunqulov", "kind": "village", "osm_id": 3688885416}}, {"type": "Feature", "geometry": {"type": "Point", "coordinates": [68.875852, 41.106898]}, "properties": {"name": "Алмазар", "name_uz": "Olmazor", "kind": "village", "osm_id": 3711355816}}, {"type": "Feature", "geometry": {"type": "Point", "coordinates": [68.997902, 41.117987]}, "properties": {"name": "Иязбагиш", "name_uz": "Iyazbagish", "kind": "village", "osm_id": 3719537874}}, {"type": "Feature", "geometry": {"type": "Point", "coordinates": [68.93673, 41.122252]}, "properties": {"name": "Марказ", "name_uz": "Markaz", "kind": "village", "osm_id": 3725592234}}, {"type": "Feature", "geometry": {"type": "Point", "coordinates": [68.975497, 41.102686]}, "properties": {"name": "Кызыларык", "name_uz": "Qizilariq", "kind": "village", "osm_id": 3735423925}}, {"type": "Feature", "geometry": {"type": "Point", "coordinates": [68.880582, 40.83109]}, "properties": {"name": "Дустлик", "name_uz": "Do'stlik", "kind": "village", "osm_id": 3748716016}}, {"type": "Feature", "geometry": {"type": "Point", "coordinates": [68.773122, 41.06003]}, "properties": {"name": "Каналабад", "name_uz": "Kanalobod", "kind": "village", "osm_id": 3764828737}}, {"type": "Feature", "geometry": {"type": "Point", "coordinates": [68.788065, 41.081339]}, "properties": {"name": "Иттифак", "name_uz": "Ittifoq", "kind": "village", "osm_id": 3764865332}}, {"type": "Feature", "geometry": {"type": "Point", "coordinates": [68.811157, 41.092734]}, "properties": {"name": "Энгельс", "name_uz": "Engels", "kind": "hamlet", "osm_id": 3764920682}}, {"type": "Feature", "geometry": {"type": "Point", "coordinates": [68.800566, 41.08556]}, "properties": {"name": "Энгельс", "name_uz": "Engels", "kind": "village", "osm_id": 3764920683}}, {"type": "Feature", "geometry": {"type": "Point", "coordinates": [68.802278, 41.075591]}, "properties": {"name": "Янгиабад отдел №4", "name_uz": "Yangiobod 4-bo'lim", "kind": "hamlet", "osm_id": 3779111006}}, {"type": "Feature", "geometry": {"type": "Point", "coordinates": [68.838609, 41.091141]}, "properties": {"name": "Рокоссовский", "name_uz": "Rokossovskiy nomidagi", "kind": "village", "osm_id": 3779141157}}, {"type": "Feature", "geometry": {"type": "Point", "coordinates": [68.84286, 41.070933]}, "properties": {"name": "Узумзар", "name_uz": "Uzumzor", "kind": "village", "osm_id": 3785700503}}, {"type": "Feature", "geometry": {"type": "Point", "coordinates": [68.797195, 41.036217]}, "properties": {"name": "Гайрат", "name_uz": "G'ayrat", "kind": "village", "osm_id": 3785708357}}, {"type": "Feature", "geometry": {"type": "Point", "coordinates": [68.871111, 41.038333]}, "properties": {"name": "Джунарык", "name_uz": "Junariq", "kind": "village", "osm_id": 3785827399}}, {"type": "Feature", "geometry": {"type": "Point", "coordinates": [68.715506, 40.9402]}, "properties": {"name": "Эркин", "name_uz": "Erkin", "kind": "village", "osm_id": 3785827401}}, {"type": "Feature", "geometry": {"type": "Point", "coordinates": [68.866667, 40.816667]}, "properties": {"name": "Кучек", "name_uz": "Kuchek", "kind": "village", "osm_id": 3785827402}}, {"type": "Feature", "geometry": {"type": "Point", "coordinates": [68.873889, 41.051111]}, "properties": {"name": "Самарканд", "name_uz": "Samarqand", "kind": "hamlet", "osm_id": 3785827403}}, {"type": "Feature", "geometry": {"type": "Point", "coordinates": [68.951991, 40.830324]}, "properties": {"name": "Эльтамгалы", "name_uz": "Eltamg'ali", "kind": "village", "osm_id": 3785833734}}, {"type": "Feature", "geometry": {"type": "Point", "coordinates": [68.891891, 41.085515]}, "properties": {"name": "Октябарьский", "name_uz": "Oktyabr nomli", "kind": "village", "osm_id": 3787416920}}, {"type": "Feature", "geometry": {"type": "Point", "coordinates": [68.97729, 41.051678]}, "properties": {"name": "Саимэ", "name_uz": "Sayme", "kind": "village", "osm_id": 3793719859}}, {"type": "Feature", "geometry": {"type": "Point", "coordinates": [68.998503, 41.079926]}, "properties": {"name": "Кирда", "name_uz": "Kirda", "kind": "hamlet", "osm_id": 3796494245}}, {"type": "Feature", "geometry": {"type": "Point", "coordinates": [68.889279, 40.969173]}, "properties": {"name": "Янги Ислохат", "name_uz": "Yangi Islohat", "kind": "village", "osm_id": 3796530524}}, {"type": "Feature", "geometry": {"type": "Point", "coordinates": [68.754245, 41.026987]}, "properties": {"name": "Янгиабад", "name_uz": "Yangiobod", "kind": "village", "osm_id": 3797830478}}, {"type": "Feature", "geometry": {"type": "Point", "coordinates": [68.70224, 40.956985]}, "properties": {"name": "Дехканабад", "name_uz": "Dexqonobod", "kind": "village", "osm_id": 3803293379}}, {"type": "Feature", "geometry": {"type": "Point", "coordinates": [68.8438, 41.037266]}, "properties": {"name": "Сутбулак", "name_uz": "Sutbulak", "kind": "village", "osm_id": 3806244644}}, {"type": "Feature", "geometry": {"type": "Point", "coordinates": [69.033014, 41.161321]}, "properties": {"name": "Фрунзе", "name_uz": "Frunze", "kind": "hamlet", "osm_id": 3832296832}}, {"type": "Feature", "geometry": {"type": "Point", "coordinates": [68.794292, 41.012371]}, "properties": {"name": "Кирдара", "name_uz": "Kirdara", "kind": "village", "osm_id": 3840241392}}, {"type": "Feature", "geometry": {"type": "Point", "coordinates": [68.82026, 40.992001]}, "properties": {"name": "Сутчилар", "name_uz": "Sutchilar", "kind": "village", "osm_id": 3840241393}}, {"type": "Feature", "geometry": {"type": "Point", "coordinates": [68.802051, 41.013849]}, "properties": {"name": "Янгиаул", "name_uz": "Yangiaul", "kind": "village", "osm_id": 3840241394}}, {"type": "Feature", "geometry": {"type": "Point", "coordinates": [68.783226, 40.984965]}, "properties": {"name": "Каралас", "name_uz": "Qoralas", "kind": "village", "osm_id": 3840275072}}, {"type": "Feature", "geometry": {"type": "Point", "coordinates": [68.803701, 41.029694]}, "properties": {"name": "Тельман", "name_uz": "Telman", "kind": "village", "osm_id": 3846154876}}, {"type": "Feature", "geometry": {"type": "Point", "coordinates": [68.885029, 41.001737]}, "properties": {"name": "Багбан", "name_uz": "Bog'bon", "kind": "hamlet", "osm_id": 3846465613}}, {"type": "Feature", "geometry": {"type": "Point", "coordinates": [68.759471, 40.969223]}, "properties": {"name": "Кутарма", "name_uz": "Ko'tarma", "kind": "village", "osm_id": 3854009582}}, {"type": "Feature", "geometry": {"type": "Point", "coordinates": [68.759776, 40.98531]}, "properties": {"name": "Куралаш", "name_uz": "Kuralash", "kind": "village", "osm_id": 3854009583}}, {"type": "Feature", "geometry": {"type": "Point", "coordinates": [68.763681, 40.957369]}, "properties": {"name": "Гульзарабад", "name_uz": "Gulzorobod", "kind": "village", "osm_id": 3854009584}}, {"type": "Feature", "geometry": {"type": "Point", "coordinates": [68.804325, 40.961603]}, "properties": {"name": "Айдын", "name_uz": "Oydin", "kind": "hamlet", "osm_id": 3854050996}}, {"type": "Feature", "geometry": {"type": "Point", "coordinates": [68.966225, 40.992516]}, "properties": {"name": "Балта", "name_uz": "Bolta", "kind": "village", "osm_id": 3860044154}}, {"type": "Feature", "geometry": {"type": "Point", "coordinates": [68.903847, 40.958114]}, "properties": {"name": "Волков отдел №4", "name_uz": "Volkov 4-bo'lim", "kind": "village", "osm_id": 3860044155}}, {"type": "Feature", "geometry": {"type": "Point", "coordinates": [68.930563, 40.962681]}, "properties": {"name": "Чингиз", "name_uz": "Chingiz", "kind": "village", "osm_id": 3860044157}}, {"type": "Feature", "geometry": {"type": "Point", "coordinates": [68.830431, 40.953194]}, "properties": {"name": "Найман", "name_uz": "Nayman", "kind": "village", "osm_id": 3861895261}}, {"type": "Feature", "geometry": {"type": "Point", "coordinates": [68.829177, 40.922686]}, "properties": {"name": "Кочек", "name_uz": "Kochek", "kind": "hamlet", "osm_id": 3861910709}}, {"type": "Feature", "geometry": {"type": "Point", "coordinates": [68.87034, 40.924322]}, "properties": {"name": "Ульджа", "name_uz": "Ulja", "kind": "village", "osm_id": 3862008909}}, {"type": "Feature", "geometry": {"type": "Point", "coordinates": [68.942315, 40.944155]}, "properties": {"name": "Янгихаёт", "name_uz": "Yangi hayot", "kind": "village", "osm_id": 3862143868}}, {"type": "Feature", "geometry": {"type": "Point", "coordinates": [68.911828, 40.93588]}, "properties": {"name": "Ватан", "name_uz": "Vatan", "kind": "village", "osm_id": 3862143869}}, {"type": "Feature", "geometry": {"type": "Point", "coordinates": [68.909204, 40.920537]}, "properties": {"name": "Пятилетка", "name_uz": "Pyatiletka", "kind": "village", "osm_id": 3862250462}}, {"type": "Feature", "geometry": {"type": "Point", "coordinates": [68.961467, 40.924644]}, "properties": {"name": "Кызыл Намуна", "name_uz": "Qizil Namuna", "kind": "village", "osm_id": 3862393789}}, {"type": "Feature", "geometry": {"type": "Point", "coordinates": [68.988748, 40.925158]}, "properties": {"name": "Гулистан", "name_uz": "Guliston", "kind": "village", "osm_id": 3862422492}}, {"type": "Feature", "geometry": {"type": "Point", "coordinates": [68.791942, 40.908488]}, "properties": {"name": "Курганча", "name_uz": "Qo‘rg‘oncha", "kind": "village", "osm_id": 3862459923}}, {"type": "Feature", "geometry": {"type": "Point", "coordinates": [68.799035, 40.835998]}, "properties": {"name": "Камалган (Энгельс)", "name_uz": "Kamalgan (Engels)", "kind": "village", "osm_id": 3862481252}}, {"type": "Feature", "geometry": {"type": "Point", "coordinates": [68.824014, 40.912574]}, "properties": {"name": "Кушек", "name_uz": "Kushek", "kind": "village", "osm_id": 3862511712}}, {"type": "Feature", "geometry": {"type": "Point", "coordinates": [68.824975, 40.901165]}, "properties": {"name": "Военстрой", "name_uz": "Voenstroy", "kind": "village", "osm_id": 3868471293}}, {"type": "Feature", "geometry": {"type": "Point", "coordinates": [68.840457, 40.901263]}, "properties": {"name": "Зангар", "name_uz": "Zangar", "kind": "village", "osm_id": 3868471294}}, {"type": "Feature", "geometry": {"type": "Point", "coordinates": [68.86183, 40.907665]}, "properties": {"name": "Кенес", "name_uz": "Kenes", "kind": "village", "osm_id": 3868471295}}, {"type": "Feature", "geometry": {"type": "Point", "coordinates": [68.889898, 40.892124]}, "properties": {"name": "Саттарабад", "name_uz": "Sattarobod", "kind": "village", "osm_id": 3868471296}}, {"type": "Feature", "geometry": {"type": "Point", "coordinates": [68.87886, 40.883258]}, "properties": {"name": "Джумагуль", "name_uz": "Jumagul", "kind": "village", "osm_id": 3868535921}}, {"type": "Feature", "geometry": {"type": "Point", "coordinates": [68.947953, 40.900979]}, "properties": {"name": "Кызыл Шарк", "name_uz": "Qizil Sharq", "kind": "hamlet", "osm_id": 3868579716}}, {"type": "Feature", "geometry": {"type": "Point", "coordinates": [68.845817, 40.876888]}, "properties": {"name": "Уджакент", "name_uz": "Ujakent", "kind": "village", "osm_id": 3868634565}}, {"type": "Feature", "geometry": {"type": "Point", "coordinates": [68.854333, 40.838274]}, "properties": {"name": "Мамут", "name_uz": "Mamut", "kind": "village", "osm_id": 3870404504}}, {"type": "Feature", "geometry": {"type": "Point", "coordinates": [68.897529, 40.848612]}, "properties": {"name": "Янгитурмуш", "name_uz": "Yangiturmush", "kind": "village", "osm_id": 3870514692}}, {"type": "Feature", "geometry": {"type": "Point", "coordinates": [68.899747, 40.855609]}, "properties": {"name": "Дурет", "name_uz": "Duret", "kind": "hamlet", "osm_id": 3870516172}}, {"type": "Feature", "geometry": {"type": "Point", "coordinates": [68.981313, 40.853605]}, "properties": {"name": "Куштамгалы", "name_uz": "Qushtamg'ali", "kind": "village", "osm_id": 3872432727}}, {"type": "Feature", "geometry": {"type": "Point", "coordinates": [68.963412, 40.862881]}, "properties": {"name": "Пахтаабад", "name_uz": "Paxtaobod", "kind": "village", "osm_id": 3872432728}}, {"type": "Feature", "geometry": {"type": "Point", "coordinates": [68.963834, 40.883375]}, "properties": {"name": "Пахтачи", "name_uz": "Pahtachi", "kind": "village", "osm_id": 3872449659}}, {"type": "Feature", "geometry": {"type": "Point", "coordinates": [68.825976, 40.827068]}, "properties": {"name": "Кызана", "name_uz": "Qizana", "kind": "village", "osm_id": 3872497359}}, {"type": "Feature", "geometry": {"type": "Point", "coordinates": [68.945022, 40.843122]}, "properties": {"name": "Навои отдел №4", "name_uz": "Navoiy 4-bo'lim", "kind": "village", "osm_id": 3875680188}}, {"type": "Feature", "geometry": {"type": "Point", "coordinates": [68.974504, 40.818981]}, "properties": {"name": "Красная Заря", "name_uz": "Krasnaya Zarya", "kind": "village", "osm_id": 3875751560}}, {"type": "Feature", "geometry": {"type": "Point", "coordinates": [68.871465, 40.804727]}, "properties": {"name": "Курик", "name_uz": "Qo'riq", "kind": "village", "osm_id": 3877550738}}, {"type": "Feature", "geometry": {"type": "Point", "coordinates": [68.961949, 40.76914]}, "properties": {"name": "Хамзаабад", "name_uz": "Hamzaobod", "kind": "village", "osm_id": 3877550987}}, {"type": "Feature", "geometry": {"type": "Point", "coordinates": [68.893975, 40.802917]}, "properties": {"name": "Уртааул", "name_uz": "Urtaaul", "kind": "village", "osm_id": 3877567148}}, {"type": "Feature", "geometry": {"type": "Point", "coordinates": [68.974813, 40.798305]}, "properties": {"name": "Бука", "name_uz": "Buka", "kind": "village", "osm_id": 3877576889}}, {"type": "Feature", "geometry": {"type": "Point", "coordinates": [68.965532, 40.784156]}, "properties": {"name": "Аккурган отдел №2", "name_uz": "Oqqo'rg'on 2-bo'lim", "kind": "village", "osm_id": 3877622644}}, {"type": "Feature", "geometry": {"type": "Point", "coordinates": [68.905476, 40.793669]}, "properties": {"name": "Аккурган отдел №3", "name_uz": "Oqqo'rg'on 3-bo'lim", "kind": "village", "osm_id": 3877622645}}, {"type": "Feature", "geometry": {"type": "Point", "coordinates": [68.921964, 40.77704]}, "properties": {"name": "Аккурган отдел №4", "name_uz": "Oqqo'rg'on 4-bo'lim", "kind": "village", "osm_id": 3877622646}}, {"type": "Feature", "geometry": {"type": "Point", "coordinates": [68.941352, 40.76251]}, "properties": {"name": "Митан", "name_uz": "Mitan", "kind": "village", "osm_id": 3877622647}}, {"type": "Feature", "geometry": {"type": "Point", "coordinates": [68.932925, 40.806518]}, "properties": {"name": "Кызылдехкан", "name_uz": "Qizildehqon", "kind": "village", "osm_id": 3884270914}}, {"type": "Feature", "geometry": {"type": "Point", "coordinates": [68.915126, 40.810343]}, "properties": {"name": "Мамут", "name_uz": "Mamut", "kind": "village", "osm_id": 3884270915}}, {"type": "Feature", "geometry": {"type": "Point", "coordinates": [68.913027, 40.749402]}, "properties": {"name": "Маданият", "name_uz": "Madaniyat", "kind": "village", "osm_id": 3884270916}}, {"type": "Feature", "geometry": {"type": "Point", "coordinates": [68.978837, 40.759066]}, "properties": {"name": "Халкабад", "name_uz": "Halqobod", "kind": "village", "osm_id": 3885610203}}, {"type": "Feature", "geometry": {"type": "Point", "coordinates": [68.946282, 40.729065]}, "properties": {"name": "Хосилдор", "name_uz": "Hosildor", "kind": "village", "osm_id": 3885634747}}, {"type": "Feature", "geometry": {"type": "Point", "coordinates": [68.984448, 40.692543]}, "properties": {"name": "Давлатабад", "name_uz": "Davlatobod", "kind": "village", "osm_id": 3885635721}}, {"type": "Feature", "geometry": {"type": "Point", "coordinates": [68.986453, 40.725085]}, "properties": {"name": "Навруз", "name_uz": "Navruz", "kind": "village", "osm_id": 3885635722}}, {"type": "Feature", "geometry": {"type": "Point", "coordinates": [68.981822, 40.73664]}, "properties": {"name": "Шохрухия", "name_uz": "Shohruhiya", "kind": "village", "osm_id": 3885677373}}, {"type": "Feature", "geometry": {"type": "Point", "coordinates": [69.266814, 40.228617]}, "properties": {"name": "Андижан", "name_uz": "Андижан", "kind": "neighbourhood", "osm_id": 4006166191}}, {"type": "Feature", "geometry": {"type": "Point", "coordinates": [69.784721, 41.248585]}, "properties": {"name": "Сукок", "name_uz": "Soʻqoq", "kind": "village", "osm_id": 4310359230}}, {"type": "Feature", "geometry": {"type": "Point", "coordinates": [69.485519, 41.120616]}, "properties": {"name": "Нурли замин", "name_uz": "Nurli zamin", "kind": "village", "osm_id": 4516488225}}, {"type": "Feature", "geometry": {"type": "Point", "coordinates": [69.04128, 41.102226]}, "properties": {"name": "Навруз массив", "name_uz": "Navro'z daxasi", "kind": "neighbourhood", "osm_id": 4776963319}}, {"type": "Feature", "geometry": {"type": "Point", "coordinates": [69.038398, 41.107485]}, "properties": {"name": "Тонг массив", "name_uz": "Tong daxasi", "kind": "neighbourhood", "osm_id": 4801644216}}, {"type": "Feature", "geometry": {"type": "Point", "coordinates": [69.748052, 41.551957]}, "properties": {"name": "Сары Канглы", "name_uz": "Sari Qangli", "kind": "village", "osm_id": 5009654208}}, {"type": "Feature", "geometry": {"type": "Point", "coordinates": [69.590785, 41.430703]}, "properties": {"name": "Бозсу", "name_uz": "Bo'zsuv", "kind": "hamlet", "osm_id": 5009654209}}, {"type": "Feature", "geometry": {"type": "Point", "coordinates": [69.196265, 41.389096]}, "properties": {"name": "Айрикуйлак", "name_uz": "Ayriko'ylak", "kind": "village", "osm_id": 5011734891}}, {"type": "Feature", "geometry": {"type": "Point", "coordinates": [69.275211, 41.398019]}, "properties": {"name": "Дустамабад", "name_uz": "Do'stamobod", "kind": "hamlet", "osm_id": 5011734892}}, {"type": "Feature", "geometry": {"type": "Point", "coordinates": [69.154898, 41.213954]}, "properties": {"name": "Янгибаг", "name_uz": "Yangibog'", "kind": "village", "osm_id": 5011854566}}, {"type": "Feature", "geometry": {"type": "Point", "coordinates": [69.173344, 41.16043]}, "properties": {"name": "Боборахим", "name_uz": "Boborahim", "kind": "village", "osm_id": 5011942266}}, {"type": "Feature", "geometry": {"type": "Point", "coordinates": [69.382417, 41.142219]}, "properties": {"name": "Кукбуйин", "name_uz": "Ko'kbo'yin", "kind": "village", "osm_id": 5019447581}}, {"type": "Feature", "geometry": {"type": "Point", "coordinates": [69.276322, 41.083519]}, "properties": {"name": "Чанглитепа", "name_uz": "Changlitepa", "kind": "village", "osm_id": 5019486984}}, {"type": "Feature", "geometry": {"type": "Point", "coordinates": [69.510274, 41.235474]}, "properties": {"name": "Джумабазар", "name_uz": "Jumabozor", "kind": "town", "osm_id": 5019997267}}, {"type": "Feature", "geometry": {"type": "Point", "coordinates": [68.80922, 40.950208]}, "properties": {"name": "Янги хаёт", "name_uz": "Yangi hayot", "kind": "village", "osm_id": 5021633147}}, {"type": "Feature", "geometry": {"type": "Point", "coordinates": [68.836314, 40.981332]}, "properties": {"name": "Чиназ", "name_uz": "Chinoz", "kind": "village", "osm_id": 5021633148}}, {"type": "Feature", "geometry": {"type": "Point", "coordinates": [68.87205, 40.986455]}, "properties": {"name": "Чaрвадaр", "name_uz": "Chorvador", "kind": "village", "osm_id": 5021633149}}, {"type": "Feature", "geometry": {"type": "Point", "coordinates": [69.902497, 40.944881]}, "properties": {"name": "Акча", "name_uz": "Oqcha", "kind": "village", "osm_id": 5022172386}}, {"type": "Feature", "geometry": {"type": "Point", "coordinates": [69.659938, 41.497463]}, "properties": {"name": "Янгиаул", "name_uz": "Yangiovul", "kind": "village", "osm_id": 5023632239}}, {"type": "Feature", "geometry": {"type": "Point", "coordinates": [69.665958, 41.564186]}, "properties": {"name": "Саджарыс", "name_uz": "Sajoris", "kind": "village", "osm_id": 5023632247}}, {"type": "Feature", "geometry": {"type": "Point", "coordinates": [69.806192, 40.905893]}, "properties": {"name": "Нурабад", "name_uz": "Nurobod", "kind": "town", "osm_id": 5024358289}}, {"type": "Feature", "geometry": {"type": "Point", "coordinates": [69.553357, 41.308262]}, "properties": {"name": "Алмазар", "name_uz": "Olmazor", "kind": "village", "osm_id": 5026431517}}, {"type": "Feature", "geometry": {"type": "Point", "coordinates": [69.054831, 40.837863]}, "properties": {"name": "Багара", "name_uz": "Bagara", "kind": "village", "osm_id": 5036243268}}, {"type": "Feature", "geometry": {"type": "Point", "coordinates": [69.490641, 41.400218]}, "properties": {"name": "Уймавут", "name_uz": "Uymavut", "kind": "village", "osm_id": 5039068550}}, {"type": "Feature", "geometry": {"type": "Point", "coordinates": [69.804792, 41.276837]}, "properties": {"name": "Заркент", "name_uz": "Zarkent", "kind": "village", "osm_id": 5039144767}}, {"type": "Feature", "geometry": {"type": "Point", "coordinates": [68.947082, 41.08216]}, "properties": {"name": "Ислохат", "name_uz": "Islohat", "kind": "village", "osm_id": 5040477784}}, {"type": "Feature", "geometry": {"type": "Point", "coordinates": [69.057497, 41.092261]}, "properties": {"name": "Кирсадок", "name_uz": "Qirsadaq", "kind": "village", "osm_id": 5040638082}}, {"type": "Feature", "geometry": {"type": "Point", "coordinates": [69.71242, 41.562321]}, "properties": {"name": "Искандар", "name_uz": "Iskandar", "kind": "town", "osm_id": 5040847809}}, {"type": "Feature", "geometry": {"type": "Point", "coordinates": [69.466903, 41.45379]}, "properties": {"name": "Фахрия-Май СВТ", "name_uz": "Fahriya-May", "kind": "village", "osm_id": 5126106324}}, {"type": "Feature", "geometry": {"type": "Point", "coordinates": [69.077327, 41.12994]}, "properties": {"name": "Анаркулова массив", "name_uz": "Anarkulov daxasi", "kind": "neighbourhood", "osm_id": 5134341335}}, {"type": "Feature", "geometry": {"type": "Point", "coordinates": [69.109284, 41.200743]}, "properties": {"name": "Туябугиз", "name_uz": "Tuyabo'g'iz", "kind": "village", "osm_id": 5486405188}}, {"type": "Feature", "geometry": {"type": "Point", "coordinates": [69.43443, 41.123562]}, "properties": {"name": "Ташлак", "name_uz": "Toshloq", "kind": "village", "osm_id": 5612237507}}, {"type": "Feature", "geometry": {"type": "Point", "coordinates": [69.077968, 41.355269]}, "properties": {"name": "Актам (Ташминводы)", "name_uz": "Oqtom", "kind": "village", "osm_id": 5809084604}}, {"type": "Feature", "geometry": {"type": "Point", "coordinates": [69.248656, 40.255073]}, "properties": {"name": "Янги хаёт", "name_uz": "Yangi hayot", "kind": "village", "osm_id": 5887220805}}, {"type": "Feature", "geometry": {"type": "Point", "coordinates": [69.307407, 41.027448]}, "properties": {"name": "Абад (Киров)", "name_uz": "Obod", "kind": "village", "osm_id": 6367465947}}, {"type": "Feature", "geometry": {"type": "Point", "coordinates": [70.074513, 41.001739]}, "properties": {"name": "квартал 5/1Б", "name_uz": "5/1B mavze", "kind": "neighbourhood", "osm_id": 6480652021}}, {"type": "Feature", "geometry": {"type": "Point", "coordinates": [69.341565, 40.847055]}, "properties": {"name": "Алтыаул", "name_uz": "Oltiovul", "kind": "village", "osm_id": 6947450794}}, {"type": "Feature", "geometry": {"type": "Point", "coordinates": [69.550302, 41.46214]}, "properties": {"name": "8-й микрорайон", "name_uz": "8-kichik nohiya", "kind": "neighbourhood", "osm_id": 6986049350}}, {"type": "Feature", "geometry": {"type": "Point", "coordinates": [69.54276, 41.457083]}, "properties": {"name": "10-й микрорайон", "name_uz": "10-kichik nohiya", "kind": "neighbourhood", "osm_id": 6986049351}}, {"type": "Feature", "geometry": {"type": "Point", "coordinates": [69.567506, 41.460682]}, "properties": {"name": "квартал Конструкторов", "name_uz": "Konstruktorlar mavzesi", "kind": "neighbourhood", "osm_id": 6986049352}}, {"type": "Feature", "geometry": {"type": "Point", "coordinates": [69.557188, 41.45725]}, "properties": {"name": "9-й микрорайон", "name_uz": "9-kichik nohiya", "kind": "neighbourhood", "osm_id": 6986049353}}, {"type": "Feature", "geometry": {"type": "Point", "coordinates": [69.575322, 41.485645]}, "properties": {"name": "1-й микрорайон", "name_uz": "1-kichik nohiya", "kind": "neighbourhood", "osm_id": 6986095606}}, {"type": "Feature", "geometry": {"type": "Point", "coordinates": [69.571191, 41.489684]}, "properties": {"name": "2-й микрорайон", "name_uz": "2-kichik nohiya", "kind": "neighbourhood", "osm_id": 6986095607}}, {"type": "Feature", "geometry": {"type": "Point", "coordinates": [69.577521, 41.493823]}, "properties": {"name": "3-й микрорайон", "name_uz": "3-kichik nohiya", "kind": "neighbourhood", "osm_id": 6986095608}}, {"type": "Feature", "geometry": {"type": "Point", "coordinates": [69.584926, 41.493418]}, "properties": {"name": "4-й микрорайон", "name_uz": "4-kichik nohiya", "kind": "neighbourhood", "osm_id": 6986095609}}, {"type": "Feature", "geometry": {"type": "Point", "coordinates": [69.36433, 40.993214]}, "properties": {"name": "Микрорайон", "name_uz": "Mikrotuman", "kind": "neighbourhood", "osm_id": 6986336149}}, {"type": "Feature", "geometry": {"type": "Point", "coordinates": [69.135895, 41.045833]}, "properties": {"name": "Елибай", "name_uz": "Toshovul", "kind": "village", "osm_id": 7553407464}}, {"type": "Feature", "geometry": {"type": "Point", "coordinates": [69.174396, 41.37048]}, "properties": {"name": "Махалля 16-летия", "name_uz": "16 Yillik mahalla", "kind": "hamlet", "osm_id": 8208998426}}, {"type": "Feature", "geometry": {"type": "Point", "coordinates": [69.937211, 41.630696]}, "properties": {"name": "Энергетики", "name_uz": "Энергетики", "kind": "neighbourhood", "osm_id": 8323881259}}, {"type": "Feature", "geometry": {"type": "Point", "coordinates": [69.530554, 41.414385]}, "properties": {"name": "Резиденция президента Шавката Мирзиёева", "name_uz": "Residence of the President Shavkat Mirziyoyev", "kind": "neighbourhood", "osm_id": 8401493763}}, {"type": "Feature", "geometry": {"type": "Point", "coordinates": [70.030023, 41.668903]}, "properties": {"name": "Дача Ислама Каримова", "name_uz": "Дача Ислама Каримова", "kind": "neighbourhood", "osm_id": 8401493769}}, {"type": "Feature", "geometry": {"type": "Point", "coordinates": [69.942149, 41.487489]}, "properties": {"name": "Амирсай", "name_uz": "Amirsoy", "kind": "village", "osm_id": 9245550021}}, {"type": "Feature", "geometry": {"type": "Point", "coordinates": [69.364615, 40.974758]}, "properties": {"name": "Бургалик", "name_uz": "Burg'alik", "kind": "village", "osm_id": 9246747270}}, {"type": "Feature", "geometry": {"type": "Point", "coordinates": [69.767271, 41.640616]}, "properties": {"name": "Акташ", "name_uz": "Oqtosh", "kind": "village", "osm_id": 9249916179}}, {"type": "Feature", "geometry": {"type": "Point", "coordinates": [70.015402, 41.559475]}, "properties": {"name": "Чимган", "name_uz": "Chimgan", "kind": "town", "osm_id": 9251233571}}, {"type": "Feature", "geometry": {"type": "Point", "coordinates": [69.474011, 41.464567]}, "properties": {"name": "Майский", "name_uz": "May", "kind": "village", "osm_id": 9495868941}}, {"type": "Feature", "geometry": {"type": "Point", "coordinates": [69.460807, 41.458251]}, "properties": {"name": "Кызылабад", "name_uz": "Qizilobod", "kind": "village", "osm_id": 9495923558}}, {"type": "Feature", "geometry": {"type": "Point", "coordinates": [69.345277, 41.360061]}, "properties": {"name": "Навруз махалля", "name_uz": "Navro'z mahallasi", "kind": "neighbourhood", "osm_id": 9980367112}}, {"type": "Feature", "geometry": {"type": "Point", "coordinates": [69.341709, 40.895097]}, "properties": {"name": "Пскент", "name_uz": "Piskent", "kind": "town", "osm_id": 10060610996}}, {"type": "Feature", "geometry": {"type": "Point", "coordinates": [69.114832, 41.341486]}, "properties": {"name": "Илгар", "name_uz": "Ilg'or", "kind": "town", "osm_id": 11088921151}}, {"type": "Feature", "geometry": {"type": "Point", "coordinates": [69.530445, 41.369812]}, "properties": {"name": "Таштугизак", "name_uz": "Toshto'gizoq", "kind": "village", "osm_id": 11152261750}}, {"type": "Feature", "geometry": {"type": "Point", "coordinates": [69.578977, 41.420922]}, "properties": {"name": "Джаукашты", "name_uz": "Jaukoshti", "kind": "village", "osm_id": 11152262259}}, {"type": "Feature", "geometry": {"type": "Point", "coordinates": [69.550374, 41.395063]}, "properties": {"name": "Сергели", "name_uz": "Sergeli", "kind": "village", "osm_id": 11152285395}}, {"type": "Feature", "geometry": {"type": "Point", "coordinates": [69.10901, 41.208061]}, "properties": {"name": "Эшанкишкак", "name_uz": "Eshonqishloq", "kind": "village", "osm_id": 11157713421}}, {"type": "Feature", "geometry": {"type": "Point", "coordinates": [68.995277, 41.135931]}, "properties": {"name": "Кескен", "name_uz": "Kesken", "kind": "village", "osm_id": 11157713422}}, {"type": "Feature", "geometry": {"type": "Point", "coordinates": [68.918814, 41.065931]}, "properties": {"name": "Мирзо Улугбек", "name_uz": "Mirzo Ulug'bek", "kind": "village", "osm_id": 11157713456}}, {"type": "Feature", "geometry": {"type": "Point", "coordinates": [69.232755, 41.071437]}, "properties": {"name": "Янги хаёт", "name_uz": "Yangi hayot", "kind": "village", "osm_id": 11158436670}}, {"type": "Feature", "geometry": {"type": "Point", "coordinates": [69.614279, 41.156001]}, "properties": {"name": "Каратухум", "name_uz": "Qoratuxum", "kind": "village", "osm_id": 11182816686}}, {"type": "Feature", "geometry": {"type": "Point", "coordinates": [69.464384, 40.87715]}, "properties": {"name": "Сагана", "name_uz": "Сагана", "kind": "hamlet", "osm_id": 11258626879}}, {"type": "Feature", "geometry": {"type": "Point", "coordinates": [69.260408, 40.220929]}, "properties": {"name": "65 квартал", "name_uz": "65 mavze", "kind": "neighbourhood", "osm_id": 11261072248}}, {"type": "Feature", "geometry": {"type": "Point", "coordinates": [69.575136, 41.305443]}, "properties": {"name": "Кургантепа махалля", "name_uz": "Q'o'rgontepa mahallasi", "kind": "neighbourhood", "osm_id": 11263544508}}, {"type": "Feature", "geometry": {"type": "Point", "coordinates": [69.946071, 41.621029]}, "properties": {"name": "Чинаркент", "name_uz": "Chinorkent", "kind": "village", "osm_id": 11503087784}}, {"type": "Feature", "geometry": {"type": "Point", "coordinates": [69.214012, 41.172484]}, "properties": {"name": "Чартак", "name_uz": "Chortoq", "kind": "village", "osm_id": 11684340403}}, {"type": "Feature", "geometry": {"type": "Point", "coordinates": [69.231469, 41.407415]}, "properties": {"name": "Кирарык", "name_uz": "Qirariq", "kind": "village", "osm_id": 11736792977}}, {"type": "Feature", "geometry": {"type": "Point", "coordinates": [70.086934, 41.026899]}, "properties": {"name": "квартал 3/3", "name_uz": "3/3 mavze", "kind": "neighbourhood", "osm_id": 11842421523}}, {"type": "Feature", "geometry": {"type": "Point", "coordinates": [69.403381, 41.366325]}, "properties": {"name": "Юкарыюз", "name_uz": "Yuqoriyuz", "kind": "village", "osm_id": 11879285161}}, {"type": "Feature", "geometry": {"type": "Point", "coordinates": [69.121119, 41.244628]}, "properties": {"name": "Нуравшан", "name_uz": "Nurafshon", "kind": "village", "osm_id": 12012709199}}, {"type": "Feature", "geometry": {"type": "Point", "coordinates": [70.047441, 40.951927]}, "properties": {"name": "Якка Арча", "name_uz": "Yakka Archa", "kind": "village", "osm_id": 12080192549}}, {"type": "Feature", "geometry": {"type": "Point", "coordinates": [69.465221, 41.463794]}, "properties": {"name": "Болгаровка", "name_uz": "Bolgarovka", "kind": "hamlet", "osm_id": 12093501148}}, {"type": "Feature", "geometry": {"type": "Point", "coordinates": [69.465603, 41.434197]}, "properties": {"name": "совхоза №6. отделение №2", "name_uz": "6-sovxoz 2-bo'limi", "kind": "village", "osm_id": 12104478172}}, {"type": "Feature", "geometry": {"type": "Point", "coordinates": [69.432297, 41.400813]}, "properties": {"name": "совхоз Кибрай, отделение № 1", "name_uz": "Qibray sovxozining, 1-sonli boʻlimi", "kind": "village", "osm_id": 12104478193}}, {"type": "Feature", "geometry": {"type": "Point", "coordinates": [69.441039, 41.395393]}, "properties": {"name": "Ифтихор", "name_uz": "Iftixor", "kind": "hamlet", "osm_id": 12104478194}}, {"type": "Feature", "geometry": {"type": "Point", "coordinates": [69.055952, 41.288576]}, "properties": {"name": "Янарык", "name_uz": "Yonariq", "kind": "village", "osm_id": 12232182994}}, {"type": "Feature", "geometry": {"type": "Point", "coordinates": [69.104951, 41.310459]}, "properties": {"name": "Шодлик", "name_uz": "Shodlik", "kind": "village", "osm_id": 12232191623}}, {"type": "Feature", "geometry": {"type": "Point", "coordinates": [69.079177, 41.038338]}, "properties": {"name": "Новомихайловка", "name_uz": "Novomixaylovka", "kind": "village", "osm_id": 12479184101}}, {"type": "Feature", "geometry": {"type": "Point", "coordinates": [70.055727, 41.003053]}, "properties": {"name": "квартал 5/5", "name_uz": "5/5 mavze", "kind": "neighbourhood", "osm_id": 12510995291}}, {"type": "Feature", "geometry": {"type": "Point", "coordinates": [69.575043, 40.883767]}, "properties": {"name": "Бустан махалля", "name_uz": "Bo'ston mahallasi", "kind": "neighbourhood", "osm_id": 12511084820}}, {"type": "Feature", "geometry": {"type": "Point", "coordinates": [69.574947, 40.890714]}, "properties": {"name": "ДСК Микрорайон 7/1", "name_uz": "7/1 kichik nohiya", "kind": "neighbourhood", "osm_id": 12511084821}}, {"type": "Feature", "geometry": {"type": "Point", "coordinates": [70.064667, 41.009104]}, "properties": {"name": "квартал 6/4", "name_uz": "6/4 mavze", "kind": "neighbourhood", "osm_id": 12511090501}}, {"type": "Feature", "geometry": {"type": "Point", "coordinates": [70.072881, 41.004598]}, "properties": {"name": "квартал 5/1А", "name_uz": "5/1A mavze", "kind": "neighbourhood", "osm_id": 12511090502}}, {"type": "Feature", "geometry": {"type": "Point", "coordinates": [70.08757, 41.006741]}, "properties": {"name": "2 квартал", "name_uz": "2 mavze", "kind": "neighbourhood", "osm_id": 12511090503}}, {"type": "Feature", "geometry": {"type": "Point", "coordinates": [70.085965, 41.008709]}, "properties": {"name": "8 квартал", "name_uz": "8 mavze", "kind": "neighbourhood", "osm_id": 12511090504}}, {"type": "Feature", "geometry": {"type": "Point", "coordinates": [70.084649, 41.010543]}, "properties": {"name": "9 квартал", "name_uz": "9 mavze", "kind": "neighbourhood", "osm_id": 12511090505}}, {"type": "Feature", "geometry": {"type": "Point", "coordinates": [70.081694, 41.009155]}, "properties": {"name": "6 квартал", "name_uz": "6 mavze", "kind": "neighbourhood", "osm_id": 12511090506}}, {"type": "Feature", "geometry": {"type": "Point", "coordinates": [70.078438, 41.007452]}, "properties": {"name": "5 квартал", "name_uz": "5 mavze", "kind": "neighbourhood", "osm_id": 12511090507}}, {"type": "Feature", "geometry": {"type": "Point", "coordinates": [70.080857, 41.004189]}, "properties": {"name": "4 квартал", "name_uz": "4 mavze", "kind": "neighbourhood", "osm_id": 12511090508}}, {"type": "Feature", "geometry": {"type": "Point", "coordinates": [70.08254, 41.007168]}, "properties": {"name": "7 квартал", "name_uz": "7 mavze", "kind": "neighbourhood", "osm_id": 12511090509}}, {"type": "Feature", "geometry": {"type": "Point", "coordinates": [70.088047, 41.011982]}, "properties": {"name": "10 квартал", "name_uz": "10 mavze", "kind": "neighbourhood", "osm_id": 12511090510}}, {"type": "Feature", "geometry": {"type": "Point", "coordinates": [70.089497, 41.010097]}, "properties": {"name": "11 квартал", "name_uz": "11 mavze", "kind": "neighbourhood", "osm_id": 12511090511}}, {"type": "Feature", "geometry": {"type": "Point", "coordinates": [70.090827, 41.008475]}, "properties": {"name": "1 квартал", "name_uz": "1 mavze", "kind": "neighbourhood", "osm_id": 12511090512}}, {"type": "Feature", "geometry": {"type": "Point", "coordinates": [70.084847, 41.017267]}, "properties": {"name": "32 квартал", "name_uz": "32 mavze", "kind": "neighbourhood", "osm_id": 12511090513}}, {"type": "Feature", "geometry": {"type": "Point", "coordinates": [70.084575, 41.014893]}, "properties": {"name": "Бустан махалля", "name_uz": "Bo'ston mahallasi", "kind": "neighbourhood", "osm_id": 12511090514}}, {"type": "Feature", "geometry": {"type": "Point", "coordinates": [70.099674, 41.011703]}, "properties": {"name": "квартал 18/19", "name_uz": "18/19 mavze", "kind": "neighbourhood", "osm_id": 12511090515}}, {"type": "Feature", "geometry": {"type": "Point", "coordinates": [70.104288, 41.01392]}, "properties": {"name": "квартал 2/5", "name_uz": "2/5 mavze", "kind": "neighbourhood", "osm_id": 12511090516}}, {"type": "Feature", "geometry": {"type": "Point", "coordinates": [70.085654, 41.046859]}, "properties": {"name": "13 квартал", "name_uz": "13 mavze", "kind": "neighbourhood", "osm_id": 12511090517}}, {"type": "Feature", "geometry": {"type": "Point", "coordinates": [70.087689, 41.043714]}, "properties": {"name": "14 квартал", "name_uz": "14 mavze", "kind": "neighbourhood", "osm_id": 12511090518}}, {"type": "Feature", "geometry": {"type": "Point", "coordinates": [70.086211, 41.050199]}, "properties": {"name": "12 квартал", "name_uz": "12 mavze", "kind": "neighbourhood", "osm_id": 12511090519}}, {"type": "Feature", "geometry": {"type": "Point", "coordinates": [70.082123, 41.013252]}, "properties": {"name": "квартал 4/5", "name_uz": "4/5 mavze", "kind": "neighbourhood", "osm_id": 12511090520}}, {"type": "Feature", "geometry": {"type": "Point", "coordinates": [70.080927, 41.026235]}, "properties": {"name": "квартал 3/2", "name_uz": "3/2 mavze", "kind": "neighbourhood", "osm_id": 12512983418}}, {"type": "Feature", "geometry": {"type": "Point", "coordinates": [69.625709, 40.912827]}, "properties": {"name": "4-й микрорайон", "name_uz": "4-kichik tuman", "kind": "neighbourhood", "osm_id": 12513119969}}, {"type": "Feature", "geometry": {"type": "Point", "coordinates": [69.642987, 40.910404]}, "properties": {"name": "2-й микрорайон", "name_uz": "2-kichik tuman", "kind": "neighbourhood", "osm_id": 12513119970}}, {"type": "Feature", "geometry": {"type": "Point", "coordinates": [69.65004, 40.903535]}, "properties": {"name": "3-микрорайон", "name_uz": "3-kichik tuman", "kind": "neighbourhood", "osm_id": 12513119979}}, {"type": "Feature", "geometry": {"type": "Point", "coordinates": [69.647816, 40.905711]}, "properties": {"name": "1-й микрорайон", "name_uz": "1-kichik tuman", "kind": "neighbourhood", "osm_id": 12513119980}}, {"type": "Feature", "geometry": {"type": "Point", "coordinates": [69.620847, 40.933518]}, "properties": {"name": "Турттау", "name_uz": "To'rttov", "kind": "village", "osm_id": 12513248157}}, {"type": "Feature", "geometry": {"type": "Point", "coordinates": [69.511997, 40.939728]}, "properties": {"name": "Озодлик", "name_uz": "Ozodlik", "kind": "village", "osm_id": 12513289233}}, {"type": "Feature", "geometry": {"type": "Point", "coordinates": [69.854707, 40.892745]}, "properties": {"name": "Яккатут", "name_uz": "Yakkatut", "kind": "village", "osm_id": 12518666515}}, {"type": "Feature", "geometry": {"type": "Point", "coordinates": [69.670187, 41.533336]}, "properties": {"name": "Энбек", "name_uz": "Enbek", "kind": "village", "osm_id": 12620734463}}, {"type": "Feature", "geometry": {"type": "Point", "coordinates": [69.632353, 41.363091]}, "properties": {"name": "Бустан", "name_uz": "Bo'ston", "kind": "village", "osm_id": 12669923388}}, {"type": "Feature", "geometry": {"type": "Point", "coordinates": [69.469108, 41.129168]}, "properties": {"name": "Бештам", "name_uz": "Beshtom", "kind": "village", "osm_id": 12669961109}}, {"type": "Feature", "geometry": {"type": "Point", "coordinates": [69.484142, 41.121582]}, "properties": {"name": "Нурли Замин", "name_uz": "Nurli Zamin", "kind": "village", "osm_id": 12669961110}}, {"type": "Feature", "geometry": {"type": "Point", "coordinates": [69.51026, 41.115392]}, "properties": {"name": "Сайбулак", "name_uz": "Soybuloq", "kind": "village", "osm_id": 12669961111}}, {"type": "Feature", "geometry": {"type": "Point", "coordinates": [69.474728, 41.110815]}, "properties": {"name": "Багара", "name_uz": "Bog'ora", "kind": "village", "osm_id": 12669961114}}, {"type": "Feature", "geometry": {"type": "Point", "coordinates": [69.173882, 41.387617]}, "properties": {"name": "Дамарык", "name_uz": "Damariq", "kind": "village", "osm_id": 12670132060}}, {"type": "Feature", "geometry": {"type": "Point", "coordinates": [69.17944, 41.373784]}, "properties": {"name": "М. Фазылов", "name_uz": "M. Fozilov", "kind": "village", "osm_id": 12670132061}}, {"type": "Feature", "geometry": {"type": "Point", "coordinates": [69.309635, 41.405195]}, "properties": {"name": "Guliston", "name_uz": "Guliston", "kind": "village", "osm_id": 12670312709}}, {"type": "Feature", "geometry": {"type": "Point", "coordinates": [69.465434, 41.355757]}, "properties": {"name": "Багиш", "name_uz": "Bag'ish", "kind": "village", "osm_id": 12685270824}}, {"type": "Feature", "geometry": {"type": "Point", "coordinates": [69.324237, 41.019414]}, "properties": {"name": "Дагентепа", "name_uz": "Dagentepa", "kind": "village", "osm_id": 12719898201}}, {"type": "Feature", "geometry": {"type": "Point", "coordinates": [69.690503, 40.899571]}, "properties": {"name": "Унгут", "name_uz": "Ung'ut", "kind": "village", "osm_id": 12724230245}}, {"type": "Feature", "geometry": {"type": "Point", "coordinates": [69.333402, 41.438057]}, "properties": {"name": "Кашкарлик", "name_uz": "Qashqarlik", "kind": "village", "osm_id": 12725971846}}, {"type": "Feature", "geometry": {"type": "Point", "coordinates": [69.44027, 41.066125]}, "properties": {"name": "Янги Хаёт", "name_uz": "Yangi hayot", "kind": "village", "osm_id": 13188195025}}, {"type": "Feature", "geometry": {"type": "Point", "coordinates": [68.922063, 41.107893]}, "properties": {"name": "Иттифок", "name_uz": "Ittifoq", "kind": "village", "osm_id": 13191642638}}, {"type": "Feature", "geometry": {"type": "Point", "coordinates": [69.112108, 41.182762]}, "properties": {"name": "Ханкурган", "name_uz": "Xonqoʻrgʻon", "kind": "village", "osm_id": 13191642639}}, {"type": "Feature", "geometry": {"type": "Point", "coordinates": [69.126518, 41.221069]}, "properties": {"name": "Бадамзар", "name_uz": "Bodomzor", "kind": "village", "osm_id": 13191642640}}, {"type": "Feature", "geometry": {"type": "Point", "coordinates": [69.051075, 41.261758]}, "properties": {"name": "Абад Тукимачи", "name_uz": "Obod Toʻqimachi", "kind": "village", "osm_id": 13191642641}}, {"type": "Feature", "geometry": {"type": "Point", "coordinates": [68.868555, 41.084779]}, "properties": {"name": "Эшанабад", "name_uz": "Eshonobod", "kind": "village", "osm_id": 13197948883}}, {"type": "Feature", "geometry": {"type": "Point", "coordinates": [69.437529, 41.132913]}, "properties": {"name": "Навруз", "name_uz": "Navro'z", "kind": "village", "osm_id": 13228509440}}, {"type": "Feature", "geometry": {"type": "Point", "coordinates": [69.55192, 41.442921]}, "properties": {"name": "Икбол махалля", "name_uz": "Iqbol mahallasi", "kind": "neighbourhood", "osm_id": 13242221739}}, {"type": "Feature", "geometry": {"type": "Point", "coordinates": [69.545865, 41.440664]}, "properties": {"name": "Гулистан махалля", "name_uz": "Gulston mahallasi", "kind": "neighbourhood", "osm_id": 13242221740}}, {"type": "Feature", "geometry": {"type": "Point", "coordinates": [69.536037, 41.438387]}, "properties": {"name": "Мирзо Улугбек махалля", "name_uz": "Mirzo Ulugʻbek mahallasi", "kind": "neighbourhood", "osm_id": 13242221741}}, {"type": "Feature", "geometry": {"type": "Point", "coordinates": [69.5383, 41.446462]}, "properties": {"name": "Гульзар махалля", "name_uz": "Gulzor mahallasi", "kind": "neighbourhood", "osm_id": 13242221742}}, {"type": "Feature", "geometry": {"type": "Point", "coordinates": [69.541606, 41.435239]}, "properties": {"name": "Вахид Хайдаров махалля", "name_uz": "Vohid Haydarov mahallasi", "kind": "neighbourhood", "osm_id": 13242221743}}, {"type": "Feature", "geometry": {"type": "Point", "coordinates": [69.547115, 41.433718]}, "properties": {"name": "Хайдар Максудов махалля", "name_uz": "Haydar Maqsudov mahallasi", "kind": "neighbourhood", "osm_id": 13242221744}}, {"type": "Feature", "geometry": {"type": "Point", "coordinates": [69.565817, 41.448935]}, "properties": {"name": "Умид махалля", "name_uz": "Umid mahallasi", "kind": "neighbourhood", "osm_id": 13242221745}}, {"type": "Feature", "geometry": {"type": "Point", "coordinates": [69.560823, 41.452416]}, "properties": {"name": "Навбахор махалля", "name_uz": "Navbahor mahallasi", "kind": "neighbourhood", "osm_id": 13242221746}}, {"type": "Feature", "geometry": {"type": "Point", "coordinates": [69.535648, 41.454216]}, "properties": {"name": "Бабур махалля", "name_uz": "Bobur mahallasi", "kind": "neighbourhood", "osm_id": 13242221747}}, {"type": "Feature", "geometry": {"type": "Point", "coordinates": [69.528412, 41.451592]}, "properties": {"name": "Абдурахман Джами махалля", "name_uz": "Abdurahmon Jomiy mahallasi", "kind": "neighbourhood", "osm_id": 13242221748}}, {"type": "Feature", "geometry": {"type": "Point", "coordinates": [69.56626, 41.439641]}, "properties": {"name": "Мурувват махалля", "name_uz": "Muruvvat mahallasi", "kind": "neighbourhood", "osm_id": 13242221749}}, {"type": "Feature", "geometry": {"type": "Point", "coordinates": [69.573762, 41.462628]}, "properties": {"name": "Мирзо Галиб махалля", "name_uz": "Mirzo Gʻolib mahallasi", "kind": "neighbourhood", "osm_id": 13243712544}}, {"type": "Feature", "geometry": {"type": "Point", "coordinates": [69.571527, 41.467198]}, "properties": {"name": "Шодлик махалля", "name_uz": "Shodlik mahallasi", "kind": "neighbourhood", "osm_id": 13243712545}}, {"type": "Feature", "geometry": {"type": "Point", "coordinates": [69.579209, 41.472531]}, "properties": {"name": "Амир Тимур махалля", "name_uz": "Amir Temur mahallasi", "kind": "neighbourhood", "osm_id": 13243712546}}, {"type": "Feature", "geometry": {"type": "Point", "coordinates": [69.586285, 41.467759]}, "properties": {"name": "Нур махалля", "name_uz": "Nur mahallasi", "kind": "neighbourhood", "osm_id": 13243712549}}, {"type": "Feature", "geometry": {"type": "Point", "coordinates": [69.589323, 41.473084]}, "properties": {"name": "Ёшлик махалля", "name_uz": "Yoshlik mahallasi", "kind": "neighbourhood", "osm_id": 13243712554}}, {"type": "Feature", "geometry": {"type": "Point", "coordinates": [69.594654, 41.478586]}, "properties": {"name": "Бирлик махалля", "name_uz": "Birlik mahallasi", "kind": "neighbourhood", "osm_id": 13243712555}}, {"type": "Feature", "geometry": {"type": "Point", "coordinates": [69.591424, 41.491293]}, "properties": {"name": "Хамза махаллля", "name_uz": "Hamza mahallasi", "kind": "neighbourhood", "osm_id": 13243712558}}, {"type": "Feature", "geometry": {"type": "Point", "coordinates": [69.602103, 41.493576]}, "properties": {"name": "Хаёт Гули махалля", "name_uz": "Hayot Guli mahallasi", "kind": "neighbourhood", "osm_id": 13243712559}}, {"type": "Feature", "geometry": {"type": "Point", "coordinates": [69.60362, 41.501044]}, "properties": {"name": "Маърифат махалля", "name_uz": "Maʻrifat mahallasi", "kind": "neighbourhood", "osm_id": 13243712560}}, {"type": "Feature", "geometry": {"type": "Point", "coordinates": [69.606691, 41.495404]}, "properties": {"name": "Дустлик махалля", "name_uz": "Do'stlik mahallasi", "kind": "neighbourhood", "osm_id": 13243712561}}, {"type": "Feature", "geometry": {"type": "Point", "coordinates": [69.621509, 41.504667]}, "properties": {"name": "Ахмад Яссави махалля", "name_uz": "Ahmad Yassaviy mahallas", "kind": "neighbourhood", "osm_id": 13243712562}}, {"type": "Feature", "geometry": {"type": "Point", "coordinates": [69.618589, 41.50896]}, "properties": {"name": "Шарк махалля", "name_uz": "Sharq mahallasi", "kind": "neighbourhood", "osm_id": 13243712563}}, {"type": "Feature", "geometry": {"type": "Point", "coordinates": [69.633409, 41.513837]}, "properties": {"name": "Бахт махалля", "name_uz": "Baxt mahallasi", "kind": "neighbourhood", "osm_id": 13243712564}}, {"type": "Feature", "geometry": {"type": "Point", "coordinates": [69.637397, 41.526656]}, "properties": {"name": "Курбанов", "name_uz": "Qurbonov", "kind": "village", "osm_id": 13243712565}}, {"type": "Feature", "geometry": {"type": "Point", "coordinates": [69.583901, 41.479211]}, "properties": {"name": "Маданият махалля", "name_uz": "Madaniyat mahallasi", "kind": "neighbourhood", "osm_id": 13243712566}}, {"type": "Feature", "geometry": {"type": "Point", "coordinates": [69.577535, 41.478907]}, "properties": {"name": "Бахор махалля", "name_uz": "Bahor mahallasi", "kind": "neighbourhood", "osm_id": 13243712571}}, {"type": "Feature", "geometry": {"type": "Point", "coordinates": [69.394655, 41.382812]}, "properties": {"name": "Ялангач", "name_uz": "Yalang'och", "kind": "village", "osm_id": 13243911694}}, {"type": "Feature", "geometry": {"type": "Point", "coordinates": [69.568995, 41.470586]}, "properties": {"name": "2-й Химпосёлок", "name_uz": "2-chi Himposelok", "kind": "village", "osm_id": 13245861050}}, {"type": "Feature", "geometry": {"type": "Point", "coordinates": [69.575946, 41.47478]}, "properties": {"name": "1-й Химпосёлок", "name_uz": "1-chi Himposelok", "kind": "village", "osm_id": 13245861051}}, {"type": "Feature", "geometry": {"type": "Point", "coordinates": [69.566234, 41.490993]}, "properties": {"name": "Ифтихор махалля", "name_uz": "Iftixor mahallasi", "kind": "neighbourhood", "osm_id": 13248754908}}, {"type": "Feature", "geometry": {"type": "Point", "coordinates": [69.597202, 40.872586]}, "properties": {"name": "5/1 микрорайон", "name_uz": "5/1-kichik nohiya", "kind": "neighbourhood", "osm_id": 13265597237}}, {"type": "Feature", "geometry": {"type": "Point", "coordinates": [69.609228, 40.869323]}, "properties": {"name": "5/2 микрорайон", "name_uz": "5/2-kichik nohiya", "kind": "neighbourhood", "osm_id": 13265620857}}, {"type": "Feature", "geometry": {"type": "Point", "coordinates": [69.600203, 40.865454]}, "properties": {"name": "5/3 микрорайон", "name_uz": "5/3-kichik nohiya", "kind": "neighbourhood", "osm_id": 13265620858}}, {"type": "Feature", "geometry": {"type": "Point", "coordinates": [69.600698, 40.868615]}, "properties": {"name": "Юбилейный микрорайон", "name_uz": "Yubiley kichi- nohiya", "kind": "neighbourhood", "osm_id": 13265620859}}, {"type": "Feature", "geometry": {"type": "Point", "coordinates": [69.583212, 40.863702]}, "properties": {"name": "Жилой район \"Интернат\"", "name_uz": "Internat yashash tumani", "kind": "neighbourhood", "osm_id": 13265620872}}, {"type": "Feature", "geometry": {"type": "Point", "coordinates": [69.580034, 40.857872]}, "properties": {"name": "Суфи Оллоёр махалля", "name_uz": "Soʻfi Ollоyor mahallasi", "kind": "neighbourhood", "osm_id": 13265620873}}, {"type": "Feature", "geometry": {"type": "Point", "coordinates": [69.585311, 40.852548]}, "properties": {"name": "Мустакиллик махалля", "name_uz": "Mustaqillik mahallasi", "kind": "neighbourhood", "osm_id": 13265620874}}, {"type": "Feature", "geometry": {"type": "Point", "coordinates": [69.602842, 40.839257]}, "properties": {"name": "Алмалыксай махалля", "name_uz": "Olmaliqsoy mahallasi", "kind": "neighbourhood", "osm_id": 13265620875}}, {"type": "Feature", "geometry": {"type": "Point", "coordinates": [69.59279, 40.840798]}, "properties": {"name": "Гультепа махалля", "name_uz": "Gultepa mahallasi", "kind": "neighbourhood", "osm_id": 13265620876}}, {"type": "Feature", "geometry": {"type": "Point", "coordinates": [69.585991, 40.841385]}, "properties": {"name": "Узбекистан махалля", "name_uz": "O'zbekiston mahallasi", "kind": "neighbourhood", "osm_id": 13265620877}}, {"type": "Feature", "geometry": {"type": "Point", "coordinates": [69.638304, 40.859266]}, "properties": {"name": "Чамбил", "name_uz": "Chambil", "kind": "village", "osm_id": 13265756619}}, {"type": "Feature", "geometry": {"type": "Point", "coordinates": [69.618584, 40.826672]}, "properties": {"name": "Кальмакыр махалля", "name_uz": "Qalmoqqir mahallasi", "kind": "neighbourhood", "osm_id": 13265756620}}, {"type": "Feature", "geometry": {"type": "Point", "coordinates": [69.612832, 40.834552]}, "properties": {"name": "Юлдуз махалля", "name_uz": "Yulduz mahallasi", "kind": "neighbourhood", "osm_id": 13265756621}}, {"type": "Feature", "geometry": {"type": "Point", "coordinates": [69.632105, 40.852662]}, "properties": {"name": "Зарбулак махалля", "name_uz": "Zarbuloq mahallasi", "kind": "neighbourhood", "osm_id": 13265756622}}, {"type": "Feature", "geometry": {"type": "Point", "coordinates": [69.623385, 40.853088]}, "properties": {"name": "Навруз махалля", "name_uz": "Navro'z mahallasi", "kind": "neighbourhood", "osm_id": 13265756623}}, {"type": "Feature", "geometry": {"type": "Point", "coordinates": [69.615643, 40.850508]}, "properties": {"name": "Ахмад Яссави махалля", "name_uz": "Ahmad Yassaviy mahallasi", "kind": "neighbourhood", "osm_id": 13265756624}}, {"type": "Feature", "geometry": {"type": "Point", "coordinates": [69.614637, 40.858492]}, "properties": {"name": "Рамазан махалля", "name_uz": "Ramazon mahallasi", "kind": "neighbourhood", "osm_id": 13265756625}}, {"type": "Feature", "geometry": {"type": "Point", "coordinates": [69.570349, 40.849049]}, "properties": {"name": "Намуна махалля", "name_uz": "Namuna mahallasi", "kind": "neighbourhood", "osm_id": 13265756626}}, {"type": "Feature", "geometry": {"type": "Point", "coordinates": [69.490041, 40.894491]}, "properties": {"name": "Келаучи", "name_uz": "Kelovchi", "kind": "village", "osm_id": 13265756627}}, {"type": "Feature", "geometry": {"type": "Point", "coordinates": [69.579914, 40.834485]}, "properties": {"name": "Дустлик махалля", "name_uz": "Do'stlik mahallasi", "kind": "neighbourhood", "osm_id": 13265756628}}, {"type": "Feature", "geometry": {"type": "Point", "coordinates": [69.616307, 40.840836]}, "properties": {"name": "Коинтот махалля", "name_uz": "Koinon mahallasi", "kind": "neighbourhood", "osm_id": 13265756629}}, {"type": "Feature", "geometry": {"type": "Point", "coordinates": [69.620715, 40.843164]}, "properties": {"name": "Алтын махалля", "name_uz": "Oltin mahallasi", "kind": "neighbourhood", "osm_id": 13265756630}}, {"type": "Feature", "geometry": {"type": "Point", "coordinates": [69.15674, 40.395562]}, "properties": {"name": "Hakimovul", "name_uz": "Hakimovul", "kind": "village", "osm_id": 13290190103}}, {"type": "Feature", "geometry": {"type": "Point", "coordinates": [69.300483, 41.384715]}, "properties": {"name": "Орзулар", "name_uz": "Orzular", "kind": "neighbourhood", "osm_id": 13449048064}}]}