Приоритет;Скор, %;Почему;ID yangiuylar;ЖК;Застройщик;Телефон ЖК (отдел продаж);Телефон застройщика;Telegram ЖК;Город/область;Район;Адрес;Широта;Долгота;Координаты для карт;Ссылка на карту;Страница ЖК;Статус;Сдача;Год сдачи;Лет с/до сдачи;Квартир;Этажей;Квартир в продаже у застройщика;Цена, сум/м²;Комнатность (1/2/3/4+);Коммерческий объект;Аренда 300м;из них новостройки;Медиана аренды, $/мес;Продажа 300м;из них новостройки (продажа);Медиана продажи, $;Заселён;Магазинов 150м (OSM);Магазинов 350м (OSM);Супермаркетов 350м;Аптек 350м;Кафе 350м;Названия (350м);Сетевой супермаркет 350м;Супермаркет по данным застройщика, мин пешком;Ближайший ПВЗ Uzum, м;ПВЗ Uzum 350м;ПВЗ Uzum 1км;Ближайший конкурент;До конкурента, м;Ozon 350м;WB 350м;ЯМ 350м;Конкурентов 1км;Зона гекса ЖК;Рекомендуемая зона в 350м;Запретная зона в 350м;Можно открыть ПВЗ Uzum;Данные uybor от;Данные OSM от
1;81;"заселён: 38 аренды / 14 продаж в 300 м; 1 600 квартир; сдача 2027 (−); рекомендуемая зона";98;Vatan Residence;Xon Saroy;+998 71 200 74 00;+998 71 200 74 00;https://t.me/xonsaroy_bot;город;Мирзо-Улугбекский район;г. Ташкент, Мирзо Улугбекский район, Равнак 1;41.334622;69.322156;41.334622, 69.322156;https://www.google.com/maps?q=41.334622,69.322156;https://yangiuylar.uz/novostroyka/vatan-residence-98;строится;2027;2027;-1;1600;16;;17760000;5/6/1/0;нет;38;34;800.0;14;8;106500.0;частично;0;4;2;1;2;У Сейрана, Med X Pharm, Korzinka, Safia, M Cosmetic;1;3;563;0;4;Ozon;682;0;0;0;3;рекомендуемая;да: 0 м;да: 87 м;да (ЖК в рекомендуемой зоне);2026-10-05;2026-10-05
2;81;"заселён: 29 аренды / 3 продаж в 300 м; 448 квартир; сдача 2027 (−); рекомендуемая зона; магазинов у подъезда: 5";266;Stellar Residence;TENET;+998 55 550 00 00;+998 55 550 00 00;https://t.me/tenetcallcenter;город;Мирабадский район;г. Ташкент, Мирабадский район, улица Садыка Азимова, 72А;41.302352;69.28571;41.302352, 69.285710;https://www.google.com/maps?q=41.302352,69.285710;https://yangiuylar.uz/novostroyka/stellar-residence-266;строится;2027;2027;-1;448;17;;;;нет;29;3;1200;3;0;200000;частично;5;20;1;7;13;Минимаркет, петак, Кондитер-ка, DoriDarmon филиал 12/1, CoffeeMilk;1;2;542;0;3;Wildberries;434;0;0;0;5;рекомендуемая;да: 0 м;да: 252 м;да (ЖК в рекомендуемой зоне);2026-10-05;2026-10-05
3;80;"заселён: 27 аренды / 10 продаж в 300 м; 700 квартир; сдан 2026; сам ЖК в запретной зоне, рекомендуемая в 227 м; магазинов у подъезда: 2";261;Celebrity Residence;Interra;+998 99 730 11 11;+998 99 730 11 11;https://t.me/celebrity_residence;город;Яккасарайский район;г. Ташкент, Яккасарайский район, 7-й проезд Абдуллы Каххара;41.276734;69.265247;41.276734, 69.265247;https://www.google.com/maps?q=41.276734,69.265247;https://yangiuylar.uz/novostroyka/celebrity-residence-261;сдан;2026;2026;0;700;13;;19500000;5/9/3/1;нет;27;17;900;10;8;112500.0;да;2;4;0;1;6;Bek Osiyo, Cafe Barbaris, Spektr Service, Япоша, Афруз. Фемили;0;4;533;0;5;Яндекс Маркет;467;0;0;0;5;запретная;да: 227 м;да: 0 м;"да, рядом (рекомендуемая зона в 227 м; сам ЖК в запретной)";2026-10-05;2026-10-05
4;78;"заселён: 49 аренды / 39 продаж в 300 м; 446 квартир; сдан 2026; рекомендуемая зона";304;Resim Taşkent;Centro Group;+998 55 514 10 00;+998 55 514 10 00;https://t.me/resimtash_33;город;Яшнабадский район;"г. Ташкент, Яшнабаский район, улица Махтумкули, ориентир клиника ""Era Med""";41.304906;69.31178;41.304906, 69.311780;https://www.google.com/maps?q=41.304906,69.311780;https://yangiuylar.uz/novostroyka/resim-taskent-304;сдан;2026;2026;0;446;23;;;1/1/2/1;нет;49;30;750;39;17;128000;да;0;6;0;0;1;Апельсин, Арка, Askona, The Buzz, Мебельный торговый центр;0;;395;0;4;Ozon;375;0;0;0;1;рекомендуемая;да: 0 м;да: 83 м;да (ЖК в рекомендуемой зоне);2026-10-05;2026-10-05
5;76;"заселён: 11 аренды / 0 продаж в 300 м; 1 684 квартир; сдан 2025; рекомендуемая зона в 12 м";27;Newport;UNIO;+998 99 366 11 11;+998 99 366 11 11;https://t.me/Newportcall;город;Яккасарайский район;г. Ташкент, Яккасарайский р-н, малая кольцевая дорога 190;41.272119;69.266883;41.272119, 69.266883;https://www.google.com/maps?q=41.272119,69.266883;https://yangiuylar.uz/novostroyka/newport-27;сдан;2025;2025;1;1684;20;;19000000;0/3/2/1;нет;11;7;700;0;0;;да;0;8;1;0;3;"Бешбармак, Магазин ""KARCHER"", Автосервис, Рыбачёк, Baazar Carpet";0;15;684;0;4;Яндекс Маркет;790;0;0;0;2;белая;да: 12 м;да: 198 м;да, рядом (рекомендуемая зона в 12 м);2026-10-05;2026-10-05
6;69;"заселён: 19 аренды / 1 продаж в 300 м; 1 260 квартир; сам ЖК в запретной зоне, рекомендуемая в 118 м; магазинов у подъезда: 1";112;Musaffo;Art House;+998 94 010 04 04;+998 71 230 74 47;https://t.me/ArtHouseToshkentBot;город;Юнусабадский район;г. Ташкент, Юнусобод, Янги шаҳар кўчаси;41.357453;69.305949;41.357453, 69.305949;https://www.google.com/maps?q=41.357453,69.305949;https://yangiuylar.uz/novostroyka/musaffo-112;строится;2026;2026;0;1260;16;350;14000000;2/1/2/0;нет;19;12;600;1;1;86000;частично;1;5;0;2;3;April Verdant Restaurant, Santini, База Чинобод, Astor Alliance, Imperial Capital;0;4;385;0;3;Wildberries;1179;0;0;0;0;запретная;да: 118 м;да: 0 м;"да, рядом (рекомендуемая зона в 118 м; сам ЖК в запретной)";2026-10-05;2026-10-05
7;66;"заселён: 6 аренды / 0 продаж в 300 м; 399 квартир; сдан 2026; рекомендуемая зона; магазинов у подъезда: 2";224;Bodomzor;Dream House Development;+998 95 363 77 77;+998 71 275 66 55;https://t.me/Bodomzor_dh;город;Юнусабадский район;г. Ташкент, Юнусабадский район, Бодомзор йули, на пересечении улиц Шивли и Ч. Айтматов;41.332171;69.29057;41.332171, 69.290570;https://www.google.com/maps?q=41.332171,69.290570;https://yangiuylar.uz/novostroyka/bodomzor-224;сдан;2026;2026;0;399;17;48;17580000;;нет;6;2;850.0;0;0;;да;2;5;1;1;10;Старый центр плова, Shirin, Тонг, Бывший центр плова, Бухарский дворик;0;5;648;0;7;Wildberries;693;0;0;0;4;рекомендуемая;да: 0 м;да: 176 м;да (ЖК в рекомендуемой зоне);2026-10-05;2026-10-05
8;64;"по области объявлений почти нет; 6 500 квартир; сдан 2025; сам ЖК в запретной зоне, рекомендуемая в 303 м; ПВЗ Uzum нет в 1 км";275;Yangi Qo'yliq;Etalon Building;+998 93 870 99 99;+998 93 870 99 99;https://t.me/ManagerQkb;область;Уртачирчикский район;Ташкентская область, Уртачирчикский район, махаллинский сход граждан Учокли;41.20132;69.33424;41.201320, 69.334240;https://www.google.com/maps?q=41.201320,69.334240;https://yangiuylar.uz/novostroyka/yangi-qo'yliq-275;сдан;2025;2025;1;6500;11;;8000000;1/5/1/0;нет;0;0;;0;0;;нет данных (область);0;1;0;0;0;Улмасов Шохрух;0;1;1652;0;0;н/д;н/д;н/д;н/д;н/д;н/д;запретная;да: 303 м;да: 0 м;"да, рядом (рекомендуемая зона в 303 м; сам ЖК в запретной)";2026-10-05;2026-10-05
9;64;"заселён: 6 аренды / 2 продаж в 300 м; 390 квартир; сдан 2026; рекомендуемая зона";176;Nafas Sebzor;Taxtapul Avenue;1380;9981380;https://t.me/nafas_tashkent_thm;город;Шайхантахурский район;г. Ташкент, Шайхонтохурский район, махалля Тахтапул, улица Соиб Хужаев, дом 11;41.337336;69.25997;41.337336, 69.259970;https://www.google.com/maps?q=41.337336,69.259970;https://yangiuylar.uz/novostroyka/nafas-sebzor-176;сдан;2026;2026;0;390;14;;17000000;3/14/6/0;нет;6;2;1200.0;2;1;114000.0;да;0;7;1;5;2;Makro, Taxtapul-Eshiklari, Franke, Elmakon, Сарой Мебель;1;7;391;0;5;Яндекс Маркет;573;0;0;0;3;рекомендуемая;да: 0 м;да: 167 м;да (ЖК в рекомендуемой зоне);2026-10-05;2026-10-05
10;62;"объявлений рядом нет; 313 квартир; сдан 2026; рекомендуемая зона; магазинов у подъезда: 5";164;Riverside Residence;Riverside Residence;+998 55 500 01 23;+998 55 500 01 23;https://t.me/Riverside_residence0;город;Алмазарский район;Алмазарский район, Коракамиш 2/4;41.362753;69.204091;41.362753, 69.204091;https://www.google.com/maps?q=41.362753,69.204091;https://yangiuylar.uz/novostroyka/riverside-residence-164;сдан;2026;2026;0;313;13;;11000000;0/6/3/1;нет;0;0;;0;0;;нет;5;10;2;0;6;Istiqlol, Bogi zilol, Магазин игрушек, Happy coffee, Olmazor;2;3;492;0;5;Wildberries;473;0;0;0;4;рекомендуемая;да: 0 м;да: 138 м;да (ЖК в рекомендуемой зоне);2026-10-05;2026-10-05
11;61;"объявлений рядом нет; 344 квартир; сдан 2025; рекомендуемая зона; магазинов у подъезда: 4";168;Sergeli Residence;Element Construction;+998 55 518 09 09;+998 55 518 09 09;https://t.me/sergeliresidence_bot;город;Сергелийский район;г. Ташкент, Сергелийский р-н, ул. Янги Сергели, 6А;41.229428;69.218651;41.229428, 69.218651;https://www.google.com/maps?q=41.229428,69.218651;https://yangiuylar.uz/novostroyka/sergeli-residence-168;сдан;2025;2025;1;344;11;;11700000;;нет;0;0;;0;0;;нет;4;16;1;4;5;Oltin joja, 03, Zo'r lavash, Fix iT сервис центр, Автозапчасти EMEX.ru;0;5;389;0;6;Ozon;593;0;0;0;6;рекомендуемая;да: 0 м;да: 114 м;да (ЖК в рекомендуемой зоне);2026-10-05;2026-10-05
12;60;"заселён: 13 аренды / 8 продаж в 300 м; 208 квартир; сдача 2027 (−); рекомендуемая зона; магазинов у подъезда: 7";267;Sabot Residence;VINDER INVEST;+998 95 451 88 88;+998 33 988 18 81;https://t.me/Sabot_ResidenceTurarjoymajmuasi;город;Яшнабадский район;г. Ташкент, Яшнабадский район, улица Фергана йули, 15;41.289615;69.301647;41.289615, 69.301647;https://www.google.com/maps?q=41.289615,69.301647;https://yangiuylar.uz/novostroyka/sabot-residence-267;строится;2027;2027;-1;208;14;;13000000;3/5/1/0;нет;13;7;650;8;6;129000.0;частично;7;24;1;1;5;Плов у Шавкат-ака, Xitoycha lazzati, Dunyo Savdo, Sher, Erkin Ergashovich;0;5;447;0;7;Wildberries;976;0;0;0;2;рекомендуемая;да: 0 м;да: 89 м;да (ЖК в рекомендуемой зоне);2026-10-05;2026-10-05
13;59;"по области объявлений почти нет; 1 625 квартир; сдан 2025; белая зона; ПВЗ Uzum нет в 1 км";270;Sabzavot City;Muhtasham Qurilish;+998 55 500 70 09;+998 55 500 70 09;https://t.me/sabzavotcitydomlari;область;Кибрайский район;Ташкентская область , Кибрайский район, махалля Парвоз, улица Гулзор, 200/73;41.391509;69.319736;41.391509, 69.319736;https://www.google.com/maps?q=41.391509,69.319736;https://yangiuylar.uz/novostroyka/sabzavot-city-270;сдан;2025;2025;1;1625;9;;10950000;2/2/1/0;нет;0;0;;0;0;;нет данных (область);0;0;0;0;0;;0;9;1275;0;0;н/д;н/д;н/д;н/д;н/д;н/д;белая;нет;да: 83 м;нет (белая зона);2026-10-05;2026-10-05
14;59;"заселён: 8 аренды / 0 продаж в 300 м; 270 квартир; сдан 2026; рекомендуемая зона в 76 м";175;Park Avenue;Arkan Development;+998 78 113 80 85;+998 78 113 80 85;https://t.me/Park_avenue_sale;город;Янгихаётский район;г. Ташкент, район Янгихайот, улица Спутник 7, 5;41.329896;69.317843;41.329896, 69.317843;https://www.google.com/maps?q=41.329896,69.317843;https://yangiuylar.uz/novostroyka/park-avenue-175;сдан;2026;2026;0;270;16;;12500000;7/9/2/0;нет;8;8;700.0;0;0;;да;0;5;2;0;1;Motoroil.uz - масла Total и автохимия, Cola RC, ООО МУХАММАД АЗИЗ БИЗНЕС, Тиин;0;5;355;0;5;Ozon;372;0;0;0;5;белая;да: 76 м;да: 122 м;да, рядом (рекомендуемая зона в 76 м);2026-10-05;2026-10-05
15;56;"по области объявлений почти нет; 324 квартир; сдан 2025; рекомендуемая зона; магазинов у подъезда: 1";206;Salom Nurafshon;Salom Nurafshon;+998 90 355 11 00;+998 91 775 77 00;https://t.me/Test22122212;область;г.Нурафшан;область Ташкент, город Нурафшан, улица Тошкент йули;41.03286;69.358725;41.032860, 69.358725;https://www.google.com/maps?q=41.032860,69.358725;https://yangiuylar.uz/novostroyka/salom-nurafshon-206;сдан;2025;2025;1;324;9;;5800000;4/3/2/0;нет;0;0;;0;0;;нет данных (область);1;2;0;1;3;ОБОД миллий таомлар, НУР, Tegen;0;;987;0;1;н/д;н/д;н/д;н/д;н/д;н/д;рекомендуемая;да: 0 м;да: 204 м;да (ЖК в рекомендуемой зоне);2026-10-05;2026-10-05
16;56;"объявлений рядом нет; 270 квартир; сдан 2026; рекомендуемая зона в 74 м; магазинов у подъезда: 6";265;Строительный торговый центр «Jomiy Mall»;The Pirzada Group;+998 90 133 30 33;+998 90 133 30 33;https://t.me/ThePirzadaGroup;город;Алмазарский район;г. Ташкент, Алмазарский район, улица Уста Ширин, 125А;41.355663;69.245933;41.355663, 69.245933;https://www.google.com/maps?q=41.355663,69.245933;https://yangiuylar.uz/novostroyka/stroitelnyj-torgovyj-centr-jomiy-mall-265;сдан;2026;2026;0;270;4;;24400000;23/0/0/0;да;0;0;;0;0;;нет;6;16;0;0;0;"Строительный рынок Джами, Магазин отопительных систем, Магазин электро инструментов P.i.T.-CROWN, Krause лестницы стремянки, Магазин обоев""Дом Обоев";0;4;535;0;6;Wildberries;793;0;0;0;2;белая;да: 74 м;да: 131 м;да, рядом (рекомендуемая зона в 74 м);2026-10-05;2026-10-05
17;55;"заселён: 11 аренды / 7 продаж в 300 м; 390 квартир; сдача 2027 (−); сам ЖК в запретной зоне, рекомендуемая в 59 м; магазинов у подъезда: 9";146;Crown Zamon;CROWN DEVELOPMENT;+998 90 761 61 61;+998 90 761 61 61;https://t.me/crowndevelopment_uz;город;Мирабадский район;г.Ташкент, Мирабадский район, улица Фаргона йули 48 дом;41.287958;69.302149;41.287958, 69.302149;https://www.google.com/maps?q=41.287958,69.302149;https://yangiuylar.uz/novostroyka/crown-zamon-146;строится;2027;2027;-1;390;16;;15000000;2/9/0/0;нет;11;7;650;7;6;155000;частично;9;24;1;1;6;Плов у Шавкат-ака, Xitoycha lazzati, Dunyo Savdo, Sher, Erkin Ergashovich;0;4;397;0;8;Wildberries;788;0;0;0;3;запретная;да: 59 м;да: 0 м;"да, рядом (рекомендуемая зона в 59 м; сам ЖК в запретной)";2026-10-05;2026-10-05
18;55;"объявлений рядом нет; 314 квартир; сдан 2026; рекомендуемая зона";211;Navro'z Residence;China House;+998 78 110 08 90;1335;@ChinaHouse_info2;город;Сергелийский район;г. Ташкент, Сергелийсий район, улица Юкори Дархон, 186A;41.230554;69.202123;41.230554, 69.202123;https://www.google.com/maps?q=41.230554,69.202123;https://yangiuylar.uz/novostroyka/navro'z-residence-211;сдан;2026;2026;0;314;15;;12000000;2/7/4/0;нет;0;0;;0;0;;нет;0;0;0;0;0;;0;5;441;0;7;Яндекс Маркет;378;0;0;0;4;рекомендуемая;да: 0 м;да: 212 м;да (ЖК в рекомендуемой зоне);2026-10-05;2026-10-05
19;54;"объявлений рядом нет; 308 квартир; сдан 2026; рекомендуемая зона";121;Aero Town;Kala group;+998 90 397 11 01;+998 97 125 07 70;https://t.me/malika_manager;город;Сергелийский район;г.Ташкент, Сергелийский район, Олтин водий махалла. Қумариқ куча 1;41.265124;69.261213;41.265124, 69.261213;https://www.google.com/maps?q=41.265124,69.261213;https://yangiuylar.uz/novostroyka/aero-town-121;сдан;2026;2026;0;308;10;;12200000;0/4/4/0;нет;0;0;;0;0;;нет;0;0;0;0;0;;0;5;862;0;1;Ozon;861;0;0;0;1;рекомендуемая;да: 0 м;нет;да (ЖК в рекомендуемой зоне);2026-10-05;2026-10-05
20;53;"объявлений рядом нет; 13 000 квартир; сдан 2026; белая зона";166;Yangi Mahalla;GC Group Industries;+998 20 011 11 11;+998 20 011 11 11;;город;Янгихаётский район;Янгихаётский район, махалля Олчазор , ул. Лутфикор дом 200-А;41.201144;69.197937;41.201144, 69.197937;https://www.google.com/maps?q=41.201144,69.197937;https://yangiuylar.uz/novostroyka/yangi-mahalla-166;сдан;2026;2026;0;13000;16;;;;нет;0;0;;0;0;;нет;0;0;0;0;0;;0;;634;0;3;Яндекс Маркет;929;0;0;0;1;белая;нет;да: 160 м;нет (белая зона);2026-10-05;2026-10-05
21;53;"объявлений рядом нет; 220 квартир; сдан 2026; рекомендуемая зона; магазинов у подъезда: 1";247;Sergeli Bunyodobod;Baxt Development;+998 77 367 33 33;+998 55 517 33 33;https://t.me/ExclusiveHouse_bot;город;Сергелийский район;г. Ташкент, Сергелийский район, улица Бунёдобод, 34;41.228291;69.213385;41.228291, 69.213385;https://www.google.com/maps?q=41.228291,69.213385;https://yangiuylar.uz/novostroyka/sergeli-bunyodobod-247;сдан;2026;2026;0;220;12;;10700000;0/14/5/0;нет;0;0;;0;0;;нет;1;6;1;0;1;"Автозапчасти EMEX.ru, АБРО, Авторынок ""Сергели"", Market.uz, Brave";0;4;378;0;9;Ozon;423;0;0;0;6;рекомендуемая;да: 0 м;да: 29 м;да (ЖК в рекомендуемой зоне);2026-10-05;2026-10-05
22;52;"заселён: 19 аренды / 6 продаж в 300 м; 2 200 квартир; сдача 2028 (−); сам ЖК в запретной зоне, рекомендуемая в 168 м";102;Istanbul City;Istanbul City;+998 78 122 22 20;+998 78 122 22 20;https://t.me/+998781222220;город;Яккасарайский район;г. Ташкент, Яккасарайский р-н, ул. Абдулла Қаххор, 49;41.275159;69.264765;41.275159, 69.264765;https://www.google.com/maps?q=41.275159,69.264765;https://yangiuylar.uz/novostroyka/istanbul-city-102;строится;2028;2028;-2;2200;20;161;17400000;4/17/5/5;нет;19;11;900;6;4;114000.0;частично;0;2;0;1;5;Cafe Barbaris, Spektr Service, Япоша, Моя Семья, Avtech;0;5;473;0;4;Яндекс Маркет;603;0;0;0;3;запретная;да: 168 м;да: 0 м;"да, рядом (рекомендуемая зона в 168 м; сам ЖК в запретной)";2026-10-05;2026-10-05
23;52;"заселён: 4 аренды / 1 продаж в 300 м; 96 квартир; сдан 2026; рекомендуемая зона в 55 м; Яндекс Маркет в 217 м";237;Huvaydo;Simplex Buildings;+998 97 350 77 77;+998 97 350 77 77;https://t.me/simplexbuildings;город;Алмазарский район;г. Ташкент, Алмазарский район, улица Беруни, 43а;41.344913;69.205194;41.344913, 69.205194;https://www.google.com/maps?q=41.344913,69.205194;https://yangiuylar.uz/novostroyka/huvaydo-237;сдан;2026;2026;0;96;9;;20000000;1/2/5/0;нет;4;0;775.0;1;0;96000;частично;5;22;3;5;8;Salamander, Dori Darmon Филиал № 1/1, Медтехника, TMT Fashion, Zamena Masla;2;1;491;0;4;Яндекс Маркет;217;0;1;1;4;белая;да: 55 м;да: 192 м;да, рядом (рекомендуемая зона в 55 м);2026-10-05;2026-10-05
24;51;"по области объявлений почти нет; 171 квартир; сдан 2026; рекомендуемая зона в 120 м; магазинов у подъезда: 2";161;F&M Tower;F&M Tower;+998 78 113 14 33;+998 78 113 14 33;https://t.me/ManagerIslom;область;Зангиатинский район;Тошкентская обл., Зангиотинский район, Эшонгузар, Икбол МФЙ, улица Бек Барака  29 А-уй.;41.245886;69.164832;41.245886, 69.164832;https://www.google.com/maps?q=41.245886,69.164832;https://yangiuylar.uz/novostroyka/fandm-tower-161;сдан;2026;2026;0;171;12;;13500000;1/6/2/0;нет;0;0;;0;0;;нет данных (область);2;14;1;0;0;БУЛАТ - R21, Магазин детской одежды BOOM, магазин фурнитурам, @GE Computers - R24, NTComputers - R50;0;5;942;0;1;н/д;н/д;н/д;н/д;н/д;н/д;белая;да: 120 м;нет;да, рядом (рекомендуемая зона в 120 м);2026-10-05;2026-10-05
25;50;"по области объявлений почти нет; 384 квартир; сдан 2025; белая зона; магазинов у подъезда: 1";59;Fayz;Fayz;+998 95 000 22 29;+998 99 607 22 22;https://t.me/Richeville2222;область;Зангиатинский район;Зангиатинский район, посёлок Чигатай Октепа, А.Яссавий МФЙ, 1А-дом;41.331433;69.151161;41.331433, 69.151161;https://www.google.com/maps?q=41.331433,69.151161;https://yangiuylar.uz/novostroyka/fayz-59;сдан;2025;2025;1;384;8;18;9700000;0/3/5/0;нет;0;0;;0;0;;нет данных (область);1;1;1;0;0;Магазин;0;7;598;0;1;н/д;н/д;н/д;н/д;н/д;н/д;белая;нет;да: 120 м;нет (белая зона);2026-10-05;2026-10-05
26;49;"заселён: 5 аренды / 13 продаж в 300 м; 4 512 квартир; сдача 2027 (−); белая зона";129;Muhabbat shahri;Xon Saroy;+998 71 200 74 00;+998 71 200 74 00;https://t.me/xonsaroy_bot;город;Яшнабадский район;Город Ташкент, Яшнабадский район, ул. Паркентская, 327 б;41.304797;69.34764;41.304797, 69.347640;https://www.google.com/maps?q=41.304797,69.347640;https://yangiuylar.uz/novostroyka/muhabbat-shahri-129;строится;2027;2027;-1;4512;16;;13325000;5/4/0/0;нет;5;2;650;13;11;93000;частично;0;0;0;0;0;;0;4;572;0;3;Wildberries;650;0;0;0;2;белая;нет;да: 247 м;нет (белая зона);2026-10-05;2026-10-05
27;49;"по области объявлений почти нет; 376 квартир; сдача 2027 (−); рекомендуемая зона в 8 м; ПВЗ Uzum нет в 1 км";313;Alfa Premium;Alfa Premium;+998 78 555 77 77;+998 78 555 77 77;https://t.me/alfacity_uz;область;Зангиатинский район;Ташкентская область, Зангиатинский район, ориентир Alfa Trade Center;41.247105;69.163279;41.247105, 69.163279;https://www.google.com/maps?q=41.247105,69.163279;https://yangiuylar.uz/novostroyka/alfa-premium-313;строится;2027;2027;-1;376;12;;13000000;3/6/3/0;нет;0;0;;0;0;;нет данных (область);0;12;1;0;0;БУЛАТ - R21, Магазин детской одежды BOOM, @GE Computers - R24, NTComputers - R50, HIKVISION - R25;0;5;1130;0;0;н/д;н/д;н/д;н/д;н/д;н/д;белая;да: 8 м;да: 323 м;да, рядом (рекомендуемая зона в 8 м);2026-10-05;2026-10-05
28;49;"заселён: 2 аренды / 1 продаж в 300 м; 249 квартир; сдан 2025; рекомендуемая зона";317;NRG Voha;NRG-BI;1360;+998 93 180 02 61;https://t.me/BonuNRG_BI;город;Мирзо-Улугбекский район;г Ташкент, Мирзо-Улугбекский район, Кайнарсай, 136А;41.316424;69.347664;41.316424, 69.347664;https://www.google.com/maps?q=41.316424,69.347664;https://yangiuylar.uz/novostroyka/nrg-voha-317;сдан;2025;2025;1;249;5;;31000000;0/9/11/8;нет;2;1;1000.0;1;0;39000;частично;0;7;2;0;1;Строительных и хозяйственных товаров, Imorat - qurilish va xo'jalik mollari do'koni, Кувшин, Мчж Карасу Маркет, Авайхон;0;;572;0;4;Wildberries;748;0;0;0;1;рекомендуемая;да: 0 м;да: 306 м;да (ЖК в рекомендуемой зоне);2026-10-05;2026-10-05
29;48;"объявлений рядом нет; 828 квартир; сдача 2027 (−); рекомендуемая зона";194;Bektemir Residence;Bektemir Hills Development;+998 78 113 82 32;+998 78 113 82 32;https://t.me/bektemir_residence;город;Бектемирский район;г. Ташкент , Бектемирский район, Махалля “Ийк Ота МФЙ” , улица Каноат;41.239139;69.369173;41.239139, 69.369173;https://www.google.com/maps?q=41.239139,69.369173;https://yangiuylar.uz/novostroyka/bektemir-residence-194;строится;2027;2027;-1;828;12;270;9840000;1/4/1/0;нет;0;0;;0;0;;нет;0;0;0;0;0;;0;7;631;0;2;Яндекс Маркет;628;0;0;0;1;рекомендуемая;да: 0 м;нет;да (ЖК в рекомендуемой зоне);2026-10-05;2026-10-05
30;48;"заселён: 2 аренды / 0 продаж в 300 м; 480 квартир; сдан 2026; сам ЖК в запретной зоне, рекомендуемая в 267 м";257;Assalom Havo;Golden House;+998 78 150 11 11;+998 78 113 02 64;https://t.me/GoldenHouseHelp_bot;город;Яшнабадский район;г. Ташкент, Яшнабадский район, Илтифот, дом 8;41.282419;69.354737;41.282419, 69.354737;https://www.google.com/maps?q=41.282419,69.354737;https://yangiuylar.uz/novostroyka/assalom-havo-257;сдан;2026;2026;0;480;16;;11800000;5/7/0/0;нет;2;1;575.0;0;0;;частично;0;11;0;0;3;Ремонт электронной техники, Imzo окна, DXN Service Center, Лавка, Арт кафе Денгиз;0;8;414;0;8;Яндекс Маркет;480;0;0;0;4;запретная;да: 267 м;да: 0 м;"да, рядом (рекомендуемая зона в 267 м; сам ЖК в запретной)";2026-10-05;2026-10-05
31;47;"по области объявлений почти нет; 789 квартир; сдача 2027 (−); белая зона";259;Yangi Avlod;Euro House;+998 99 599 99 99;+998 99 599 99 99;https://t.me/euro_house_tashkent;область;Зангиатинский район;махаллинский сход граждан Богзор, Зангиатинский район, Ташкентская область;41.185403;69.181301;41.185403, 69.181301;https://www.google.com/maps?q=41.185403,69.181301;https://yangiuylar.uz/novostroyka/yangi-avlod-259;строится;2027;2027;-1;789;9;;9300000;1/3/5/0;нет;0;0;;0;0;;нет данных (область);0;0;0;0;0;;0;10;906;0;1;н/д;н/д;н/д;н/д;н/д;н/д;белая;нет;да: 271 м;нет (белая зона);2026-10-05;2026-10-05
32;47;"объявлений рядом нет; 600 квартир; сдача 2028 (−); рекомендуемая зона; ПВЗ Uzum нет в 1 км";307;Islomobod;TXT Group;+998 99 473 11 11;+998 55 705 22 22;https://t.me/islomobod_txt;город;Юнусабадский район;г. Ташкент, Юнусабадский район, улица Авлиё ота, 117;41.388421;69.276278;41.388421, 69.276278;https://www.google.com/maps?q=41.388421,69.276278;https://yangiuylar.uz/novostroyka/islomobod-307;строится;2028;2028;-2;600;16;;10500000;1/3/1/0;нет;0;0;;0;0;;нет;2;3;0;0;0;Тошкент савдо сотик, Макс бизнес;0;8;1001;0;0;Wildberries;1104;0;0;0;0;рекомендуемая;да: 0 м;нет;да (ЖК в рекомендуемой зоне);2026-10-05;2026-10-05
33;47;"по области объявлений почти нет; 300 квартир; сдача 2027 (−); рекомендуемая зона в 13 м; ПВЗ Uzum нет в 1 км";325;Baland Residence;Baland Residence;+998 78 333 03 33;+998 78 333 03 33;https://t.me/balandresidence;область;Ташкентский район;Ташкентская область, Ташкентский район, Авлиё Ота МФЙ;41.3946;69.270554;41.394600, 69.270554;https://www.google.com/maps?q=41.394600,69.270554;https://yangiuylar.uz/novostroyka/baland-residence-325;строится;2027;2027;-1;300;12;;;0/4/0/3;нет;0;0;;0;0;;нет данных (область);0;0;0;0;0;;0;5;1293;0;0;н/д;н/д;н/д;н/д;н/д;н/д;белая;да: 13 м;нет;да, рядом (рекомендуемая зона в 13 м);2026-10-05;2026-10-05
34;46;"заселён: 1 аренды / 0 продаж в 300 м; 1 200 квартир; рекомендуемая зона";152;Do'rmon Saroyi;Kushon Building;+998 95 777 77 11;+998 95 777 77 11;https://t.me/DormonSaroy2024;область;Кибрайский район;Ташкентская обл. Кибрайский р-н, улица Юзрабад;41.3667;69.394536;41.366700, 69.394536;https://www.google.com/maps?q=41.366700,69.394536;https://yangiuylar.uz/novostroyka/do'rmon-saroyi-152;строится;2026;2026;0;1200;7;;11000000;2/4/1/0;нет;1;1;700;0;0;;нет данных (область);0;1;1;0;0;Макро ТТЗ;1;3;538;0;2;н/д;н/д;н/д;н/д;н/д;н/д;рекомендуемая;да: 0 м;да: 311 м;да (ЖК в рекомендуемой зоне);2026-10-05;2026-10-05
35;46;"по области объявлений почти нет; 739 квартир; сдача 2027 (−); белая зона";139;Parvoz;East Dream Engieering;+998 78 113 73 75;+998 33 518 22 88;https://t.me/parvoz_Doniyor;область;Кибрайский район;Ташкентcкая область, Кибрайский район, ул Чимкент йули 2А;41.393858;69.308093;41.393858, 69.308093;https://www.google.com/maps?q=41.393858,69.308093;https://yangiuylar.uz/novostroyka/parvoz-139;строится;2027;2027;-1;739;14;;7700000;4/4/0/0;нет;0;0;;0;0;;нет данных (область);0;0;0;0;0;;0;5;827;0;1;н/д;н/д;н/д;н/д;н/д;н/д;белая;нет;нет;нет (белая зона);2026-10-05;2026-10-05
36;46;"по области объявлений почти нет; 323 квартир; рекомендуемая зона; ПВЗ Uzum нет в 1 км";242;Humson Avenue;Fayus Development;+998 55 055 41 41;+998 55 055 41 41;https://t.me/humsonavenue;область;Бостанлыкский район;область Ташкент, Бостанлыкский район, расположен рядом санаторием Хумсон;41.670597;69.958782;41.670597, 69.958782;https://www.google.com/maps?q=41.670597,69.958782;https://yangiuylar.uz/novostroyka/humson-avenue-242;строится;2026;2026;0;323;12;;15000000;;нет;0;0;;0;0;;нет данных (область);0;0;0;0;0;;0;11;4664;0;0;н/д;н/д;н/д;н/д;н/д;н/д;рекомендуемая;да: 0 м;да: 113 м;да (ЖК в рекомендуемой зоне);2026-10-05;2026-10-05
37;46;"по области объявлений почти нет; 308 квартир; рекомендуемая зона; ПВЗ Uzum нет в 1 км";107;Obod;Munisal Omad;+998 99 117 36 36;+998 90 346 46 12;https://t.me/munisalhouse;область;Ташкентский район;Тошкент тумани, Кизгалдок КФЙ, Буньедкор МФЙ, ТХАЙ;41.367146;69.169906;41.367146, 69.169906;https://www.google.com/maps?q=41.367146,69.169906;https://yangiuylar.uz/novostroyka/obod-107;строится;2026;2026;0;308;12;;6700000;;нет;0;0;;0;0;;нет данных (область);0;0;0;0;0;;0;6;1115;0;0;н/д;н/д;н/д;н/д;н/д;н/д;рекомендуемая;да: 0 м;нет;да (ЖК в рекомендуемой зоне);2026-10-05;2026-10-05
38;46;"заселён: 3 аренды / 4 продаж в 300 м; 192 квартир; сдан 2026; сам ЖК в запретной зоне, рекомендуемая в 184 м; ПВЗ Uzum нет в 1 км";188;Yangi O'zbekiston;China House;+998 78 113 08 90;1335;@ChinaHouse_info2;город;Мирзо-Улугбекский район;г. Ташкент, Мирзо-Улугбекский район, улица Янги Узбекистан, Алишеробод МФЙ;41.322908;69.404701;41.322908, 69.404701;https://www.google.com/maps?q=41.322908,69.404701;https://yangiuylar.uz/novostroyka/china-house-188;сдан;2026;2026;0;192;5;;15500000;3/4/0/0;нет;3;2;600;4;2;74131.5;да;0;0;0;0;0;;0;;1366;0;0;Wildberries;2226;0;0;0;0;запретная;да: 184 м;да: 0 м;"да, рядом (рекомендуемая зона в 184 м; сам ЖК в запретной)";2026-10-05;2026-10-05
39;46;"заселён: 10 аренды / 1 продаж в 300 м; 126 квартир; рекомендуемая зона";114;Bridge;New Build;+998 95 140 44 44;+998 95 140 44 44;@newbuilddevelopment;город;Юнусабадский район;г. Ташкент, Юнусабадский район, улица Уста-Ширин, 104;41.34929;69.263531;41.349290, 69.263531;https://www.google.com/maps?q=41.349290,69.263531;https://yangiuylar.uz/novostroyka/bridge-114;строится;2026;2026;0;126;9;;13400000;1/10/4/0;нет;10;9;850.0;1;1;200000;частично;0;2;0;0;1;Velomarket, Уста Ширин;0;5;399;0;1;Ozon;468;0;0;0;2;рекомендуемая;да: 0 м;да: 160 м;да (ЖК в рекомендуемой зоне);2026-10-05;2026-10-05
40;44;"по области объявлений почти нет; 1 080 квартир; белая зона; ПВЗ Uzum нет в 1 км";156;Sokin Hayot;Mezana Development;+998 77 403 71 00;+998 99 925 03 21;https://t.me/Mezana_1;область;Ташкентский район;Ташкентская область, Ташкентский район, МФМ Бунёдкор, улица Коль, улица 6 тор, 5 дом;41.379622;69.17873;41.379622, 69.178730;https://www.google.com/maps?q=41.379622,69.178730;https://yangiuylar.uz/novostroyka/sokin-hayot-156;строится;2026;2026;0;1080;7;;7000000;6/5/5/0;нет;0;0;;0;0;;нет данных (область);0;0;0;0;0;;0;6;1690;0;0;н/д;н/д;н/д;н/д;н/д;н/д;белая;нет;нет;нет (белая зона);2026-10-05;2026-10-05
41;44;"объявлений рядом нет; 1 006 квартир; сдача 2027 (−); рекомендуемая зона в 127 м; ПВЗ Uzum нет в 1 км";209;Botanika;Renaissance Building Company;+998 78 333 33 31;+998 90 244 44 44;https://t.me/renaissance_building;город;Мирзо-Улугбекский район;г. Ташкент, Мирзо-Улугбекский район, проезд Дурмон йули;41.338556;69.315773;41.338556, 69.315773;https://www.google.com/maps?q=41.338556,69.315773;https://yangiuylar.uz/novostroyka/botanika-209;строится;2027;2027;-1;1006;12;;18000000;;нет;0;0;;0;0;;нет;0;1;0;0;1;Lux Auto Motors;0;;1102;0;0;Ozon;1230;0;0;0;0;белая;да: 127 м;нет;да, рядом (рекомендуемая зона в 127 м);2026-10-05;2026-10-05
42;44;"заселён: 5 аренды / 13 продаж в 300 м; 600 квартир; белая зона";105;Dreamland Parkent;Dreamland Development;+998 78 150 13 90;+998 78 148 02 89;@Xilola_dd9;город;Яшнабадский район;г. Ташкент, Яшнабадский район, улица Паркент;41.304777;69.347604;41.304777, 69.347604;https://www.google.com/maps?q=41.304777,69.347604;https://yangiuylar.uz/novostroyka/dreamland-parkent-105;строится;2026;2026;0;600;13;150;14800000;3/7/5/0;нет;5;2;650;13;11;93000;частично;0;0;0;0;0;;0;5;568;0;3;Wildberries;647;0;0;0;2;белая;нет;да: 243 м;нет (белая зона);2026-10-05;2026-10-05
43;44;"объявлений рядом нет; 350 квартир; сдан 2026; белая зона; ПВЗ Uzum нет в 1 км";99;Строительный торговый центр «RABAD»;Grand Comfort Building;+998 78 113 00 16;+998 78 113 00 98;;город;Яшнабадский район;г. Ташкент, Яшнабадский р-н, ул. Янги Узбекистон. Ориентир: Парк Янги Узбекистон;41.317502;69.456563;41.317502, 69.456563;https://www.google.com/maps?q=41.317502,69.456563;https://yangiuylar.uz/novostroyka/stroitelnyj-torgovyj-centr-rabad-99;сдан;2026;2026;0;350;3;;;6/0/0/0;да;0;0;;0;0;;нет;0;0;0;0;0;;0;;1543;0;0;Wildberries;4967;0;0;0;0;белая;нет;нет;нет (белая зона);2026-10-05;2026-10-05
44;44;"заселён: 2 аренды / 0 продаж в 300 м; 330 квартир; сдача 2027 (−); рекомендуемая зона";165;Sayram Plaza;Ist-Batterflay;+998 90 238 11 11;+998 90 238 11 11;https://t.me/sayramplaza7;город;Мирзо-Улугбекский район;Мирзо-Улугбекский район ул Сайрам,17;41.328311;69.315765;41.328311, 69.315765;https://www.google.com/maps?q=41.328311,69.315765;https://yangiuylar.uz/novostroyka/sayram-plaza-165;строится;2027;2027;-1;330;12;;13000000;6/5/1/0;нет;2;2;750.0;0;0;;частично;0;11;0;0;1;Audi Center Tashkent, Motoroil.uz - масла Total и автохимия, Cola RC, Замена масла ENOC by InRent, Work Space Ergonomic - комплексные решения по организации эргономичного рабочего пространства;0;10;489;0;5;Ozon;512;0;0;0;7;рекомендуемая;да: 0 м;да: 284 м;да (ЖК в рекомендуемой зоне);2026-10-05;2026-10-05
45;44;"по области объявлений почти нет; 200 квартир; сдача 2027 (−); рекомендуемая зона в 222 м; ПВЗ Uzum нет в 1 км";269;Ozoda Apartment;Ziynat Capital;+998 33 454 33 33;+998 33 474 33 33;https://t.me/ej_o7o1;область;Бостанлыкский район;область Ташкент, Бостанлыкский район, МФЙ Кичиксай, улица Катарташ, 231;41.635401;69.760138;41.635401, 69.760138;https://www.google.com/maps?q=41.635401,69.760138;https://yangiuylar.uz/novostroyka/ozoda-apartment-269;строится;2027;2027;-1;200;6;;18500000;1/3/0/1;нет;0;0;;0;0;;нет данных (область);0;0;0;0;0;;0;7;3201;0;0;н/д;н/д;н/д;н/д;н/д;н/д;белая;да: 222 м;нет;да, рядом (рекомендуемая зона в 222 м);2026-10-05;2026-10-05
46;44;"объявлений рядом нет; 180 квартир; сдан 2026; сам ЖК в запретной зоне, рекомендуемая в 248 м; магазинов у подъезда: 1";122;Twins;New Build Development;+998 99 021 11 11;+998 99 021 11 11;https://t.me/newbuild_twins;город;Сергелийский район;г.Ташкент, Сергелийский район, Кут-Барака М.Ф.Й., ТКАД кучаси, 1-уй;41.24324;69.220573;41.243240, 69.220573;https://www.google.com/maps?q=41.243240,69.220573;https://yangiuylar.uz/novostroyka/twins-122;сдан;2026;2026;0;180;10;30;12200000;0/3/1/0;нет;0;0;;0;0;;нет;1;2;0;0;1;GAZ, Тапчаны, Чинор;0;5;971;0;2;Wildberries;1061;0;0;0;0;запретная;да: 248 м;да: 0 м;"да, рядом (рекомендуемая зона в 248 м; сам ЖК в запретной)";2026-10-05;2026-10-05
47;43;"заселён: 2 аренды / 1 продаж в 300 м; 1 170 квартир; сдача 2027 (−); белая зона; магазинов у подъезда: 1";145;Barxan Residence;Barxan Residence;+998 95 800 00 50;+998 95 800 00 50;https://t.me/barxan_sales;город;Чиланзарский район;Чиланзарский район, улица Гавхар, 125.;41.254063;69.194533;41.254063, 69.194533;https://www.google.com/maps?q=41.254063,69.194533;https://yangiuylar.uz/novostroyka/barxan-residence-145;строится;2027;2027;-1;1170;16;200;11400000;1/2/4/0;нет;2;0;725.0;1;0;61000;частично;1;3;0;0;4;Ready food star, Кафе, Нон Кебаб, Частное производственное предприятие;0;4;869;0;1;Wildberries;1379;0;0;0;0;белая;нет;нет;нет (белая зона);2026-10-05;2026-10-05
48;43;"по области объявлений почти нет; 1 023 квартир; сдача 2028 (−); белая зона; ПВЗ Uzum нет в 1 км";332;Sarbon;Murad Buildings;+998 78 122 88 22;+998 78 122 88 22;https://t.me/muradbuildings;область;Ташкентский район;Ташкент, Новый Ташкентский район;41.285662;69.482928;41.285662, 69.482928;https://www.google.com/maps?q=41.285662,69.482928;https://yangiuylar.uz/novostroyka/sarbon-332;строится;2028;2028;-2;1023;14;;;0/0/3/3;нет;0;0;;0;0;;нет данных (область);0;0;0;0;0;;0;;2639;0;0;н/д;н/д;н/д;н/д;н/д;н/д;белая;нет;нет;нет (белая зона);2026-10-05;2026-10-05
49;43;"заселён: 8 аренды / 0 продаж в 300 м; 224 квартир; сдача 2027 (−); рекомендуемая зона в 307 м";248;Pushkin;Tower Up;+998 55 520 98 98;+998 55 520 98 98;https://t.me/tower_up;город;Мирзо-Улугбекский район;г. Ташкент, Мирзо-Улугбекский район, МФЙ Олмачи, махалля Олмачи, 21;41.321398;69.315337;41.321398, 69.315337;https://www.google.com/maps?q=41.321398,69.315337;https://yangiuylar.uz/novostroyka/pushkin-248;строится;2027;2027;-1;224;16;205;20520000;0/2/6/2;нет;8;2;650.0;0;0;;частично;0;0;0;0;3;Адрас, Bolo Hovuz, Master Sushi;0;5;737;0;4;Яндекс Маркет;483;0;0;0;7;белая;да: 307 м;да: 274 м;да, рядом (рекомендуемая зона в 307 м);2026-10-05;2026-10-05
50;42;"заселён: 2 аренды / 9 продаж в 300 м; 635 квартир; сдача 2027 (−); сам ЖК в запретной зоне, рекомендуемая в 338 м";323;NRG Jomiy;NRG-BI;1360;+998 93 180 02 61;https://t.me/BonuNRG_BI;город;Алмазарский район;г. Ташкент, Алмазарский район;41.351745;69.255447;41.351745, 69.255447;https://www.google.com/maps?q=41.351745,69.255447;https://yangiuylar.uz/novostroyka/nrg-jomiy-323;строится;2027;2027;-1;635;12;;14730000;3/5/7/5;нет;2;1;900.0;9;7;95000;частично;0;5;0;0;1;Гарант Мебель, Тарона кафе, Межкомнатные дверные ЗАМКИ, Замки ARCHIE ДЖАМИ NOBEL, KALE KALIT, AGB, Мебел на заказ;0;5;414;0;2;Wildberries;428;0;0;0;3;запретная;да: 338 м;да: 0 м;"да, рядом (рекомендуемая зона в 338 м; сам ЖК в запретной)";2026-10-05;2026-10-05
51;42;"объявлений рядом нет; 225 квартир; сдан 2024; белая зона";8;Silk Road;Simplex Buildings;+998 97 350 77 77;+998 97 350 77 77;https://t.me/simplexbuildings;город;Чиланзарский район;Чиланзарский район, улица Гавхар 125;41.25365;69.19174;41.253650, 69.191740;https://www.google.com/maps?q=41.253650,69.191740;https://yangiuylar.uz/novostroyka/silk-road-8;сдан;2024;2024;2;225;9;;13000000;3/1/1/0;нет;0;0;;0;0;;нет;0;5;0;0;2;ГАЗ, Chevrolet, AutotehXizmat, Toyota, Нон Кебаб;0;8;794;0;1;Wildberries;1519;0;0;0;0;белая;нет;да: 317 м;нет (белая зона);2026-10-05;2026-10-05
52;42;"объявлений рядом нет; 198 квартир; сдан 2025; белая зона; ПВЗ Uzum нет в 1 км";216;Green House;Inter Drujba;+998 93 543 50 50;+998 93 543 50 50;https://t.me/greenhouse_toshkent;город;Юнусабадский район;Ташкент, Юнусабадский район, махалля Сабзавот;41.386588;69.336506;41.386588, 69.336506;https://www.google.com/maps?q=41.386588,69.336506;https://yangiuylar.uz/novostroyka/green-house-216;сдан;2025;2025;1;198;3;;6300000;;нет;0;0;;0;0;;нет;0;0;0;0;0;;0;7;1282;0;0;Яндекс Маркет;1683;0;0;0;0;белая;нет;нет;нет (белая зона);2026-10-05;2026-10-05
53;42;"по области объявлений почти нет; 48 квартир; сдан 2026; белая зона; ПВЗ Uzum нет в 1 км";125;Pargos Eco City Taunhaus;ECOSTROY;+998 55 510 01 03;+998 91 599 36 94;https://t.me/pargosecocity;область;Бостанлыкский район;г. Ташкентская область, Бустанлыкский район, МФЙ «Паргос», улица Ташкентская-240;41.529205;69.665428;41.529205, 69.665428;https://www.google.com/maps?q=41.529205,69.665428;https://yangiuylar.uz/novostroyka/pargos-eco-city-taunhaus-125;сдан;2026;2026;0;48;2;;;0/1/1/4;нет;0;0;;0;0;;нет данных (область);0;0;0;0;0;;0;7;1538;0;0;н/д;н/д;н/д;н/д;н/д;н/д;белая;нет;нет;нет (белая зона);2026-10-05;2026-10-05
54;41;"заселён: 0 аренды / 1 продаж в 300 м; 391 квартир; сдан 2025; белая зона";134;YUGNAKIY;BB STROY;+998 94 777 07 27;+998 94 777 07 27;;город;Мирзо-Улугбекский район;Мирзо Улугбекский район, ул. Ахмад Югнакий 11;41.34298;69.394803;41.342980, 69.394803;https://www.google.com/maps?q=41.342980,69.394803;https://yangiuylar.uz/novostroyka/yugnakiy-134;сдан;2025;2025;1;391;9;;12000000;;нет;0;0;;1;0;110000;нет;0;1;0;0;0;;0;15;482;0;4;Wildberries;798;0;0;0;2;белая;нет;да: 5 м;нет (белая зона);2026-10-05;2026-10-05
55;40;"заселён: 15 аренды / 2 продаж в 300 м; 882 квартир; сдан 2026; сам ЖК в запретной зоне, рекомендуемая в 181 м; ПВЗ Uzum в 242 м (уже обслужен)";318;NRG Meros;NRG-BI;1360;+998 93 180 02 61;https://t.me/BonuNRG_BI;город;Мирабадский район;г. Ташкент, Мирабадский район, махаллинский сход граждан Инокобод;41.280492;69.297139;41.280492, 69.297139;https://www.google.com/maps?q=41.280492,69.297139;https://yangiuylar.uz/novostroyka/nrg-meros-318;сдан;2026;2026;0;882;16;;18500000;5/5/5/5;нет;15;11;1000;2;1;175000.0;да;5;23;0;1;6;Установка ГБО, Установка ГБО под метан, Dilshod Plov, Махмуд Файз, Eatery;0;3;242;2;9;Яндекс Маркет;81;1;0;1;6;запретная;да: 181 м;да: 0 м;"да, рядом (рекомендуемая зона в 181 м; сам ЖК в запретной)";2026-10-05;2026-10-05
56;40;"заселён: 17 аренды / 6 продаж в 300 м; 700 квартир; сдан 2025; сам ЖК в запретной зоне, рекомендуемая в 333 м; ПВЗ Uzum в 198 м (уже обслужен)";79;Park City Labzak;Park City Labzak;+998 78 777 47 77;+998 78 777 47 77;;город;Шайхантахурский район;г.Ташкент, Шайхантахурский район, улица Лабзак 1Б.;41.329223;69.263167;41.329223, 69.263167;https://www.google.com/maps?q=41.329223,69.263167;https://yangiuylar.uz/novostroyka/park-city-labzak-79;сдан;2025;2025;1;700;14;;;0/15/0/0;нет;17;2;700;6;1;90500.0;да;5;17;2;7;16;GAP, QUADRO, Комиссионный магазин Famiglia - Лабзак, Красотка, Вино водка;2;5;198;2;4;Ozon;237;1;1;0;4;запретная;да: 333 м;да: 0 м;"да, рядом (рекомендуемая зона в 333 м; сам ЖК в запретной)";2026-10-05;2026-10-05
57;40;"по области объявлений почти нет; 252 квартир; рекомендуемая зона в 317 м; ПВЗ Uzum нет в 1 км";46;Davr Residence;Binar Group;+998 95 801 33 33;+998 99 644 44 42;https://t.me/davrresidence2;область;Зангиатинский район;"Ташкентская область, Зангиатинский район, улица ""Катта узбек тракти"", дом 5";41.235079;69.162473;41.235079, 69.162473;https://www.google.com/maps?q=41.235079,69.162473;https://yangiuylar.uz/novostroyka/davr-residence-46;строится;2026;2026;0;252;14;;6000000;;нет;0;0;;0;0;;нет данных (область);0;0;0;0;0;;0;4;1001;0;0;н/д;н/д;н/д;н/д;н/д;н/д;белая;да: 317 м;нет;да, рядом (рекомендуемая зона в 317 м);2026-10-05;2026-10-05
58;38;"заселён: 1 аренды / 9 продаж в 300 м; 564 квартир; сам ЖК в запретной зоне, рекомендуемая в 175 м";106;NRG-BI Botanika Saroyi;NRG-BI;1360;+998 93 180 02 61;https://t.me/BonuNRG_BI;город;Мирзо-Улугбекский район;г. Ташкент, Мирзо-Улугбекский район, улица Богишамол ( рядом с Ботаническим садом);41.349374;69.329934;41.349374, 69.329934;https://www.google.com/maps?q=41.349374,69.329934;https://yangiuylar.uz/novostroyka/botanika-saroyi-106;строится;2026;2026;0;564;16;;19950000;3/3/1/0;нет;1;1;800;9;7;75000;частично;0;1;0;0;3;Uzkabel, Гиждуван, Ульфатлар, Шашлычная;0;4;704;0;5;Wildberries;705;0;0;0;5;запретная;да: 175 м;да: 0 м;"да, рядом (рекомендуемая зона в 175 м; сам ЖК в запретной)";2026-10-05;2026-10-05
59;38;"заселён: 3 аренды / 1 продаж в 300 м; 450 квартир; сам ЖК в запретной зоне, рекомендуемая в 304 м; ПВЗ Uzum нет в 1 км";322;NRG Zamon;NRG-BI;+998 93 180 02 61;+998 93 180 02 61;https://t.me/BonuNRG_BI;город;Яшнабадский район;г. Ташкент, Яшнабадский район;41.25577;69.356372;41.255770, 69.356372;https://www.google.com/maps?q=41.255770,69.356372;https://yangiuylar.uz/novostroyka/nrg-zamon-322;строится;2026;2026;0;450;12;;12000000;4/6/4/4;нет;3;2;600;1;1;70000;частично;0;13;0;0;0;Радиорынок, Ремонт автостекол, Армейское обмундирование, Сантехника;0;5;1040;0;0;Ozon;1085;0;0;0;0;запретная;да: 304 м;да: 0 м;"да, рядом (рекомендуемая зона в 304 м; сам ЖК в запретной)";2026-10-05;2026-10-05
60;38;"объявлений рядом нет; 380 квартир; сдача 2027 (−); рекомендуемая зона в 248 м";132;Bunyodkor;New Modern House;+998 33 052 88 88;+998 99 117 66 66;https://t.me/officialmodernhouse;город;Яшнабадский район;Яшнобадский район, Бунёдкор МФЙ, улица муйнак 88-дом.;41.262548;69.326368;41.262548, 69.326368;https://www.google.com/maps?q=41.262548,69.326368;https://yangiuylar.uz/novostroyka/bunyodkor-132;строится;2027;2027;-1;380;8;;7000000;2/2/2/0;нет;0;0;;0;0;;нет;0;0;0;0;0;;0;7;787;0;3;Wildberries;786;0;0;0;4;белая;да: 248 м;нет;да, рядом (рекомендуемая зона в 248 м);2026-10-05;2026-10-05
61;37;"заселён: 25 аренды / 30 продаж в 300 м; 716 квартир; сдан 2025; сам ЖК в запретной зоне, рекомендуемая в 47 м; ПВЗ Uzum в 314 м (уже обслужен)";260;O'z Zamin;Golden House;+998 78 113 01 83;+998 78 113 02 64;https://t.me/GoldenHouseHelp_bot;город;Яшнабадский район;г. Ташкент, Яшнабадский район, Фаргона йули, дом 4, №5.2;41.281938;69.307351;41.281938, 69.307351;https://www.google.com/maps?q=41.281938,69.307351;https://yangiuylar.uz/novostroyka/o'z-zamin-260;сдан;2025;2025;1;716;15;;14000000;3/8/5/0;нет;25;11;700;30;24;86000.0;да;0;8;1;3;2;HiBlakkprintex, Dorihona, 777, DUR, Well Wood;0;5;314;1;9;Wildberries;318;0;1;0;4;запретная;да: 47 м;да: 0 м;"да, рядом (рекомендуемая зона в 47 м; сам ЖК в запретной)";2026-10-05;2026-10-05
62;37;"заселён: 21 аренды / 29 продаж в 300 м; 600 квартир; сдан 2025; сам ЖК в запретной зоне, рекомендуемая в 150 м; ПВЗ Uzum в 269 м (уже обслужен)";84;Assalom Sohil;Golden House;+998 78 113 02 12;+998 78 113 02 64;https://t.me/+998781501111;город;Яшнабадский район;г. Ташкент, Яшнабадский район ул, дом-27;41.282851;69.308015;41.282851, 69.308015;https://www.google.com/maps?q=41.282851,69.308015;https://yangiuylar.uz/novostroyka/assalom-sohil-84;сдан;2025;2025;1;600;16;;11500000;0/6/5/0;нет;21;11;700;29;24;86000;да;0;3;1;2;2;DUR, Well Wood, Bamboo, OXY MED, IMVITANO ASSOCIATION;0;5;269;1;10;Wildberries;412;0;0;0;5;запретная;да: 150 м;да: 0 м;"да, рядом (рекомендуемая зона в 150 м; сам ЖК в запретной)";2026-10-05;2026-10-05
63;36;"заселён: 7 аренды / 3 продаж в 300 м; 2 000 квартир; сдан 2026; сам ЖК в запретной зоне, рекомендуемая в 261 м; ПВЗ Uzum в 105 м (уже обслужен)";303;High Town City;TSC-HK-INVESTMENT;+998 95 681 81 81;+998 99 844 00 35;https://t.me/hightownmanager;город;Юнусабадский район;г. Ташкент, Юнусабадский район, улица Янги Шахар, 67;41.35638;69.310773;41.356380, 69.310773;https://www.google.com/maps?q=41.356380,69.310773;https://yangiuylar.uz/novostroyka/high-town-city-303;сдан;2026;2026;0;2000;16;;14500000;0/0/1/1;нет;7;5;700;3;3;86000;да;4;6;0;1;2;salohiddin universal, halilov mirhalil savdo, Imperial Capital, Flugger, Muhsina Dollor Somsa;0;2;105;2;3;Wildberries;1110;0;0;0;0;запретная;да: 261 м;да: 0 м;"да, рядом (рекомендуемая зона в 261 м; сам ЖК в запретной)";2026-10-05;2026-10-05
64;36;"заселён: 3 аренды / 9 продаж в 300 м; 558 квартир; сдан 2026; рекомендуемая зона; ПВЗ Uzum в 243 м (уже обслужен)";83;Assalom Bog'lar;Golden House;+998 78 150 11 11;+998 78 113 02 64;https://t.me/+998781501111;город;Мирзо-Улугбекский район;г. Ташкент, Мирзо-Улугбекский р-н, ул. Шахриобод, 53;41.347695;69.338213;41.347695, 69.338213;https://www.google.com/maps?q=41.347695,69.338213;https://yangiuylar.uz/novostroyka/assalom-bog'lar-83;сдан;2026;2026;0;558;15;;13600000;6/2/1/0;нет;3;1;700;9;5;86000;да;7;15;0;4;0;Legion Co, Пятерочка плюс 2, Шохина хуснидин, Шухрат голд Алиса, Шохрух нодир 1;0;6;243;1;6;Wildberries;19;0;1;0;7;рекомендуемая;да: 0 м;да: 5 м;да (ЖК в рекомендуемой зоне);2026-10-05;2026-10-05
65;35;"объявлений рядом нет; 600 квартир; рекомендуемая зона в 53 м; Wildberries в 56 м";93;Mening Uyim;Soud Grop;+998 99 745 74 54;+998 99 745 74 54;https://t.me/ChoshtepaSergeli;город;Учтепинский район;г. Ташкент, Сергелийский район, улица Чаштепа 74 Б;41.248224;69.209741;41.248224, 69.209741;https://www.google.com/maps?q=41.248224,69.209741;https://yangiuylar.uz/novostroyka/mening-uyim-93;строится;2026;2026;0;600;9;;8600000;19/7/3/0;нет;0;0;;0;0;;нет;0;0;0;0;0;;0;6;714;0;2;Wildberries;56;0;1;0;1;белая;да: 53 м;да: 347 м;да, рядом (рекомендуемая зона в 53 м);2026-10-05;2026-10-05
66;35;"заселён: 42 аренды / 16 продаж в 300 м; 500 квартир; сдача 2027 (−); сам ЖК в запретной зоне, рекомендуемая в 122 м; ПВЗ Uzum в 306 м (уже обслужен)";198;Oltintepa;World Class House;+998 77 371 70 44;+998 77 707 70 44;https://t.me/World_class_hous;город;Мирзо-Улугбекский район;г. Ташкент, Мирзо-Улугбекский район, улица Паркент 283;41.308604;69.337579;41.308604, 69.337579;https://www.google.com/maps?q=41.308604,69.337579;https://yangiuylar.uz/novostroyka/oltintepa-198;строится;2027;2027;-1;500;13;220;12000000;5/3/1/0;нет;42;26;725.0;16;9;105500.0;частично;4;10;2;0;0;Кузовные работы, ZOO Imperia, Royal Family Обои, Мебель Эталон, Maksumov Mirrors;1;5;306;1;5;Wildberries;716;0;0;0;2;запретная;да: 122 м;да: 0 м;"да, рядом (рекомендуемая зона в 122 м; сам ЖК в запретной)";2026-10-05;2026-10-05
67;35;"заселён: 25 аренды / 30 продаж в 300 м; 440 квартир; сдан 2026; сам ЖК в запретной зоне, рекомендуемая в 74 м; ПВЗ Uzum в 323 м (уже обслужен)";160;BI San'at;NRG-BI;+998 93 180 02 61;+998 93 180 02 61;https://t.me/BonuNRG_BI;город;Яшнабадский район;г. Ташкент, Яшнабадский район, улица Фергана йули, 27/3;41.283044;69.30653;41.283044, 69.306530;https://www.google.com/maps?q=41.283044,69.306530;https://yangiuylar.uz/novostroyka/san'at-160;сдан;2026;2026;0;440;16;;15000000;3/2/4/0;нет;25;11;700;30;25;87000.0;да;0;9;1;2;3;HiBlakkprintex, Хозмаг, 777, DUR, Well Wood;0;7;323;1;7;Wildberries;326;0;1;0;3;запретная;да: 74 м;да: 0 м;"да, рядом (рекомендуемая зона в 74 м; сам ЖК в запретной)";2026-10-05;2026-10-05
68;35;"заселён: 1 аренды / 0 продаж в 300 м; 312 квартир; сдача 2027 (−); сам ЖК в запретной зоне, рекомендуемая в 87 м";150;Vision;Neo House;+998 95 454 22 22;+998 95 454 22 22;https://t.me/Neo_House_Vision;город;Чиланзарский район;Ташкент, Чиланзарский район, ул.Арнасой-5А;41.28373;69.234009;41.283730, 69.234009;https://www.google.com/maps?q=41.283730,69.234009;https://yangiuylar.uz/novostroyka/vision-150;строится;2027;2027;-1;312;11;;16500000;6/1/2/6;нет;1;1;1000;0;0;;нет;0;24;1;1;11;PRO AUDIO, Баку, Мега стар трей, ДД Кофе Клаб, Emir;0;5;399;0;4;Wildberries;571;0;0;0;5;запретная;да: 87 м;да: 0 м;"да, рядом (рекомендуемая зона в 87 м; сам ЖК в запретной)";2026-10-05;2026-10-05
69;35;"по области объявлений почти нет; 252 квартир; сам ЖК в запретной зоне, рекомендуемая в 231 м";162;Karmagnit;Inter Drujba;+998 95 643 70 70;+998 93 543 50 50;https://t.me/Karmagnit_house;область;Пос. им. М. Фозилова;Тошкентская область, пос. ис. М.Фозилова;41.367444;69.178755;41.367444, 69.178755;https://www.google.com/maps?q=41.367444,69.178755;https://yangiuylar.uz/novostroyka/karmagnit-162;строится;2026;2026;0;252;12;;6500000;;нет;0;0;;0;0;;нет данных (область);0;0;0;0;0;;0;5;536;0;3;н/д;н/д;н/д;н/д;н/д;н/д;запретная;да: 231 м;да: 0 м;"да, рядом (рекомендуемая зона в 231 м; сам ЖК в запретной)";2026-10-05;2026-10-05
70;34;"заселён: 2 аренды / 9 продаж в 300 м; 700 квартир; сдача 2028 (−); белая зона";274;Jomiy Residence;Chinor Group Development;+998 99 943 00 07;+998 99 813 00 07;https://t.me/novastroyka01;город;Алмазарский район;г. Ташкент, Алмазарский район, улица Уста Ширин, 117;41.352363;69.257662;41.352363, 69.257662;https://www.google.com/maps?q=41.352363,69.257662;https://yangiuylar.uz/novostroyka/jomiy-residence-274;строится;2028;2028;-2;700;16;120;14000000;7/5/3/0;нет;2;1;900.0;9;7;95000;нет;0;3;0;0;0;Velomarket, Мебел на заказ, GLASS-EXPO;0;4;611;0;3;Wildberries;467;0;0;0;3;белая;нет;да: 13 м;нет (белая зона);2026-10-05;2026-10-05
71;34;"заселён: 37 аренды / 7 продаж в 300 м; 623 квартир; сдача 2027 (−); сам ЖК в запретной зоне, рекомендуемая в 301 м; ПВЗ Uzum в 141 м (уже обслужен)";252;Harizma;Golden House;+998 78 150 11 11;+998 78 113 02 64;https://t.me/GoldenHouseHelp_bot;город;Яшнабадский район;г. Ташкент, Яшнабадский район, улица Махтумкули, 136;41.304263;69.323079;41.304263, 69.323079;https://www.google.com/maps?q=41.304263,69.323079;https://yangiuylar.uz/novostroyka/harizma-252;строится;2027;2027;-1;623;16;;18000000;3/7/0/0;нет;37;26;750;7;6;119000;частично;2;4;0;0;0;ABSENT, Makro;0;2;141;1;3;Wildberries;1131;0;0;0;0;запретная;да: 301 м;да: 0 м;"да, рядом (рекомендуемая зона в 301 м; сам ЖК в запретной)";2026-10-05;2026-10-05
72;34;"заселён: 21 аренды / 3 продаж в 300 м; 361 квартир; сдан 2026; сам ЖК в запретной зоне, рекомендуемая в 105 м; ПВЗ Uzum в 209 м (уже обслужен)";124;SUN;Human2Human;+998 78 150 07 91;+998 78 150 07 68;https://t.me/Malika_h2h;город;Мирабадский район;Сайхун, 56/2;41.282509;69.302383;41.282509, 69.302383;https://www.google.com/maps?q=41.282509,69.302383;https://yangiuylar.uz/novostroyka/sun-124;сдан;2026;2026;0;361;14;;17000000;3/3/3/3;нет;21;15;800;3;2;120000;да;0;14;1;2;6;Mini market, Восток, Бешчинор кафе-столовая, HiBlakkprintex, Хозмаг;0;5;209;2;8;Wildberries;205;0;1;0;3;запретная;да: 105 м;да: 0 м;"да, рядом (рекомендуемая зона в 105 м; сам ЖК в запретной)";2026-10-05;2026-10-05
73;34;"заселён: 13 аренды / 0 продаж в 300 м; 232 квартир; сдан 2029; рекомендуемая зона; ПВЗ Uzum в 193 м (уже обслужен)";218;Brooklyn;Marokand's SKY;+998 78 133 88 88;+998 93 818 05 23;https://t.me/JKBrooklyn;город;Мирзо-Улугбекский район;г. Ташкент, Мирзо-Улугбекский район, улица Сайрам, 92;41.32838;69.319316;41.328380, 69.319316;https://www.google.com/maps?q=41.328380,69.319316;https://yangiuylar.uz/novostroyka/brooklyn-218;сдан;2029;2029;-3;232;18;;14000000;;нет;13;13;700;0;0;;да;2;4;2;0;0;ООО МУХАММАД АЗИЗ БИЗНЕС, Тиин, Ozon;0;;193;1;4;Ozon;215;1;0;0;6;рекомендуемая;да: 0 м;да: 18 м;да (ЖК в рекомендуемой зоне);2026-10-05;2026-10-05
74;33;"заселён: 55 аренды / 14 продаж в 300 м; 1 200 квартир; сам ЖК в запретной зоне, рекомендуемая в 339 м; ПВЗ Uzum в 103 м (уже обслужен); Ozon в 119 м";96;Bobur Residence;Silver Flex;+998 55 550 55 55;+998 55 550 55 55;https://t.me/br555505555;город;Яккасарайский район;г. Ташкент, Яккасарайский район, ул. Бабура-73;41.277649;69.259466;41.277649, 69.259466;https://www.google.com/maps?q=41.277649,69.259466;https://yangiuylar.uz/novostroyka/bobur-residence-96;строится;2026;2026;0;1200;16;;20000000;0/12/5/4;нет;55;35;1000;14;8;122250.0;частично;3;15;2;2;7;"продуктовый магазин ""Фортуна"", Токарный цех, Bek Osiyo, Арт-кафе Fortuna, Япоша";1;4;103;1;7;Ozon;119;1;0;0;4;запретная;да: 339 м;да: 0 м;"да, рядом (рекомендуемая зона в 339 м; сам ЖК в запретной)";2026-10-05;2026-10-05
75;33;"заселён: 29 аренды / 9 продаж в 300 м; 219 квартир; сдан 2024; сам ЖК в запретной зоне, рекомендуемая в 314 м; ПВЗ Uzum в 298 м (уже обслужен)";117;Yakkasaroy Palace;Elite Development;+998 94 607 11 11;+998 94 607 11 11;;город;Яккасарайский район;г.Ташкент, Яккасарайский р-н ул.А.Каххара 49;41.275121;69.262611;41.275121, 69.262611;https://www.google.com/maps?q=41.275121,69.262611;https://yangiuylar.uz/novostroyka/yakkasaroy-palace-117;сдан;2024;2024;2;219;12;;15500000;4/5/6/3;нет;29;21;1000;9;6;118000;да;0;12;0;3;6;Парикмахерская, SPARTAK SECURITY, Ренесанс трейд, Fish and Bread, Легион;0;5;298;1;4;Ozon;502;0;0;0;3;запретная;да: 314 м;да: 0 м;"да, рядом (рекомендуемая зона в 314 м; сам ЖК в запретной)";2026-10-05;2026-10-05
76;33;"заселён: 47 аренды / 39 продаж в 300 м; 126 квартир; сдан 2025; сам ЖК в запретной зоне, рекомендуемая в 195 м; ПВЗ Uzum в 220 м (уже обслужен)";290;Livingood;NovaStroy;+998 71 205 01 05;+998 93 501 55 55;https://t.me/livingood_manager;город;Яшнабадский район;г. Ташкент, Яшнабадский район, улица Махтумкули, 96/1;41.304486;69.308339;41.304486, 69.308339;https://www.google.com/maps?q=41.304486,69.308339;https://yangiuylar.uz/novostroyka/livingood-290;сдан;2025;2025;1;126;14;;23000000;;нет;47;28;750;39;17;128000;да;3;18;0;1;8;Сказка, Said Labz, Like Market, GCT group, Апельсин;0;2;220;1;3;Ozon;384;0;0;0;1;запретная;да: 195 м;да: 0 м;"да, рядом (рекомендуемая зона в 195 м; сам ЖК в запретной)";2026-10-05;2026-10-05
77;33;"заселён: 84 аренды / 38 продаж в 300 м; 81 квартир; сдан 2024; сам ЖК в запретной зоне, рекомендуемая в 65 м; ПВЗ Uzum в 144 м (уже обслужен)";50;Kushbegi Residence;OSC;+998 33 324 60 60;+998 97 450 77 99;;город;Яккасарайский район;г. Ташкент, Яккасарайский р-н. ул.Кушбеги 1;41.276409;69.244414;41.276409, 69.244414;https://www.google.com/maps?q=41.276409,69.244414;https://yangiuylar.uz/novostroyka/kushbegi-residence-50;сдан;2024;2024;2;81;17;;17800000;0/5/1/1;нет;84;39;850.0;38;12;105000.0;да;6;18;1;4;7;Зигир-ёг Ош, Супермаркет, Магазин, Diet Kafe, Мебель для офиса;0;8;144;1;4;Яндекс Маркет;126;1;1;1;7;запретная;да: 65 м;да: 0 м;"да, рядом (рекомендуемая зона в 65 м; сам ЖК в запретной)";2026-10-05;2026-10-05
78;32;"объявлений рядом нет; 300 квартир; рекомендуемая зона в 290 м; ПВЗ Uzum нет в 1 км";208;Alandalus;Renaissance Building Company;+998 90 244 44 44;+998 90 244 44 44;https://t.me/renaissance_building;город;Яшнабадский район;Новый Ташкентский район, улица Берег ветров;41.317487;69.45364;41.317487, 69.453640;https://www.google.com/maps?q=41.317487,69.453640;https://yangiuylar.uz/novostroyka/alandalus-208;строится;2026;2026;0;300;10;;9600000;;нет;0;0;;0;0;;нет;0;0;0;0;0;;0;15;1703;0;0;Wildberries;4735;0;0;0;0;белая;да: 290 м;нет;да, рядом (рекомендуемая зона в 290 м);2026-10-05;2026-10-05
79;32;"заселён: 18 аренды / 7 продаж в 300 м; 220 квартир; сдан 2025; сам ЖК в запретной зоне, рекомендуемая в 36 м; ПВЗ Uzum в 203 м (уже обслужен)";126;Darkhan Avenue;Darkhan Avenue;+998 71 200 06 08;+998 71 200 06 08;https://t.me/darkhan_avenue_1;город;Яшнабадский район;г. Ташкент, Яшнабадский район, улица Паркент-2, дом 21А;41.314367;69.305898;41.314367, 69.305898;https://www.google.com/maps?q=41.314367,69.305898;https://yangiuylar.uz/novostroyka/darkhan-avenue-126;сдан;2025;2025;1;220;12;;26000000;0/3/1/1;нет;18;13;1000.0;7;3;170000;да;0;6;0;0;1;чайхана, Эдельвейс сервис, Хатамова Н. К, NL International, M Cosmetic;0;4;203;1;5;Ozon;237;1;0;0;2;запретная;да: 36 м;да: 0 м;"да, рядом (рекомендуемая зона в 36 м; сам ЖК в запретной)";2026-10-05;2026-10-05
80;32;"по области объявлений почти нет; 187 квартир; сдача 2028 (−); сам ЖК в запретной зоне, рекомендуемая в 51 м";326;Keles Residence;Keles Residence;+998 95 519 55 55;+998 95 519 55 55;https://t.me/kelesresidence;область;Ташкентский район;Ташкентский область, Ташкентский район, Ифтихор МФЙ, улица Келес йули, 87;41.402592;69.208779;41.402592, 69.208779;https://www.google.com/maps?q=41.402592,69.208779;https://yangiuylar.uz/novostroyka/keles-residence-326;строится;2028;2028;-2;187;12;169;10000000;2/3/0/0;нет;0;0;;0;0;;нет данных (область);0;0;0;0;0;;0;;848;0;2;н/д;н/д;н/д;н/д;н/д;н/д;запретная;да: 51 м;да: 0 м;"да, рядом (рекомендуемая зона в 51 м; сам ЖК в запретной)";2026-10-05;2026-10-05
81;32;"заселён: 88 аренды / 33 продаж в 300 м; 100 квартир; сдан 2025; сам ЖК в запретной зоне, рекомендуемая в 8 м; ПВЗ Uzum в 307 м (уже обслужен)";5;Regnum Plaza;Murad Buildings;+998 78 122 88 22;+998 78 122 88 22;https://t.me/Madina_MuradBuildings;город;Мирзо-Улугбекский район;Мирзо-Улугбекский, Сайрам улица, Сайрам махалля;41.331662;69.323757;41.331662, 69.323757;https://www.google.com/maps?q=41.331662,69.323757;https://yangiuylar.uz/novostroyka/regnum-plaza-5;сдан;2025;2025;1;100;15;;;2/5/6/2;нет;88;70;850.0;33;19;170000;да;1;4;1;0;3;У Сейрана, мараканда тревел, Мега тред лайн, Рухшона омад групп 1, Yaponamama;0;9;307;1;6;Ozon;385;0;0;0;7;запретная;да: 8 м;да: 0 м;"да, рядом (рекомендуемая зона в 8 м; сам ЖК в запретной)";2026-10-05;2026-10-05
82;31;"заселён: 15 аренды / 14 продаж в 300 м; 300 квартир; сдача 2027 (−); рекомендуемая зона; ПВЗ Uzum в 313 м (уже обслужен)";251;Fazo;Xon Saroy;+998 71 200 74 00;+998 71 200 74 00;https://t.me/xonsaroy_bot;город;Мирабадский район;г. Ташкент, Мирабадский район, МФЙ Тонг Юлдузи, улица Фаргона йули, 24;41.289873;69.29923;41.289873, 69.299230;https://www.google.com/maps?q=41.289873,69.299230;https://yangiuylar.uz/novostroyka/fazo-251;строится;2027;2027;-1;300;10;;16380000;3/2/0/0;нет;15;8;650;14;11;97500.0;частично;6;19;2;1;8;"Плов у Шавкат-ака, Xitoycha lazzati, 해들이식당, Tandoor, Оптовик ""Тошкент шароб савдо""";1;4;313;1;6;Ozon;977;0;0;0;2;рекомендуемая;да: 0 м;да: 73 м;да (ЖК в рекомендуемой зоне);2026-10-05;2026-10-05
83;31;"заселён: 68 аренды / 9 продаж в 300 м; 290 квартир; сдача 2028 (−); сам ЖК в запретной зоне, рекомендуемая в 278 м; ПВЗ Uzum в 156 м (уже обслужен)";155;Moskva;Diamond Castle;+998 91 011 11 11;+998 91 011 11 11;https://t.me/diamondcastle_sales;город;Мирзо-Улугбекский район;Ташкент, пересечение ул. Аккурган и Осие;41.324779;69.303681;41.324779, 69.303681;https://www.google.com/maps?q=41.324779,69.303681;https://yangiuylar.uz/novostroyka/moskva-155;строится;2028;2028;-2;290;12;;31600000;2/6/8/3;нет;68;25;900.0;9;2;150000;частично;8;23;0;6;8;Химчистка, 2012, Baldinini, Меланж (фурнитура), Bon!;0;3;156;2;7;Ozon;463;0;0;0;5;запретная;да: 278 м;да: 0 м;"да, рядом (рекомендуемая зона в 278 м; сам ЖК в запретной)";2026-10-05;2026-10-05
84;31;"заселён: 35 аренды / 7 продаж в 300 м; 280 квартир; сдача 2027 (−); сам ЖК в запретной зоне, рекомендуемая в 266 м; ПВЗ Uzum в 105 м (уже обслужен)";115;Zilan Residence;Zilan Residence;+998 33 761 99 99;+998 33 761 99 99;https://t.me/ZilanResidence_e;город;Яшнабадский район;г. Ташкент. Яшнабадский район. Улица Махтумкули-87 дом;41.304505;69.32177;41.304505, 69.321770;https://www.google.com/maps?q=41.304505,69.321770;https://yangiuylar.uz/novostroyka/zilan-residence-115;строится;2027;2027;-1;280;12;;14600000;2/2/2/1;нет;35;24;750;7;6;119000;частично;2;5;0;0;2;ABSENT, Avtoritet, Makro;0;5;105;1;3;Ozon;1086;0;0;0;0;запретная;да: 266 м;да: 0 м;"да, рядом (рекомендуемая зона в 266 м; сам ЖК в запретной)";2026-10-05;2026-10-05
85;31;"объявлений рядом нет; 164 квартир; рекомендуемая зона; Wildberries в 76 м; магазинов у подъезда: 1";184;Dreamland Aeroport;Dreamland Development;+998 78 148 02 89;+998 78 148 02 89;https://t.me/Xilola_dd9;город;Сергелийский район;г. Ташкент, Сергелийский район, улица Кумарик 29;41.249891;69.256054;41.249891, 69.256054;https://www.google.com/maps?q=41.249891,69.256054;https://yangiuylar.uz/novostroyka/dreamland-aeroport-184;строится;2026;2026;0;164;9;;13200000;5/9/2/0;нет;0;0;;0;0;;нет;1;2;0;0;0;Ultrashop;0;7;754;0;1;Wildberries;76;0;1;0;2;рекомендуемая;да: 0 м;да: 285 м;да (ЖК в рекомендуемой зоне);2026-10-05;2026-10-05
86;31;"заселён: 10 аренды / 2 продаж в 300 м; 80 квартир; сдан 2026; рекомендуемая зона; ПВЗ Uzum в 334 м (уже обслужен)";158;NRG Flagman;NRG-BI;+998 93 180 02 61;+998 93 180 02 61;https://t.me/BonuNRG_BI;город;Мирзо-Улугбекский район;г. Ташкент, улица Мухаммада Юсуфа, 54;41.321892;69.327248;41.321892, 69.327248;https://www.google.com/maps?q=41.321892,69.327248;https://yangiuylar.uz/novostroyka/flagman-158;сдан;2026;2026;0;80;16;;13200000;0/1/3/2;нет;10;7;725.0;2;1;154000.0;да;2;19;0;0;3;Mig Bistro, Аброр, Ломбард, Глобал комплект, СтарШоп;0;4;334;1;6;Wildberries;158;1;1;0;13;рекомендуемая;да: 0 м;да: 27 м;да (ЖК в рекомендуемой зоне);2026-10-05;2026-10-05
87;31;"заселён: 12 аренды / 12 продаж в 300 м; 49 квартир; сдан 2026; сам ЖК в запретной зоне, рекомендуемая в 143 м; ПВЗ Uzum в 334 м (уже обслужен)";204;New Mahall;New Mahal;+998 93 931 33 33;+998 90 069 77 78;https://t.me/NewMahall;город;Мирзо-Улугбекский район;г. Ташкент, Мирзо-Улугбекский район, улица Катта Дархон 17;41.331819;69.311142;41.331819, 69.311142;https://www.google.com/maps?q=41.331819,69.311142;https://yangiuylar.uz/novostroyka/new-mahall-204;сдан;2026;2026;0;49;8;;17000000;;нет;12;9;900.0;12;10;122000.0;да;1;13;0;0;3;Audi Center Tashkent, САЛАР, Motoroil.uz - масла Total и автохимия, Cola RC, Замена масла ENOC by InRent;0;7;334;1;4;Wildberries;550;0;0;0;5;запретная;да: 143 м;да: 0 м;"да, рядом (рекомендуемая зона в 143 м; сам ЖК в запретной)";2026-10-05;2026-10-05
88;30;"заселён: 21 аренды / 6 продаж в 300 м; 488 квартир; сдача 2027 (−); сам ЖК в запретной зоне, рекомендуемая в 253 м; ПВЗ Uzum в 226 м (уже обслужен)";331;Aviapark;DN Group;+998 77 244 55 55;+998 77 244 55 55;https://t.me/dn_groupuzbekistan;город;Яшнабадский район;город Ташкент, Яшнабадский район, улица Авиасозлар, 22;41.292481;69.334381;41.292481, 69.334381;https://www.google.com/maps?q=41.292481,69.334381;https://yangiuylar.uz/novostroyka/aviapark-331;строится;2027;2027;-1;488;16;100;14900000;1/2/3/2;нет;21;2;600;6;0;66400.0;частично;1;3;0;5;1;"Аптека №38, ООО ""HERBION TOSHKENT"", магазин Шахзодхо’жа, Укол медсестра 2020, M Cosmetic";0;5;226;1;6;Яндекс Маркет;54;0;0;1;7;запретная;да: 253 м;да: 0 м;"да, рядом (рекомендуемая зона в 253 м; сам ЖК в запретной)";2026-10-05;2026-10-05
89;30;"заселён: 37 аренды / 7 продаж в 300 м; 462 квартир; сам ЖК в запретной зоне, рекомендуемая в 236 м; ПВЗ Uzum в 102 м (уже обслужен); магазинов у подъезда: 2";153;Turon;Renaissance Building Company;+998 78 333 33 31;+998 90 244 44 44;https://t.me/rbcompanyuzchat;город;Яшнабадский район;г. Ташкент, улица Махтумкули, 85/1;41.304933;69.323341;41.304933, 69.323341;https://www.google.com/maps?q=41.304933,69.323341;https://yangiuylar.uz/novostroyka/turon-153;строится;2026;2026;0;462;7;;15500000;1/5/0/0;нет;37;26;750;7;6;119000;частично;2;5;0;0;0;Stena, ABSENT, Makro;0;2;102;1;3;Wildberries;1055;0;0;0;0;запретная;да: 236 м;да: 0 м;"да, рядом (рекомендуемая зона в 236 м; сам ЖК в запретной)";2026-10-05;2026-10-05
90;30;"заселён: 9 аренды / 1 продаж в 300 м; 438 квартир; сдан 2023; сам ЖК в запретной зоне, рекомендуемая в 156 м; ПВЗ Uzum в 338 м (уже обслужен)";108;Yunusabad Residence;Yunusabad Residence;+998 55 512 22 22;+998 55 512 22 22;https://t.me/Yunusabad_Residence;город;Юнусабадский район;Юнусабадский район, 4 квартал дом 88. Ориентир посольство США;41.370748;69.275278;41.370748, 69.275278;https://www.google.com/maps?q=41.370748,69.275278;https://yangiuylar.uz/novostroyka/yunusabad-residence-108;сдан;2023;2023;3;438;9;;21000000;1/2/2/0;нет;9;5;800;1;1;125000;да;1;18;1;2;7;OXY med, Диёр, Магазин, Cafe Prince, Кафе;1;3;338;1;7;Wildberries;354;0;0;0;6;запретная;да: 156 м;да: 0 м;"да, рядом (рекомендуемая зона в 156 м; сам ЖК в запретной)";2026-10-05;2026-10-05
91;30;"заселён: 8 аренды / 5 продаж в 300 м; 160 квартир; сдан 2025; рекомендуемая зона; ПВЗ Uzum в 260 м (уже обслужен)";52;Gorod;Mirador Group;+998 78 777 66 66;+998 78 777 66 66;https://t.me/GOROD_JK;город;Яшнабадский район;г. Ташкент, Яшнабадский р-н, Мавлоно Риёзий 2;41.313626;69.32009;41.313626, 69.320090;https://www.google.com/maps?q=41.313626,69.320090;https://yangiuylar.uz/novostroyka/gorod-52;сдан;2025;2025;1;160;10;;15500000;4/4/6/0;нет;8;5;675.0;5;3;86900;да;0;17;0;2;11;У Влада, Petrovic, Zamin Pharm, Izumrudniy, у Лили;0;5;260;1;6;Wildberries;269;0;2;0;6;рекомендуемая;да: 0 м;да: 16 м;да (ЖК в рекомендуемой зоне);2026-10-05;2026-10-05
92;29;"заселён: 15 аренды / 0 продаж в 300 м; 429 квартир; сдача 2027 (−); рекомендуемая зона; ПВЗ Uzum в 277 м (уже обслужен)";319;NRG-BI 4U Tashkent;NRG-BI;1360;+998 93 180 02 61;https://t.me/BonuNRG_BI;город;Мирзо-Улугбекский район;г. Ташкент, Мирзо-Улугбекский район;41.327276;69.318679;41.327276, 69.318679;https://www.google.com/maps?q=41.327276,69.318679;https://yangiuylar.uz/novostroyka/nrg-bi-4u-tashkent-319;строится;2027;2027;-1;429;25;;24000000;4/7/4/3;нет;15;13;700;0;0;;частично;0;6;2;0;0;UzMobile, ООО МУХАММАД АЗИЗ БИЗНЕС, Тиин, Góje Dúkán, Ozon;0;10;277;1;3;Ozon;300;1;0;0;6;рекомендуемая;да: 0 м;да: 104 м;да (ЖК в рекомендуемой зоне);2026-10-05;2026-10-05
93;29;"объявлений рядом нет; 370 квартир; сдача 2028 (−); белая зона; магазинов у подъезда: 1";250;Ramazon;Xon Saroy;+998 71 200 74 00;+998 71 200 74 00;https://t.me/xonsaroy_bot;город;Яшнабадский район;г. Ташкент, Яшнабадский район, улица Хонободтепа, рядом метро 5-бекат;41.265463;69.364061;41.265463, 69.364061;https://www.google.com/maps?q=41.265463,69.364061;https://yangiuylar.uz/novostroyka/ramazon-250;строится;2028;2028;-2;370;10;;15600000;0/8/2/0;нет;0;0;;0;0;;нет;1;5;0;0;2;Artel, Миллий таомлар, Rohat, Подбор автокрасок и автокосметика, Mediapark;0;4;404;0;3;Ozon;801;0;0;0;1;белая;нет;да: 106 м;нет (белая зона);2026-10-05;2026-10-05
94;29;"заселён: 8 аренды / 5 продаж в 300 м; 224 квартир; сдан 2026; сам ЖК в запретной зоне, рекомендуемая в 243 м; ПВЗ Uzum в 182 м (уже обслужен)";268;Joziba;Ziynat Capital;+998 33 474 33 33;+998 33 474 33 33;https://t.me/ej_o7o1;город;Чиланзарский район;г. Ташкент, Чиланзарский район, улица Катартал, 7-квартал, 45А;41.295184;69.210728;41.295184, 69.210728;https://www.google.com/maps?q=41.295184,69.210728;https://yangiuylar.uz/novostroyka/joziba-268;сдан;2026;2026;0;224;8;88;15500000;2/6/4/0;нет;8;0;625.0;5;0;59500;да;2;25;2;1;12;Jizzax Fayz, МИКСМАРКЕТ, Дом Книги, Хот лет хаус, Terra Pro;0;10;182;1;8;Яндекс Маркет;218;0;0;1;10;запретная;да: 243 м;да: 0 м;"да, рядом (рекомендуемая зона в 243 м; сам ЖК в запретной)";2026-10-05;2026-10-05
95;29;"заселён: 2 аренды / 13 продаж в 300 м; 191 квартир; сдача 2027 (−); белая зона";159;Sad'o;NRG-BI;1360;+998 93 180 02 61;https://t.me/BonuNRG_BI;город;Яшнабадский район;г. Ташкент, р. Яшнабадский, ул. Паркентская;41.303619;69.344739;41.303619, 69.344739;https://www.google.com/maps?q=41.303619,69.344739;https://yangiuylar.uz/novostroyka/sad'o-159;строится;2027;2027;-1;191;9;;14500000;1/5/5/0;нет;2;2;800.0;13;11;93000;частично;0;2;0;0;3;Пирожковая, Банкетный зал, Ceramic Pro, Шош ресторан;0;1;354;0;3;Wildberries;439;0;0;0;3;белая;нет;да: 64 м;нет (белая зона);2026-10-05;2026-10-05
96;29;"по области объявлений почти нет; 99 квартир; белая зона; магазинов у подъезда: 1";178;New House Chirchiq;New House;+998 77 168 68 68;+998 77 168 68 68;https://t.me/nh_chirchik;область;г. Чиpчик;область Ташкент, район Чирчик, улица Амир Темур, дом 27;41.463088;69.565222;41.463088, 69.565222;https://www.google.com/maps?q=41.463088,69.565222;https://yangiuylar.uz/novostroyka/new-house-chirchiq-178;строится;2026;2026;0;99;10;;6710000;6/13/0/0;нет;0;0;;0;0;;нет данных (область);1;1;0;0;1;Shabada;0;10;431;0;1;н/д;н/д;н/д;н/д;н/д;н/д;белая;нет;да: 22 м;нет (белая зона);2026-10-05;2026-10-05
97;28;"объявлений рядом нет; 3 974 квартир; сдан 2026; сам ЖК в запретной зоне, рекомендуемая в 183 м; ПВЗ Uzum в 158 м (уже обслужен)";199;Yangi O’zbekiston Massivi;Tower Up;+998 55 520 98 98;+998 55 520 98 98;https://t.me/tower_up;город;Сергелийский район;г. Ташкент, Сергелийский район, Кухна Кумарык МФЙ, улица КХАЙ;41.240881;69.255473;41.240881, 69.255473;https://www.google.com/maps?q=41.240881,69.255473;https://yangiuylar.uz/novostroyka/yangi-o'zbekiston-massivi-199;сдан;2026;2026;0;3974;16;2470;14000000;2/3/4/0;нет;0;0;;0;0;;нет;0;0;0;0;0;;0;11;158;1;2;Wildberries;469;0;0;0;1;запретная;да: 183 м;да: 0 м;"да, рядом (рекомендуемая зона в 183 м; сам ЖК в запретной)";2026-10-05;2026-10-05
98;28;"заселён: 91 аренды / 8 продаж в 300 м; 162 квартир; сам ЖК в запретной зоне, рекомендуемая в 243 м; ПВЗ Uzum в 205 м (уже обслужен); Wildberries в 87 м";142;Venera Residence;NAU COMPANY;+998 99 121 11 17;+998 99 121 11 17;https://t.me/VeneraResidence;город;Мирабадский район;Мирабадский район, улица Тараса Шевченко 26;41.300629;69.276349;41.300629, 69.276349;https://www.google.com/maps?q=41.300629,69.276349;https://yangiuylar.uz/novostroyka/venera-residence-142;строится;2026;2026;0;162;13;;31860000;1/5/4/0;нет;91;36;1200;8;2;385000.0;частично;18;38;2;4;16;сеть аптек 03, IlPerfetto, Бывший Uzbegim (ориентир), Зенит, Afsona;0;3;205;1;7;Wildberries;87;0;1;0;8;запретная;да: 243 м;да: 0 м;"да, рядом (рекомендуемая зона в 243 м; сам ЖК в запретной)";2026-10-05;2026-10-05
99;28;"по области объявлений почти нет; 105 квартир; сам ЖК в запретной зоне, рекомендуемая в 76 м";312;Sokin Maskan;Sokin Maskan;+998 88 872 42 42;+998 88 872 42 42;https://t.me/SokinMaskan_official;область;г.Нурафшан;Ташкентская область, город Нурафшан, улица Ислама Каримова, 44;41.014832;69.359452;41.014832, 69.359452;https://www.google.com/maps?q=41.014832,69.359452;https://yangiuylar.uz/novostroyka/sokin-maskan-312;строится;2026;2026;0;105;5;;4400000;1/1/1/0;нет;0;0;;0;0;;нет данных (область);0;1;0;0;0;Nurafshon Avtosentr;0;;482;0;1;н/д;н/д;н/д;н/д;н/д;н/д;запретная;да: 76 м;да: 0 м;"да, рядом (рекомендуемая зона в 76 м; сам ЖК в запретной)";2026-10-05;2026-10-05
100;27;"объявлений рядом нет; 991 квартир; сдан 2026; сам ЖК в запретной зоне, рекомендуемая в 328 м; ПВЗ Uzum в 115 м (уже обслужен)";73;Depo Residence;Depo Residence;+998 99 373 88 88;+998 99 373 88 88;https://t.me/depo_residence;город;Учтепинский район;г. Ташкент, Учтепинский р-н, улица Лутфий 57 а;41.273081;69.171013;41.273081, 69.171013;https://www.google.com/maps?q=41.273081,69.171013;https://yangiuylar.uz/novostroyka/depo-residence-73;сдан;2026;2026;0;991;9;;11500000;6/8/5/0;нет;0;0;;0;0;;нет;2;7;1;0;8;мингурик, Катта Қаъни Автосервис, Indenim, Oqtepa Lavash, Bellissimo;1;2;115;1;7;Wildberries;367;0;0;0;1;запретная;да: 328 м;да: 0 м;"да, рядом (рекомендуемая зона в 328 м; сам ЖК в запретной)";2026-10-05;2026-10-05
101;27;"заселён: 0 аренды / 2 продаж в 300 м; 543 квартир; сдан 2026; рекомендуемая зона; ПВЗ Uzum в 280 м (уже обслужен)";136;Furqat Residence;New Zealand;+998 77 123 02 03;+998 77 123 02 03;https://t.me/newzealand_uz;город;Мирабадский район;г. Ташкент, Мирабадский р-н, ул. Эски Сарикул 113/10;41.273982;69.301718;41.273982, 69.301718;https://www.google.com/maps?q=41.273982,69.301718;https://yangiuylar.uz/novostroyka/new-zealand-136;сдан;2026;2026;0;543;16;;16000000;5/2/2/1;нет;0;0;;2;0;64250.0;частично;1;11;0;1;4;"""Centr"" kafe, Артёмка, Феликс алфа, Фарух назир, Феликс Алфа";0;6;280;1;8;Wildberries;381;0;0;0;7;рекомендуемая;да: 0 м;да: 27 м;да (ЖК в рекомендуемой зоне);2026-10-05;2026-10-05
102;27;"заселён: 17 аренды / 2 продаж в 300 м; 507 квартир; сдача 2027 (−); сам ЖК в запретной зоне, рекомендуемая в 310 м; ПВЗ Uzum в 148 м (уже обслужен)";109;Trinity;B.Invest Development;+998 71 230 13 31;+998 71 230 13 31;;город;Юнусабадский район;Юнусабаский район, Улица Чинабад, 49;41.35769;69.316123;41.357690, 69.316123;https://www.google.com/maps?q=41.357690,69.316123;https://yangiuylar.uz/novostroyka/trinity-109;строится;2027;2027;-1;507;16;;16000000;3/3/2/0;нет;17;8;600;2;0;102250.0;частично;0;1;0;0;0;Yodgorov;0;4;148;1;3;Wildberries;721;0;0;0;1;запретная;да: 310 м;да: 0 м;"да, рядом (рекомендуемая зона в 310 м; сам ЖК в запретной)";2026-10-05;2026-10-05
103;26;"заселён: 2 аренды / 4 продаж в 300 м; 521 квартир; сдан 2026; сам ЖК в запретной зоне, рекомендуемая в 266 м; ПВЗ Uzum в 97 м (уже обслужен)";22;Zaytunli;Zaytunli;+998 95 773 80 80;+998 78 113 80 80;https://t.me/zaytunli;город;Яшнабадский район;Улица Ахсикат, Яшнабадский район, г. Ташкент, Узбекистан;41.289687;69.313321;41.289687, 69.313321;https://www.google.com/maps?q=41.289687,69.313321;https://yangiuylar.uz/novostroyka/zaytunli-22;сдан;2026;2026;0;521;11;;12000000;3/10/7/0;нет;2;0;600.0;4;3;110500.0;частично;3;11;0;3;1;La qobil, Madirimova X.S, фотостудия Sweethomestudio, Сомса, Baku market;0;10;97;1;4;Wildberries;106;0;2;0;2;запретная;да: 266 м;да: 0 м;"да, рядом (рекомендуемая зона в 266 м; сам ЖК в запретной)";2026-10-05;2026-10-05
104;26;"заселён: 19 аренды / 2 продаж в 300 м; 252 квартир; сдача 2027 (−); сам ЖК в запретной зоне, рекомендуемая в 108 м; ПВЗ Uzum в 289 м (уже обслужен)";311;Aurum;Great House;+998 94 084 55 55;+998 99 713 55 55;https://t.me/aurum_manageer1;город;Алмазарский район;г. Ташкент, Алмазарский район, махалля Мискин, малая кольцевая дорога, дом 5A;41.348591;69.247142;41.348591, 69.247142;https://www.google.com/maps?q=41.348591,69.247142;https://yangiuylar.uz/novostroyka/aurum-311;строится;2027;2027;-1;252;12;100;14000000;11/2/1/0;нет;19;11;700;2;0;79000.0;частично;1;2;0;0;3;Oq Tepa Lavash, хон боги чайхана, Автосервис, Xon Bog'i;0;5;289;1;4;Wildberries;0;0;1;0;4;запретная;да: 108 м;да: 0 м;"да, рядом (рекомендуемая зона в 108 м; сам ЖК в запретной)";2026-10-05;2026-10-05
105;26;"объявлений рядом нет; 162 квартир; сдача 2027 (−); белая зона";223;New Life Darkhon;Imorat House;+998 95 373 99 99;+998 95 373 99 99;https://t.me/imorat_house_bot;город;Янгихаётский район;г. Ташкент, Янгихаётский район, Янги Дархон МФЙ, улица Навруз, 310;41.212966;69.186599;41.212966, 69.186599;https://www.google.com/maps?q=41.212966,69.186599;https://yangiuylar.uz/novostroyka/new-life-darkhon-223;строится;2027;2027;-1;162;9;;7800000;4/1/0/0;нет;0;0;;0;0;;нет;0;0;0;0;0;;0;12;572;0;4;Яндекс Маркет;588;0;0;0;3;белая;нет;да: 237 м;нет (белая зона);2026-10-05;2026-10-05
106;25;"заселён: 2 аренды / 0 продаж в 300 м; 350 квартир; сдан 2027; сам ЖК в запретной зоне, рекомендуемая в 125 м; ПВЗ Uzum в 99 м (уже обслужен)";262;Diamond City;Diamond City;+998 88 230 30 30;+998 88 230 30 30;https://t.me/DIAMONDCITY3030;город;Юнусабадский район;г. Ташкент, Юнусабадский район, улица Чинабад, 57;41.354133;69.300407;41.354133, 69.300407;https://www.google.com/maps?q=41.354133,69.300407;https://yangiuylar.uz/novostroyka/diamond-city-262;сдан;2027;2027;-1;350;10;;14000000;0/4/1/0;нет;2;0;700.0;0;0;;частично;8;11;1;1;1;Dorixona, legal grand max, Santini, akmaljon alisherbek, Husan chinobot savdo;0;6;99;1;2;Wildberries;1186;0;0;0;0;запретная;да: 125 м;да: 0 м;"да, рядом (рекомендуемая зона в 125 м; сам ЖК в запретной)";2026-10-05;2026-10-05
107;25;"объявлений рядом нет; 93 квартир; сдача 2027 (−); белая зона; ПВЗ Uzum нет в 1 км";305;D-CASA;Dream Level;+998 77 373 47 77;+998 77 373 47 77;https://t.me/DreamLevel2025;город;Мирзо-Улугбекский район;г. Ташкент, Мирзо-Улугбекский район, Алишеробод МФЙ;41.33037;69.40136;41.330370, 69.401360;https://www.google.com/maps?q=41.330370,69.401360;https://yangiuylar.uz/novostroyka/d-casa-305;строится;2027;2027;-1;93;4;;14625000;;нет;0;0;;0;0;;нет;1;1;0;0;0;Легенда бизнес;0;;1091;0;0;Wildberries;1532;0;0;0;0;белая;нет;да: 117 м;нет (белая зона);2026-10-05;2026-10-05
108;25;"объявлений рядом нет; 63 квартир; белая зона; магазинов у подъезда: 5";271;Broadway Plaza;The Pirzada Group;+998 90 109 30 00;+998 90 133 30 33;https://t.me/TPGofficebroadway;город;Шайхантахурский район;"г. Ташкент, Мирабадский район, улица Матбуотчилар, ориентир ТЦ ""Poytaxt""";41.311127;69.27558;41.311127, 69.275580;https://www.google.com/maps?q=41.311127,69.275580;https://yangiuylar.uz/novostroyka/broadway-plaza-271;строится;2026;2026;0;63;8;;36600000;22/0/0/0;да;0;0;;0;0;;нет;5;16;2;0;17;Florya, Торговый центр Пойтахт, ДЕМИР, Zara, Навват;0;5;654;0;3;Wildberries;733;0;0;0;6;белая;нет;нет;нет (белая зона);2026-10-05;2026-10-05
109;24;"заселён: 0 аренды / 2 продаж в 300 м; 1 000 квартир; сдан 2023; сам ЖК в запретной зоне, рекомендуемая в 67 м; ПВЗ Uzum в 241 м (уже обслужен)";67;Yangi qo’shnilar;BM Group;+998 93 002 00 77;+998 93 002 00 77;https://t.me/bmgroupuzbekistan;город;Сергелийский район;г. Ташкент, Сергелийского район, Янги Шоштепа Юнарик,;41.23847;69.195451;41.238470, 69.195451;https://www.google.com/maps?q=41.238470,69.195451;https://yangiuylar.uz/novostroyka/yangi-qo'shnilar-67;сдан;2023;2023;3;1000;16;;;;нет;0;0;;2;0;61500.0;частично;0;2;0;0;0;;0;7;241;1;4;Яндекс Маркет;947;0;0;0;1;запретная;да: 67 м;да: 0 м;"да, рядом (рекомендуемая зона в 67 м; сам ЖК в запретной)";2026-10-05;2026-10-05
110;24;"заселён: 7 аренды / 1 продаж в 300 м; 726 квартир; сдача 2027 (−); сам ЖК в запретной зоне, рекомендуемая в 262 м; ПВЗ Uzum в 105 м (уже обслужен)";310;Mirabad Residence;DISCUS FLOUR;+998 78 333 33 35;+998 77 402 33 35;https://t.me/mirabad_manager;город;Мирабадский район;г. Ташкент, Мирабадский район, улица Олтинкул, 22;41.274721;69.308671;41.274721, 69.308671;https://www.google.com/maps?q=41.274721,69.308671;https://yangiuylar.uz/novostroyka/mirabad-residence-310;строится;2027;2027;-1;726;11;;14000000;;нет;7;1;550;1;0;119000;частично;3;35;1;6;12;ETALON MEBEL, Торты Smak Pastry, Eleanora, MS Market, Зоомагазин;0;5;105;2;8;Яндекс Маркет;181;0;0;1;5;запретная;да: 262 м;да: 0 м;"да, рядом (рекомендуемая зона в 262 м; сам ЖК в запретной)";2026-10-05;2026-10-05
111;24;"заселён: 10 аренды / 1 продаж в 300 м; 360 квартир; сам ЖК в запретной зоне, рекомендуемая в 31 м; ПВЗ Uzum в 177 м (уже обслужен); магазинов у подъезда: 4";193;Parkent Gardens;Parkent Development;+998 78 113 63 33;+998 78 113 63 33;https://t.me/Parkentgardens_Shohsanam;город;Яшнабадский район;г. Ташкент , Яшнабадский район , Улица Сандикли ,52;41.310433;69.327383;41.310433, 69.327383;https://www.google.com/maps?q=41.310433,69.327383;https://yangiuylar.uz/novostroyka/parkent-gardens-193;строится;2026;2026;0;360;9;49;14000000;2/6/5/0;нет;10;0;725.0;1;0;83000;частично;4;16;3;4;6;"Автомастерские, 222, OOO ""LILIYA LUKS"", Пенная, Санора";3;;177;1;6;Ozon;396;0;0;0;4;запретная;да: 31 м;да: 0 м;"да, рядом (рекомендуемая зона в 31 м; сам ЖК в запретной)";2026-10-05;2026-10-05
112;23;"заселён: 0 аренды / 3 продаж в 300 м; 2 300 квартир; сдача 2027 (−); сам ЖК в запретной зоне, рекомендуемая в 74 м; ПВЗ Uzum в 252 м (уже обслужен)";308;Golden Lake;Centris Development;+998 55 000 44 44;+998 55 000 44 44;https://t.me/Goldenlake1;город;Мирабадский район;г. Ташкент, Мирабадский район, улица Алтынкуль, 109;41.27157;69.302554;41.271570, 69.302554;https://www.google.com/maps?q=41.271570,69.302554;https://yangiuylar.uz/novostroyka/golden-lake-308;строится;2027;2027;-1;2300;16;;19000000;1/1/1/0;нет;0;0;;3;0;56500;нет;6;17;1;6;4;"Озик-Овкатлар, Tegen, Arzon Dorixona, 5+ Dorixona, ""Centr"" kafe";0;9;252;1;7;Wildberries;115;0;2;0;4;запретная;да: 74 м;да: 0 м;"да, рядом (рекомендуемая зона в 74 м; сам ЖК в запретной)";2026-10-05;2026-10-05
113;23;"заселён: 1 аренды / 0 продаж в 300 м; 1 250 квартир; сдан 2026; сам ЖК в запретной зоне, рекомендуемая в 93 м; ПВЗ Uzum в 252 м (уже обслужен)";306;Sokin Makon 1;Land House;+998 95 500 11 16;+998 95 500 11 15;https://t.me/avezjanov_t;область;Зангиатинский район;Ташкентская область, Зангиатинский район, Ташкентская кольцевая дорога, улица Намунали уйлар;41.198725;69.205849;41.198725, 69.205849;https://www.google.com/maps?q=41.198725,69.205849;https://yangiuylar.uz/novostroyka/sokin-makon-1-306;сдан;2026;2026;0;1250;16;301;9000000;4/10/2/0;нет;1;0;400;0;0;;частично;0;0;0;0;0;;0;;252;1;7;н/д;н/д;н/д;н/д;н/д;н/д;запретная;да: 93 м;да: 0 м;"да, рядом (рекомендуемая зона в 93 м; сам ЖК в запретной)";2026-10-05;2026-10-05
114;22;"заселён: 15 аренды / 3 продаж в 300 м; 969 квартир; сдача 2028 (−); сам ЖК в запретной зоне, рекомендуемая в 112 м; ПВЗ Uzum в 186 м (уже обслужен)";215;Mezbon;Iskander Buildings;+998 78 777 00 11;+998 78 777 00 11;https://t.me/iskanderbuildingsbot;город;Юнусабадский район;г. Ташкент, Юнусабадский район, массив Юнусабад 17-квартал;41.367964;69.312147;41.367964, 69.312147;https://www.google.com/maps?q=41.367964,69.312147;https://yangiuylar.uz/novostroyka/mezbon-215;строится;2028;2028;-2;969;16;140;9068000;2/3/4/0;нет;15;7;650;3;2;56200;частично;1;19;1;4;3;Анар, Euro, Ориентир, Магазин салатов, SSS;0;5;186;3;6;Ozon;197;1;1;0;6;запретная;да: 112 м;да: 0 м;"да, рядом (рекомендуемая зона в 112 м; сам ЖК в запретной)";2026-10-05;2026-10-05
115;21;"объявлений рядом нет; 2 200 квартир; сдача 2027 (−); сам ЖК в запретной зоне, рекомендуемая в 111 м; ПВЗ Uzum в 241 м (уже обслужен)";183;Bo'z-Suv;Greenpark Development;+998 99 277 77 77;+998 99 277 77 77;https://t.me/greenparkbozsuv;город;Юнусабадский район;г. Ташкент, Юнусабадский район, кв.Манзара, Отчопар-2 МСГ, дом 2, кв 34;41.353558;69.310495;41.353558, 69.310495;https://www.google.com/maps?q=41.353558,69.310495;https://yangiuylar.uz/novostroyka/bo'z-suv-183;строится;2027;2027;-1;2200;16;1000;14000000;;нет;0;0;;0;0;;нет;0;5;0;0;1;salohiddin universal, halilov mirhalil savdo, Imperial Capital, Flugger, Muhsina Dollor Somsa;0;5;241;1;3;Wildberries;1132;0;0;0;0;запретная;да: 111 м;да: 0 м;"да, рядом (рекомендуемая зона в 111 м; сам ЖК в запретной)";2026-10-05;2026-10-05
116;21;"объявлений рядом нет; 1 900 квартир; рекомендуемая зона; ПВЗ Uzum в 272 м (уже обслужен)";130;Do’mbirobod Residence;BM Group;+998 78 555 00 77;+998 93 002 00 77;https://t.me/bmgroupuzbekistan;город;Чиланзарский район;г. Ташкент Чиланзарский район массив Домбиробод. Тирсакобод улица;41.246352;69.203292;41.246352, 69.203292;https://www.google.com/maps?q=41.246352,69.203292;https://yangiuylar.uz/novostroyka/do'mbirobod-residence-130;строится;2026;2026;0;1900;16;;11900000;4/5/0/0;нет;0;0;;0;0;;нет;0;0;0;0;0;;0;4;272;1;1;Wildberries;625;0;0;0;1;рекомендуемая;да: 0 м;да: 44 м;да (ЖК в рекомендуемой зоне);2026-10-05;2026-10-05
117;21;"объявлений рядом нет; 1 500 квартир; сдача 2027 (−); сам ЖК в запретной зоне, рекомендуемая в 152 м; ПВЗ Uzum в 120 м (уже обслужен)";48;Uchtepa Avenue;Uchtepa Avenue;+998 78 122 22 00;+998 78 122 22 00;https://t.me/uchtepa_avenue1;город;Учтепинский район;Ташкент, Учтепинский район, ул Ширин 9а;41.27594;69.185712;41.275940, 69.185712;https://www.google.com/maps?q=41.275940,69.185712;https://yangiuylar.uz/novostroyka/uchtepa-avenue-48;строится;2027;2027;-1;1500;13;;13000000;1/15/2/2;нет;0;0;;0;0;;нет;2;5;2;1;4;"Фирменный магазин ""Musaffo"", Kõk tosh, Чирокчи жиз, Havas, Legion Co";1;5;120;2;12;Яндекс Маркет;182;0;0;1;13;запретная;да: 152 м;да: 0 м;"да, рядом (рекомендуемая зона в 152 м; сам ЖК в запретной)";2026-10-05;2026-10-05
118;21;"объявлений рядом нет; 900 квартир; сдача 2027 (−); рекомендуемая зона в 5 м; ПВЗ Uzum в 195 м (уже обслужен)";280;Venetsiya;Venetsiya;+998 97 987 77 77;+998 77 182 77 77;https://t.me/JKVenezia;город;Юнусабадский район;г. Ташкент, Юнусабадский район, МКАД, 1 дом (ориентир: Белая Мечеть Минор, гос. Больница им. Семашко);41.337559;69.276487;41.337559, 69.276487;https://www.google.com/maps?q=41.337559,69.276487;https://yangiuylar.uz/novostroyka/venetsiya-280;строится;2027;2027;-1;900;27;;;3/2/0/2;нет;0;0;;0;0;;нет;1;11;1;1;10;Чёрный Тюльпан, Korzinka, Amigo, Minor Somsa, Минор Сомса;1;5;195;1;4;Wildberries;748;0;0;0;2;белая;да: 5 м;нет;да, рядом (рекомендуемая зона в 5 м);2026-10-05;2026-10-05
119;21;"заселён: 4 аренды / 12 продаж в 300 м; 380 квартир; сдача 2027 (−); сам ЖК в запретной зоне, рекомендуемая в 52 м; ПВЗ Uzum в 242 м (уже обслужен)";85;O'z Makon;Golden House;+998 78 150 11 11;+998 78 113 02 64;@GoldenHouseHelp_bot;город;Мирабадский район;г. Ташкент, Мирабадский р-н, ул. Фаргона Йули;41.291382;69.298222;41.291382, 69.298222;https://www.google.com/maps?q=41.291382,69.298222;https://yangiuylar.uz/novostroyka/o'z-makon-85;строится;2027;2027;-1;380;16;;19000000;5/7/4/1;нет;4;1;650.0;12;9;103000.0;частично;4;13;2;1;9;"Плов у Шавкат-ака, Xitoycha lazzati, Jemchujniy, Tandoor, Оптовик ""Тошкент шароб савдо""";1;5;242;1;6;Яндекс Маркет;1072;0;0;0;0;запретная;да: 52 м;да: 0 м;"да, рядом (рекомендуемая зона в 52 м; сам ЖК в запретной)";2026-10-05;2026-10-05
120;20;"заселён: 1 аренды / 2 продаж в 300 м; 2 535 квартир; сдача 2027 (−); белая зона; ПВЗ Uzum в 127 м (уже обслужен)";110;Turkiston Avenue;Turkiston Development;+998 78 113 73 13;+998 78 113 73 13;https://t.me/Tjm_Turkiston_Development;город;Юнусабадский район;г. Ташкент, Юнусабадский район, Сабзават;41.386598;69.307452;41.386598, 69.307452;https://www.google.com/maps?q=41.386598,69.307452;https://yangiuylar.uz/novostroyka/turkiston-110;строится;2027;2027;-1;2535;16;;9900000;1/3/1/2;нет;1;1;600;2;2;59500.0;нет;0;1;0;0;0;Жизз;0;4;127;2;3;Яндекс Маркет;1051;0;0;0;0;белая;нет;да: 82 м;нет (белая зона);2026-10-05;2026-10-05
121;20;"объявлений рядом нет; 1 441 квартир; сдача 2027 (−); сам ЖК в запретной зоне, рекомендуемая в 159 м; ПВЗ Uzum в 68 м (уже обслужен)";258;Aman Residence;Aman Residence;+998 55 516 07 00;+998 99 989 77 77;https://t.me/aman_residence_call;город;Учтепинский район;г. Ташкент, Учтепинский район, улица Заргарлик, 69;41.272244;69.179418;41.272244, 69.179418;https://www.google.com/maps?q=41.272244,69.179418;https://yangiuylar.uz/novostroyka/aman-residence-258;строится;2027;2027;-1;1441;12;;10900000;1/9/3/0;нет;0;0;;0;0;;нет;0;5;1;2;5;Гавхар, Комрон Мирзо фарм, Magic Pizza, Magic, Korzinka;1;3;68;1;10;Ozon;432;0;0;0;8;запретная;да: 159 м;да: 0 м;"да, рядом (рекомендуемая зона в 159 м; сам ЖК в запретной)";2026-10-05;2026-10-05
122;20;"заселён: 5 аренды / 1 продаж в 300 м; 1 055 квартир; сам ЖК в запретной зоне, рекомендуемая в 243 м; ПВЗ Uzum в 191 м (уже обслужен); Яндекс Маркет в 307 м";127;Savr Avenue;Vero Group;+998 78 555 88 88;+998 78 555 88 88;https://t.me/Savr_Bekzod;город;Мирабадский район;г.Ташкент, Мирабадский район, Улица Савр дом 3;41.27499;69.28774;41.274990, 69.287740;https://www.google.com/maps?q=41.274990,69.287740;https://yangiuylar.uz/novostroyka/savr-avenue-127;строится;2026;2026;0;1055;12;;16000000;5/16/2/0;нет;5;1;800;1;0;21000;частично;0;8;1;0;1;El-Milano Extensions, Амо-салон красоты, Умаров, Хикматуллаев, Шухратли кудратли;1;5;191;1;5;Яндекс Маркет;307;0;0;1;5;запретная;да: 243 м;да: 0 м;"да, рядом (рекомендуемая зона в 243 м; сам ЖК в запретной)";2026-10-05;2026-10-05
123;20;"по области объявлений почти нет; 960 квартир; сдача 2028 (−); белая зона; ПВЗ Uzum в 230 м (уже обслужен)";241;Turon;TXT Group;+998 95 005 11 11;+998 55 705 22 22;https://t.me/TURON_MENEDJER;область;г. Бекабад;Ташкентская область, Бекабадский район, 12-микрорайон;40.229412;69.254656;40.229412, 69.254656;https://www.google.com/maps?q=40.229412,69.254656;https://yangiuylar.uz/novostroyka/turon-241;строится;2028;2028;-2;960;16;;6000000;2/1/1/0;нет;0;0;;0;0;;нет данных (область);0;2;0;0;2;Сайдуллаева Дил, Ситора Жасмина Файз, Марта, ОРЗУ;0;4;230;2;3;н/д;н/д;н/д;н/д;н/д;н/д;белая;нет;нет;нет (белая зона);2026-10-05;2026-10-05
124;20;"объявлений рядом нет; 700 квартир; сдача 2028 (−); сам ЖК в запретной зоне, рекомендуемая в 234 м; ПВЗ Uzum в 202 м (уже обслужен)";91;Modern Sergeli;Modern Sergeli;+998 71 203 77 79;+998 71 203 77 79;https://t.me/Modern_Sergeli_49;город;Сергелийский район;г. Ташкент, Сергелийский р-н, ул. Янги Сергели, 23.;41.236651;69.213515;41.236651, 69.213515;https://www.google.com/maps?q=41.236651,69.213515;https://yangiuylar.uz/novostroyka/modern-sergeli-91;строится;2028;2028;-2;700;14;270;12120000;2/2/2/0;нет;0;0;;0;0;;нет;6;9;0;0;2;"Кафе ""Mojiza"", Салон строительной техники СиноМаркет, Сардор Авто Инвест, Автозапчасти, Sharq Milliy Taomlar";0;5;202;1;3;Wildberries;807;0;0;0;2;запретная;да: 234 м;да: 0 м;"да, рядом (рекомендуемая зона в 234 м; сам ЖК в запретной)";2026-10-05;2026-10-05
125;20;"заселён: 0 аренды / 2 продаж в 300 м; 557 квартир; сдача 2027 (−); сам ЖК в запретной зоне, рекомендуемая в 112 м; ПВЗ Uzum в 137 м (уже обслужен)";196;Orzular Maskani;Zamon Binolar;+998 55 055 57 75;+998 55 055 57 75;https://t.me/orzularmaskani01;город;Чиланзарский район;г. Ташкент, Чиланзарский район , ул. Катарал-1;41.29595;69.21566;41.295950, 69.215660;https://www.google.com/maps?q=41.295950,69.215660;https://yangiuylar.uz/novostroyka/orzular-maskani-196;строится;2027;2027;-1;557;9;;13800000;0/9/3/0;нет;0;0;;2;0;67500.0;нет;13;31;1;4;10;ООО Нафис, Jizzax Fayz, OxyMed, Химчистка, Спорт товары;0;11;137;2;9;Wildberries;60;1;2;1;10;запретная;да: 112 м;да: 0 м;"да, рядом (рекомендуемая зона в 112 м; сам ЖК в запретной)";2026-10-05;2026-10-05
126;20;"заселён: 5 аренды / 0 продаж в 300 м; 512 квартир; сдача 2027 (−); белая зона; ПВЗ Uzum в 338 м (уже обслужен)";221;Vodiy Residence;Xon Saroy;+998 71 200 74 00;+998 71 200 74 00;https://t.me/xonsaroy_bot;город;Яшнабадский район;г. Ташкент, Яшнабадский район, Большая кольцевая дорога, радом метро Ракат;41.265985;69.364448;41.265985, 69.364448;https://www.google.com/maps?q=41.265985,69.364448;https://yangiuylar.uz/novostroyka/vodiy-residence-221;строится;2027;2027;-1;512;16;;;7/4/4/0;нет;5;4;650;0;0;;частично;2;10;0;0;2;Artel, Миллий таомлар, Legion Co, Подбор автокрасок и автокосметика, Oqtepa Lavash - Rohat;0;7;338;1;3;Ozon;735;0;0;0;1;белая;нет;да: 47 м;нет (белая зона);2026-10-05;2026-10-05
127;20;"заселён: 3 аренды / 5 продаж в 300 м; 416 квартир; рекомендуемая зона; ПВЗ Uzum в 339 м (уже обслужен); Wildberries в 345 м";120;Ofiyat Residence;Kayan Development;+998 78 555 20 20;+998 78 555 20 20;https://t.me/ofiyatbyKayan;город;Яшнабадский район;г.Ташкент, Яшнабадский район, улица Фергана йули  33,35;41.279979;69.307665;41.279979, 69.307665;https://www.google.com/maps?q=41.279979,69.307665;https://yangiuylar.uz/novostroyka/ofiyat-residence-120;строится;2026;2026;0;416;15;60;;;нет;3;0;1000;5;3;85000;частично;0;14;0;4;3;Oktan Petrol, Dorihona, DUR, Well Wood, Мастерская деревянных лестниц и дверей;0;6;339;1;9;Wildberries;345;0;1;0;6;рекомендуемая;да: 0 м;да: 145 м;да (ЖК в рекомендуемой зоне);2026-10-05;2026-10-05
128;19;"заселён: 1 аренды / 0 продаж в 300 м; 2 510 квартир; сам ЖК в запретной зоне, рекомендуемая в 49 м; ПВЗ Uzum в 348 м (уже обслужен)";55;Yangihayot Residence;Kamol Construction;+998 33 599 99 95;+998 33 599 99 95;@Yangi_Hayot_Residence_KC;город;Янгихаётский район;г. Ташкент, Янгиҳаёт Марказий 88;41.204006;69.219811;41.204006, 69.219811;https://www.google.com/maps?q=41.204006,69.219811;https://yangiuylar.uz/novostroyka/yangihayot-residence-55;строится;2026;2026;0;2510;12;;12000000;3/5/3/0;нет;1;0;1300;0;0;;нет;0;3;1;1;4;посидим, Хозмаг, Oqtepa Lavash, Пекарня бабушки Майи, Al Sharof;0;4;348;1;6;Ozon;1000;0;0;0;1;запретная;да: 49 м;да: 0 м;"да, рядом (рекомендуемая зона в 49 м; сам ЖК в запретной)";2026-10-05;2026-10-05
129;19;"заселён: 13 аренды / 18 продаж в 300 м; 710 квартир; сдача 2028 (−); сам ЖК в запретной зоне, рекомендуемая в 311 м; ПВЗ Uzum в 119 м (уже обслужен)";171;Saadiyat;Murad Buildings;+998 71 122 88 22;+998 78 122 88 22;https://t.me/Madina_MuradBuildings;город;Мирзо-Улугбекский район;г. Ташкент, Мирзо-Улугбекский р-н, пересечение улиц Катта Дархан и Аккурганская;41.332023;69.307171;41.332023, 69.307171;https://www.google.com/maps?q=41.332023,69.307171;https://yangiuylar.uz/novostroyka/saadiyat-171;строится;2028;2028;-2;710;15;;;1/1/2/2;нет;13;9;900;18;12;122000.0;частично;0;22;0;1;2;Шиномонтаж, Гастроном, Black Bear Kofi, Аристон Магазин отопительных систем, СЛАДКО;0;3;119;1;3;Wildberries;291;0;2;0;4;запретная;да: 311 м;да: 0 м;"да, рядом (рекомендуемая зона в 311 м; сам ЖК в запретной)";2026-10-05;2026-10-05
130;19;"объявлений рядом нет; 208 квартир; сдан 2024; сам ЖК в запретной зоне, рекомендуемая в 226 м; ПВЗ Uzum в 40 м (уже обслужен)";41;Yangi Darhon;B Building;+998 99 399 00 99;+998 99 399 00 99;https://t.me/B_building_1;город;Янгихаётский район;г. Ташкент, Янгихаётский район, Улица Навруз;41.226767;69.196332;41.226767, 69.196332;https://www.google.com/maps?q=41.226767,69.196332;https://yangiuylar.uz/novostroyka/yangi-darhon-41;сдан;2024;2024;2;208;16;;10900000;0/2/4/0;нет;0;0;;0;0;;нет;0;0;0;0;1;Sultan burger;0;;40;1;7;Яндекс Маркет;600;0;0;0;2;запретная;да: 226 м;да: 0 м;"да, рядом (рекомендуемая зона в 226 м; сам ЖК в запретной)";2026-10-05;2026-10-05
131;18;"заселён: 1 аренды / 0 продаж в 300 м; 1 735 квартир; сам ЖК в запретной зоне, рекомендуемая в 4 м; ПВЗ Uzum в 265 м (уже обслужен)";314;Obod Maskan;Art House;+998 71 230 74 47;+998 71 230 74 47;https://t.me/ArtHouseToshkentBot;город;Учтепинский район;г. Ташкент, Учтепинский р-н, Кукча Дарвоза, 487;41.31279;69.187704;41.312790, 69.187704;https://www.google.com/maps?q=41.312790,69.187704;https://yangiuylar.uz/novostroyka/obod-maskan-314;строится;2026;2026;0;1735;16;;13000000;0/4/1/0;нет;1;0;800;0;0;;нет;0;1;0;1;3;Лаззат Макон, Эппл фарм 2 филиал, Axmad Olmos Jo'ja, Чайхана;0;5;265;1;3;Wildberries;598;0;0;0;1;запретная;да: 4 м;да: 0 м;"да, рядом (рекомендуемая зона в 4 м; сам ЖК в запретной)";2026-10-05;2026-10-05
132;17;"объявлений рядом нет; 42 квартир; сдан 2026; сам ЖК в запретной зоне, рекомендуемая в 17 м; ПВЗ Uzum в 252 м (уже обслужен)";222;Qatortol Residence;Dream House Development;+998 77 123 07 77;+998 71 275 66 55;https://t.me/qatortol_kamola;город;Чиланзарский район;г. Ташкент, Чиланзарский район, Октепа МФЙ, 16-Б;41.311151;69.183698;41.311151, 69.183698;https://www.google.com/maps?q=41.311151,69.183698;https://yangiuylar.uz/novostroyka/qatortol-residence-222;сдан;2026;2026;0;42;9;;17300000;3/6/7/0;нет;0;0;;0;0;;нет;0;4;2;0;6;Лаззат Макон, Шабада, Олам, Магазин, Axmad Olmos Jo'ja;0;;252;1;4;Wildberries;364;0;0;0;1;запретная;да: 17 м;да: 0 м;"да, рядом (рекомендуемая зона в 17 м; сам ЖК в запретной)";2026-10-05;2026-10-05
133;13;"заселён: 3 аренды / 12 продаж в 300 м; 250 квартир; сдача 2029 (−); сам ЖК в запретной зоне, рекомендуемая в 211 м; ПВЗ Uzum в 341 м (уже обслужен)";324;Mirador;Kayan Development;+998 78 555 20 20;+998 78 555 20 20;https://t.me/ofiyatbyKayan;город;Мирабадский район;г. Ташкент, Мирабадский район, Фаргона йули, 52;41.293184;69.297542;41.293184, 69.297542;https://www.google.com/maps?q=41.293184,69.297542;https://yangiuylar.uz/novostroyka/mirador-324;строится;2029;2029;-3;250;16;95;;2/3/1/4;нет;3;1;700;12;9;103000.0;частично;1;10;1;1;6;"Jemchujniy, Оптовик ""Тошкент шароб савдо"", Дворик Шашлыкофф, MIDORI, Центр техническогообслуживания высокоскоростного поез";1;;341;1;5;Яндекс Маркет;932;0;0;0;2;запретная;да: 211 м;да: 0 м;"да, рядом (рекомендуемая зона в 211 м; сам ЖК в запретной)";2026-10-05;2026-10-05
134;11;"заселён: 1 аренды / 1 продаж в 300 м; 143 квартир; сам ЖК в запретной зоне, рекомендуемая в 260 м; ПВЗ Uzum в 165 м (уже обслужен); Wildberries в 158 м";185;Dreamland Do'stlik;Dreamland Development;+998 78 148 02 89;+998 78 148 02 89;https://t.me/Dreamland_DLA;город;Яшнабадский район;г.Ташкент, Яшнабадский район, проезд Ош, 29;41.289073;69.316226;41.289073, 69.316226;https://www.google.com/maps?q=41.289073,69.316226;https://yangiuylar.uz/novostroyka/dreamland-do'stlik-185;строится;2026;2026;0;143;13;;13200000;2/5/1/0;нет;1;0;500;1;1;160000;частично;2;9;0;3;2;La qobil, Madirimova X.S, Сомса, Baku market, Book Cafe;0;13;165;1;4;Wildberries;158;0;2;0;2;запретная;да: 260 м;да: 0 м;"да, рядом (рекомендуемая зона в 260 м; сам ЖК в запретной)";2026-10-05;2026-10-05
135;0;"запретная зона Uzum, рекомендуемой рядом нет — открыть нельзя; объявлений рядом нет; 3 304 квартир; сдан 2026; ПВЗ Uzum в 294 м (уже обслужен)";232;O'rikzor Residence;Land House;+998 95 500 11 16;+998 95 500 11 15;https://t.me/land_house_call_senter;город;Учтепинский район;г. Ташкент, Учтепинский район, улица Саккокий, 116;41.292298;69.150701;41.292298, 69.150701;https://www.google.com/maps?q=41.292298,69.150701;https://yangiuylar.uz/novostroyka/o'rikzor-residence-232;сдан;2026;2026;0;3304;16;13;11500000;2/13/3/0;нет;0;0;;0;0;;нет;0;0;0;0;1;Миллий таомлар;0;6;294;2;3;Wildberries;874;0;0;0;1;запретная;нет;да: 0 м;нельзя (запретная зона, рекомендуемой рядом нет);2026-10-05;2026-10-05
136;0;"запретная зона Uzum, рекомендуемой рядом нет — открыть нельзя; заселён: 2 аренды / 1 продаж в 300 м; 3 200 квартир; сдан 2025; ПВЗ Uzum в 226 м (уже обслужен)";94;Zenit;Premier House;+998 71 233 33 30;+998 71 233 33 30;https://t.me/nilufarzenit;город;Юнусабадский район;ул. Юкори Коракамиш 2, Ташкент, Узбекистан;41.375848;69.269656;41.375848, 69.269656;https://www.google.com/maps?q=41.375848,69.269656;https://yangiuylar.uz/novostroyka/zenit-94;сдан;2025;2025;1;3200;9;;12500000;1/6/2/1;нет;2;0;500.0;1;1;87000;частично;2;6;0;1;1;Castrol Yunus-Obod Car Repair Station, Магазинчик Pepsi, HUMO, Росметов, 999;0;4;226;1;5;Wildberries;629;0;0;0;4;запретная;нет;да: 0 м;нельзя (запретная зона, рекомендуемой рядом нет);2026-10-05;2026-10-05
137;0;"запретная зона Uzum, рекомендуемой рядом нет — открыть нельзя; объявлений рядом нет; 3 024 квартир; сдача 2028 (−); ПВЗ Uzum в 202 м (уже обслужен)";220;Shirin Hayot;Xon Saroy;+998 71 200 74 00;+998 71 200 74 00;https://t.me/xonsaroy_bot;город;Бектемирский район;г. Ташкент, Бектемирский район, улица Юкори Чирчик, 72;41.236711;69.354324;41.236711, 69.354324;https://www.google.com/maps?q=41.236711,69.354324;https://yangiuylar.uz/novostroyka/shirin-hayot-220;строится;2028;2028;-2;3024;16;;;11/3/0/0;нет;0;0;;0;0;;нет;0;8;0;1;3;Нахат шурва;0;9;202;1;2;Wildberries;208;0;1;0;2;запретная;нет;да: 0 м;нельзя (запретная зона, рекомендуемой рядом нет);2026-10-05;2026-10-05
138;0;"запретная зона Uzum, рекомендуемой рядом нет — открыть нельзя; объявлений рядом нет; 2 400 квартир; сдан 2025; ПВЗ Uzum в 196 м (уже обслужен)";49;Nur Hayat New Classics;Nur Hayat;+998 78 147 50 50;+998 78 147 50 50;https://t.me/damirnurhayat;город;Янгихаётский район;Ташкент, Янгихаётский район, улица Кипчак, 18,;41.213991;69.242645;41.213991, 69.242645;https://www.google.com/maps?q=41.213991,69.242645;https://yangiuylar.uz/novostroyka/nur-hayat-new-classics-49;сдан;2025;2025;1;2400;16;;12000000;4/5/3/3;нет;0;0;;0;0;;нет;0;2;0;0;0;Строительный магазин;0;8;196;1;4;Wildberries;480;0;0;0;1;запретная;нет;да: 0 м;нельзя (запретная зона, рекомендуемой рядом нет);2026-10-05;2026-10-05
139;0;"запретная зона Uzum, рекомендуемой рядом нет — открыть нельзя; объявлений рядом нет; 2 200 квартир; сдан 2026; ПВЗ Uzum в 348 м (уже обслужен)";234;Yangi Hayot;Modern City Construct;+998 33 222 99 77;+998 78 122 12 42;https://t.me/managerchingis;город;Янгихаётский район;г. Ташкент, Янгихаетский район, Янгихает СГМ, улица Турсунзода;41.217574;69.210318;41.217574, 69.210318;https://www.google.com/maps?q=41.217574,69.210318;https://yangiuylar.uz/novostroyka/yangi-hayot-234;сдан;2026;2026;0;2200;16;;15000000;4/5/0/0;нет;0;0;;0;0;;нет;0;0;0;0;0;;0;5;348;1;10;Wildberries;313;0;1;0;6;запретная;нет;да: 0 м;нельзя (запретная зона, рекомендуемой рядом нет);2026-10-05;2026-10-05
140;0;"запретная зона Uzum, рекомендуемой рядом нет — открыть нельзя; по области объявлений почти нет; 2 053 квартир; сдан 2026";233;Sokin Makon 2;Land House;+998 95 500 11 15;+998 95 500 11 15;https://t.me/land_house_call_senter;область;Зангиатинский район;Ташкентская область, Зангиатинский район, улица Ташкентская кольцевая дорога;41.188061;69.186947;41.188061, 69.186947;https://www.google.com/maps?q=41.188061,69.186947;https://yangiuylar.uz/novostroyka/sokin-makon-2-233;сдан;2026;2026;0;2053;16;837;8600000;2/9/3/0;нет;0;0;;0;0;;нет данных (область);0;0;0;0;0;;0;;374;0;1;н/д;н/д;н/д;н/д;н/д;н/д;запретная;нет;да: 0 м;нельзя (запретная зона, рекомендуемой рядом нет);2026-10-05;2026-10-05
141;0;"запретная зона Uzum, рекомендуемой рядом нет — открыть нельзя; заселён: 2 аренды / 0 продаж в 300 м; 1 600 квартир; сдача 2027 (−); Wildberries в 272 м";51;Zo'rsan;Xon Saroy;+998 71 200 74 00;+998 71 200 74 00;https://t.me/xonsaroy_bot;город;Юнусабадский район;улица Юкори Каракамыш, 9, Юнусабадский район, Ташкент;41.37604;69.273933;41.376040, 69.273933;https://www.google.com/maps?q=41.376040,69.273933;https://yangiuylar.uz/novostroyka/zo'rsan-51;строится;2027;2027;-1;1600;16;;;2/0/4/0;нет;2;0;500.0;0;0;;частично;0;3;0;0;2;Магазинчик Pepsi, Laundry, Burger, Safia, Burger Embassy;0;6;422;0;6;Wildberries;272;0;1;0;7;запретная;нет;да: 0 м;нельзя (запретная зона, рекомендуемой рядом нет);2026-10-05;2026-10-05
142;0;"запретная зона Uzum, рекомендуемой рядом нет — открыть нельзя; по области объявлений почти нет; 1 500 квартир; сдача 2027 (−); ПВЗ Uzum в 338 м (уже обслужен)";281;Chinara Park;Era Lux Montaj;+998 55 900 09 09;+998 99 220 44 44;https://t.me/Chinarapark;область;г. Чиpчик;Ташкентская область, город Чирчик, 9-микрорайон (ориентир: Центральная больница);41.459813;69.558889;41.459813, 69.558889;https://www.google.com/maps?q=41.459813,69.558889;https://yangiuylar.uz/novostroyka/chinara-park-281;строится;2027;2027;-1;1500;12;;5400000;0/5/4/0;нет;0;0;;0;0;;нет данных (область);0;0;0;0;1;У д.Жени;0;2;338;1;4;н/д;н/д;н/д;н/д;н/д;н/д;запретная;нет;да: 0 м;нельзя (запретная зона, рекомендуемой рядом нет);2026-10-05;2026-10-05
143;0;"запретная зона Uzum, рекомендуемой рядом нет — открыть нельзя; заселён: 0 аренды / 1 продаж в 300 м; 1 249 квартир; сдан 2026; ПВЗ Uzum в 215 м (уже обслужен)";80;Soy Bo'yi;Murad Buildings;+998 78 122 88 22;+998 78 122 88 22;https://t.me/Madina_MuradBuildings;город;Учтепинский район;г. Ташкент, Учтепинский р-н, улица Юсуфа Саккокий;41.298796;69.17615;41.298796, 69.176150;https://www.google.com/maps?q=41.298796,69.176150;https://yangiuylar.uz/novostroyka/soy-bo'yi-80;сдан;2026;2026;0;1249;16;;;3/7/4/2;нет;0;0;;1;0;60000;нет;1;1;1;0;1;Grill, Korzinka;1;3;215;1;6;Wildberries;814;0;0;0;1;запретная;нет;да: 0 м;нельзя (запретная зона, рекомендуемой рядом нет);2026-10-05;2026-10-05
144;0;"запретная зона Uzum, рекомендуемой рядом нет — открыть нельзя; заселён: 6 аренды / 3 продаж в 300 м; 1 216 квартир; сдача 2028 (−); ПВЗ Uzum в 66 м (уже обслужен)";143;Xon Saroy Afsonasi;Xon Saroy;+998 71 200 74 00;+998 71 200 74 00;https://t.me/xonsaroy_bot;город;Яшнабадский район;Тузельский 2, Яшнабадский район, город Ташкент;41.29359;69.359016;41.293590, 69.359016;https://www.google.com/maps?q=41.293590,69.359016;https://yangiuylar.uz/novostroyka/xon-saroy-afsonasi-143;строится;2028;2028;-2;1216;16;;;12/4/0/0;нет;6;1;550.0;3;0;85000;частично;1;26;1;4;5;Кукси У Лазаря, Шашлык Машлык, Свадебный салон Bride.uz, Кафе бар, Мёд натуральный;1;2;66;2;10;Ozon;226;2;0;0;7;запретная;нет;да: 0 м;нельзя (запретная зона, рекомендуемой рядом нет);2026-10-05;2026-10-05
145;0;"запретная зона Uzum, рекомендуемой рядом нет — открыть нельзя; заселён: 29 аренды / 21 продаж в 300 м; 1 080 квартир; сдан 2026; ПВЗ Uzum в 316 м (уже обслужен)";138;Golden Hills;THE BEST STROY;+998 95 212 88 88;+998 90 188 21 58;;город;Мирзо-Улугбекский район;г. Ташкент, Мирзо-Улугбекский р-н, ул. Олтинтепа 166;41.313704;69.333608;41.313704, 69.333608;https://www.google.com/maps?q=41.313704,69.333608;https://yangiuylar.uz/novostroyka/golden-hills-138;сдан;2026;2026;0;1080;16;20;13800000;1/5/2/0;нет;29;20;950;21;18;165000;да;8;43;2;4;6;Alcohol, 222, Олтинтепа, Аптека+, лепешки;2;2;316;1;5;Wildberries;115;0;1;0;4;запретная;нет;да: 0 м;нельзя (запретная зона, рекомендуемой рядом нет);2026-10-05;2026-10-05
146;0;"запретная зона Uzum, рекомендуемой рядом нет — открыть нельзя; объявлений рядом нет; 1 051 квартир; ПВЗ Uzum нет в 1 км";320;Maftun Makon;NRG-BI;1360;+998 93 180 02 61;https://t.me/BonuNRG_BI;город;Мирзо-Улугбекский район;г. Ташкент, Мирзо-Улугбекский район;41.324466;69.4078;41.324466, 69.407800;https://www.google.com/maps?q=41.324466,69.407800;https://yangiuylar.uz/novostroyka/maftun-makon-320;строится;2026;2026;0;1051;7;;16544000;;нет;0;0;;0;0;;нет;0;0;0;0;0;;0;;1083;0;0;Wildberries;2368;0;0;0;0;запретная;нет;да: 0 м;нельзя (запретная зона, рекомендуемой рядом нет);2026-10-05;2026-10-05
147;0;"запретная зона Uzum, рекомендуемой рядом нет — открыть нельзя; по области объявлений почти нет; 850 квартир";217;Bochka Resort;Bochka Resort;+998 78 113 99 29;+998 78 113 99 29;https://t.me/Halimov_Farid_072;область;Бостанлыкский район;область Ташкент, Бостанлыкский район, улица Дустлик, дом 4;41.638133;69.935667;41.638133, 69.935667;https://www.google.com/maps?q=41.638133,69.935667;https://yangiuylar.uz/novostroyka/bochka-resort-217;строится;2026;2026;0;850;7;;15500000;5/10/2/0;нет;0;0;;0;0;;нет данных (область);0;0;0;0;0;;0;6;770;0;1;н/д;н/д;н/д;н/д;н/д;н/д;запретная;нет;да: 0 м;нельзя (запретная зона, рекомендуемой рядом нет);2026-10-05;2026-10-05
148;0;"запретная зона Uzum, рекомендуемой рядом нет — открыть нельзя; заселён: 4 аренды / 0 продаж в 300 м; 845 квартир; сдан 2026; ПВЗ Uzum в 347 м (уже обслужен)";277;Olmos Residence 2;Grand Impex Line;+998 97 237 11 11;+998 97 237 11 11;https://t.me/olmos_residence;город;Яшнабадский район;г. Ташкент, Яшнабадский район, Ахангаранское шоссе, улица Яккатол, 3-й проезд, дом 38.;41.276489;69.362049;41.276489, 69.362049;https://www.google.com/maps?q=41.276489,69.362049;https://yangiuylar.uz/novostroyka/olmos-residence-2-277;сдан;2026;2026;0;845;16;;7400000;0/9/5/1;нет;4;1;575.0;0;0;;частично;0;1;0;0;0;;0;6;347;1;4;Ozon;715;0;0;0;3;запретная;нет;да: 0 м;нельзя (запретная зона, рекомендуемой рядом нет);2026-10-05;2026-10-05
149;0;"запретная зона Uzum, рекомендуемой рядом нет — открыть нельзя; по области объявлений почти нет; 798 квартир; сдан 2025";203;Yangi Nurafshon;Erect;+998 78 122 75 75;+998 78 122 75 75;https://t.me/Erect_Mohinur;область;г.Нурафшан;область Ташкент, город Нурафшон, Навруз МФй;41.058846;69.35312;41.058846, 69.353120;https://www.google.com/maps?q=41.058846,69.353120;https://yangiuylar.uz/novostroyka/yangi-nurafshon-203;сдан;2025;2025;1;798;10;;7100000;0/3/2/0;нет;0;0;;0;0;;нет данных (область);0;0;0;1;0;Таблетка;0;20;361;0;1;н/д;н/д;н/д;н/д;н/д;н/д;запретная;нет;да: 0 м;нельзя (запретная зона, рекомендуемой рядом нет);2026-10-05;2026-10-05
150;0;"запретная зона Uzum, рекомендуемой рядом нет — открыть нельзя; объявлений рядом нет; 780 квартир; сдача 2028 (−); ПВЗ Uzum в 246 м (уже обслужен)";243;Lutfiy Garden;Uchtepa Avenue;+998 78 122 55 05;+998 78 122 22 00;https://t.me/Lutfiygarden_m;город;Учтепинский район;г. Ташкент, Учтепинский район, Катта Кани, рядом Depo Mall;41.27365;69.1671;41.273650, 69.167100;https://www.google.com/maps?q=41.273650,69.167100;https://yangiuylar.uz/novostroyka/lutfiy-garden-243;строится;2028;2028;-2;780;16;;11500000;4/7/2/0;нет;0;0;;0;0;;нет;2;7;0;0;9;Катта Қаъни Автосервис, Сурхон савдо, Indenim, Oqtepa Lavash, Bellissimo;0;1;246;2;6;Wildberries;665;0;0;0;1;запретная;нет;да: 0 м;нельзя (запретная зона, рекомендуемой рядом нет);2026-10-05;2026-10-05
151;0;"запретная зона Uzum, рекомендуемой рядом нет — открыть нельзя; по области объявлений почти нет; 767 квартир; ПВЗ Uzum в 137 м (уже обслужен)";225;Orifon;TXT Group;+998 95 258 11 11;+998 55 705 22 22;https://t.me/Orifon_TJM;область;Бостанлыкский район;Ташкентская область, Бостанлыкский район, Газалкент;41.56435;69.77834;41.564350, 69.778340;https://www.google.com/maps?q=41.564350,69.778340;https://yangiuylar.uz/novostroyka/orifon-225;строится;2026;2026;0;767;9;;8500000;2/2/3/0;нет;0;0;;0;0;;нет данных (область);0;0;0;0;0;;0;4;137;1;2;н/д;н/д;н/д;н/д;н/д;н/д;запретная;нет;да: 0 м;нельзя (запретная зона, рекомендуемой рядом нет);2026-10-05;2026-10-05
152;0;"запретная зона Uzum, рекомендуемой рядом нет — открыть нельзя; заселён: 14 аренды / 16 продаж в 300 м; 738 квартир; сдача 2027 (−)";157;Mavera Town;Mavera Town;+998 95 321 00 00;+998 95 321 00 00;https://t.me/MaveraTown_office;город;Яккасарайский район;г. Ташкент, Яккасарайский район, ул Кичик Бешегач, 130Б;41.278147;69.265151;41.278147, 69.265151;https://www.google.com/maps?q=41.278147,69.265151;https://yangiuylar.uz/novostroyka/mavera-town-157;строится;2027;2027;-1;738;16;;22000000;0/3/1/3;нет;14;9;875.0;16;10;215000.0;частично;0;4;0;2;6;Bek Osiyo, Cafe Barbaris, Spektr Service, Япоша, Афруз. Фемили;0;3;505;0;5;Яндекс Маркет;420;0;0;0;5;запретная;нет;да: 0 м;нельзя (запретная зона, рекомендуемой рядом нет);2026-10-05;2026-10-05
153;0;"запретная зона Uzum, рекомендуемой рядом нет — открыть нельзя; заселён: 0 аренды / 1 продаж в 300 м; 577 квартир; сдача 2028 (−)";76;Al-Qasr;Euro House;+998 91 541 44 44;+998 99 599 99 99;https://t.me/alqasr4444;область;Зангиатинский район;Зангиатинский район, Напротв массива Бектепа;41.342715;69.16356;41.342715, 69.163560;https://www.google.com/maps?q=41.342715,69.163560;https://yangiuylar.uz/novostroyka/al-qasr-76;строится;2028;2028;-2;577;13;50;10200000;0/8/2/0;нет;0;0;;1;0;120000;нет данных (область);0;4;0;0;0;Baraka market, Yuxo mebel, Продуктовый магазин Осиё;0;2;465;0;4;н/д;н/д;н/д;н/д;н/д;н/д;запретная;нет;да: 0 м;нельзя (запретная зона, рекомендуемой рядом нет);2026-10-05;2026-10-05
154;0;"запретная зона Uzum, рекомендуемой рядом нет — открыть нельзя; заселён: 5 аренды / 0 продаж в 300 м; 565 квартир; ПВЗ Uzum в 269 м (уже обслужен); Wildberries в 271 м";327;Eman Riverside;Eman Residence;+998 77 507 99 99;+998 77 507 99 99;https://t.me/EMAN_Chat;город;Яшнабадский район;ул. Карасу, 43;41.300052;69.340486;41.300052, 69.340486;https://www.google.com/maps?q=41.300052,69.340486;https://yangiuylar.uz/novostroyka/eman-riverside-327;строится;2026;2026;0;565;16;565;15000000;4/0/0/0;нет;5;0;1000;0;0;;частично;1;8;1;1;3;Пирожковая, Магазин, Парикмахерская, Банкетный зал, Мумтоза бегим;1;;269;2;8;Wildberries;271;0;1;0;5;запретная;нет;да: 0 м;нельзя (запретная зона, рекомендуемой рядом нет);2026-10-05;2026-10-05
155;0;"запретная зона Uzum, рекомендуемой рядом нет — открыть нельзя; заселён: 12 аренды / 18 продаж в 300 м; 542 квартир; сдан 2026; ПВЗ Uzum в 268 м (уже обслужен)";2;O'z Mahal;Golden House;+998 78 113 01 83;+998 78 113 02 64;https://t.me/+998781501111;город;Мирзо-Улугбекский район;Мирзо-Улугбекский р-йн, 3-й проезд ул. Дархонтепа;41.333185;69.30853;41.333185, 69.308530;https://www.google.com/maps?q=41.333185,69.308530;https://yangiuylar.uz/novostroyka/o'z-mahal-2;сдан;2026;2026;0;542;12;;15800000;2/4/3/2;нет;12;9;900.0;18;12;122000.0;да;0;3;0;0;1;Шиномонтаж, САЛАР, Maff, Legion Co;0;12;268;1;3;Wildberries;426;0;0;0;4;запретная;нет;да: 0 м;нельзя (запретная зона, рекомендуемой рядом нет);2026-10-05;2026-10-05
156;0;"запретная зона Uzum, рекомендуемой рядом нет — открыть нельзя; заселён: 14 аренды / 5 продаж в 300 м; 536 квартир; сдан 2026; ПВЗ Uzum в 112 м (уже обслужен)";253;Assalom Do'stlik;Golden House;+998 78 150 11 11;+998 78 113 02 64;https://t.me/GoldenHouseHelp_bot;город;Яшнабадский район;г. Ташкент, Яшнабадский район, улица Корасув, 1;41.292237;69.341837;41.292237, 69.341837;https://www.google.com/maps?q=41.292237,69.341837;https://yangiuylar.uz/novostroyka/assalom-do'stlik-253;сдан;2026;2026;0;536;16;;16000000;5/3/3/0;нет;14;4;575.0;5;2;100000;да;7;18;0;2;16;"NG Service, Компьютерный клуб ""LISNET"", Компьютерный клуб ""SHARK"", Шукран, Магазин";0;7;112;3;12;Wildberries;293;1;2;0;11;запретная;нет;да: 0 м;нельзя (запретная зона, рекомендуемой рядом нет);2026-10-05;2026-10-05
157;0;"запретная зона Uzum, рекомендуемой рядом нет — открыть нельзя; по области объявлений почти нет; 535 квартир; сдача 2027 (−)";210;Zangiota City Residence;Zangiota City Residence;+998 78 113 88 08;+998 78 113 88 08;https://t.me/Zangiota_residence1;область;г.Янгиюль;область Ташкент, район Янгиюль, МФЙ Туябугиз , улица Бунёдкор 96;41.124755;69.077544;41.124755, 69.077544;https://www.google.com/maps?q=41.124755,69.077544;https://yangiuylar.uz/novostroyka/zangiota-city-residence-210;строится;2027;2027;-1;535;12;;7900000;4/3/2/0;нет;0;0;;0;0;;нет данных (область);0;4;0;0;7;Юлдош Ота, Афросиеб, Шердор ресторан, МАРХАБО табака, Замин;0;5;794;0;4;н/д;н/д;н/д;н/д;н/д;н/д;запретная;нет;да: 0 м;нельзя (запретная зона, рекомендуемой рядом нет);2026-10-05;2026-10-05
158;0;"запретная зона Uzum, рекомендуемой рядом нет — открыть нельзя; по области объявлений почти нет; 494 квартир; сдан 2024";202;Yangi Hayot;Erect;+998 78 122 75 75;+998 78 122 75 75;https://t.me/Erect_Mohinur;область;г.Нурафшан;область Ташкент, город Нурафшон, Навруз МФй;41.058846;69.35312;41.058846, 69.353120;https://www.google.com/maps?q=41.058846,69.353120;https://yangiuylar.uz/novostroyka/yangi-hayot-202;сдан;2024;2024;2;494;9;;7200000;0/3/2/0;нет;0;0;;0;0;;нет данных (область);0;0;0;1;0;Таблетка;0;20;361;0;1;н/д;н/д;н/д;н/д;н/д;н/д;запретная;нет;да: 0 м;нельзя (запретная зона, рекомендуемой рядом нет);2026-10-05;2026-10-05
159;0;"запретная зона Uzum, рекомендуемой рядом нет — открыть нельзя; заселён: 0 аренды / 1 продаж в 300 м; 480 квартир; сдача 2027 (−); ПВЗ Uzum в 239 м (уже обслужен)";77;Yangi Eshonguzar;Genus Development;+998 78 150 33 11;+998 78 150 33 11;https://t.me/GenusDevelopment;область;Зангиатинский район;Ташкентская область, Зангиатинский район, Амир Темур МФЙ, Дом 21 Б;41.253663;69.149122;41.253663, 69.149122;https://www.google.com/maps?q=41.253663,69.149122;https://yangiuylar.uz/novostroyka/yangi-eshonguzar-77;строится;2027;2027;-1;480;16;;6500000;4/4/2/0;нет;0;0;;1;0;75000;нет данных (область);0;3;1;1;0;Marhabo market, Магазин Равшан ака;0;6;239;1;2;н/д;н/д;н/д;н/д;н/д;н/д;запретная;нет;да: 0 м;нельзя (запретная зона, рекомендуемой рядом нет);2026-10-05;2026-10-05
160;0;"запретная зона Uzum, рекомендуемой рядом нет — открыть нельзя; по области объявлений почти нет; 396 квартир; сдача 2028 (−)";228;Hayot Residence;Global House;+998 88 246 10 01;+998 90 135 10 01;https://t.me/SR2407;область;г. Чиpчик;город Чирчик, 4-й микрорайон, Турон СГМ, дом 22;41.507911;69.619102;41.507911, 69.619102;https://www.google.com/maps?q=41.507911,69.619102;https://yangiuylar.uz/novostroyka/hayot-residence-228;строится;2028;2028;-2;396;16;200;6200000;4/2/1/1;нет;0;0;;0;0;;нет данных (область);0;0;0;0;0;;0;6;693;0;2;н/д;н/д;н/д;н/д;н/д;н/д;запретная;нет;да: 0 м;нельзя (запретная зона, рекомендуемой рядом нет);2026-10-05;2026-10-05
161;0;"запретная зона Uzum, рекомендуемой рядом нет — открыть нельзя; по области объявлений почти нет; 310 квартир; сдан 2026; ПВЗ Uzum в 188 м (уже обслужен)";238;Qibray City;Qibray City;+998 93 770 11 77;+998 93 770 11 77;https://t.me/qibrayCity777;область;Кибрайский район;область Ташкент, Кибрайский район, Янгиабад МФЙ, улица Зебунисо;41.383448;69.461088;41.383448, 69.461088;https://www.google.com/maps?q=41.383448,69.461088;https://yangiuylar.uz/novostroyka/qibray-city-238;сдан;2026;2026;0;310;10;;7000000;2/2/0/0;нет;0;0;;0;0;;нет данных (область);4;8;0;2;0;Dori Darmon, Магнит, Сирожиддин файз Бизнес, Шохрух озод файз, Хайдаров Атабек;0;5;188;1;2;н/д;н/д;н/д;н/д;н/д;н/д;запретная;нет;да: 0 м;нельзя (запретная зона, рекомендуемой рядом нет);2026-10-05;2026-10-05
162;0;"запретная зона Uzum, рекомендуемой рядом нет — открыть нельзя; по области объявлений почти нет; 294 квартир; сдача 2027 (−)";141;Vertex Tawer;Meras buildings;+998 70 200 01 22;+998 70 200 01 22;https://t.me/meras_buildings_02;область;Янгиюльский район;проспект Ташкент, Янгиюль, Ташкентская область;41.126249;69.076743;41.126249, 69.076743;https://www.google.com/maps?q=41.126249,69.076743;https://yangiuylar.uz/novostroyka/vertex-tawer-141;строится;2027;2027;-1;294;17;;11000000;2/1/0/0;нет;0;0;;0;0;;нет данных (область);0;6;0;0;5;Юлдош Ота, Афросиеб, Улугбек Бизнес, Янгиёл Озик Овкат, Шердор ресторан;0;;659;0;3;н/д;н/д;н/д;н/д;н/д;н/д;запретная;нет;да: 0 м;нельзя (запретная зона, рекомендуемой рядом нет);2026-10-05;2026-10-05
163;0;"запретная зона Uzum, рекомендуемой рядом нет — открыть нельзя; заселён: 4 аренды / 3 продаж в 300 м; 268 квартир; сдача 2028 (−); ПВЗ Uzum в 140 м (уже обслужен)";329;Avalon Residence;Avalon Residence;+998 78 113 73 73;+998 78 113 73 73;https://t.me/avalonresidence_uz;город;Яшнабадский район;Яшнобод тумани, Охангарон шоссе, 32-уй;41.28954;69.35954;41.289540, 69.359540;https://www.google.com/maps?q=41.289540,69.359540;https://yangiuylar.uz/novostroyka/avalon-residence-329;строится;2028;2028;-2;268;12;206;12000000;;нет;4;0;550.0;3;0;75000;частично;3;29;1;6;6;Свадебный салон Bride.uz, Айнур, A95 Murodil fayz savdo, Чайкоф, Магазинчик Умида;1;;140;1;8;Ozon;272;1;0;1;7;запретная;нет;да: 0 м;нельзя (запретная зона, рекомендуемой рядом нет);2026-10-05;2026-10-05
164;0;"запретная зона Uzum, рекомендуемой рядом нет — открыть нельзя; заселён: 5 аренды / 0 продаж в 300 м; 243 квартир; сдача 2027 (−); ПВЗ Uzum в 173 м (уже обслужен)";321;NRG Yangi Baxt;NRG-BI;1360;+998 93 180 02 61;https://t.me/BonuNRG_BI;город;Яшнабадский район;г. Ташкент, Яшнабадский район, Олмос МСГ, проспект Ахангаран, 120;41.267467;69.36798;41.267467, 69.367980;https://www.google.com/maps?q=41.267467,69.367980;https://yangiuylar.uz/novostroyka/nrg-yangi-baxt-321;строится;2027;2027;-1;243;16;;11031680;3/6/4/0;нет;5;4;650;0;0;;частично;0;9;0;0;1;Artel, Legion Co, Oqtepa Lavash - Rohat, Mediapark, Автосалон «Рахат»;0;3;173;1;3;Ozon;502;0;0;0;1;запретная;нет;да: 0 м;нельзя (запретная зона, рекомендуемой рядом нет);2026-10-05;2026-10-05
165;0;"запретная зона Uzum, рекомендуемой рядом нет — открыть нельзя; по области объявлений почти нет; 225 квартир; сдан 2024; ПВЗ Uzum нет в 1 км";187;Nurafshon Palace;Erect;+998 78 122 75 75;+998 78 122 75 75;https://t.me/nurafshon_palace2020;область;г.Нурафшан;область Ташкент, г. Нурафшон, Navruz MFY, улица Toshkent yo'li;41.063177;69.344487;41.063177, 69.344487;https://www.google.com/maps?q=41.063177,69.344487;https://yangiuylar.uz/novostroyka/nurafshon-palace-187;сдан;2024;2024;2;225;10;;7300000;0/4/2/0;нет;0;0;;0;0;;нет данных (область);0;0;0;0;0;;0;;1020;0;0;н/д;н/д;н/д;н/д;н/д;н/д;запретная;нет;да: 0 м;нельзя (запретная зона, рекомендуемой рядом нет);2026-10-05;2026-10-05
166;0;"запретная зона Uzum, рекомендуемой рядом нет — открыть нельзя; заселён: 2 аренды / 0 продаж в 300 м; 209 квартир; ПВЗ Uzum в 140 м (уже обслужен); Wildberries в 258 м";197;Shinam Uylar;District Development;+998 87 311 11 53;+998 95 845 00 77;https://t.me/uylarmenejr;город;Яшнабадский район;г. Ташкент, Яшнабадский район, улица Жаркурган, 27;41.268601;69.32079;41.268601, 69.320790;https://www.google.com/maps?q=41.268601,69.320790;https://yangiuylar.uz/novostroyka/shinam-uylar-197;строится;2026;2026;0;209;12;;11900000;4/8/1/0;нет;2;0;1275.0;0;0;;частично;2;9;0;3;2;Мясной ларек, Магазин Джамиля, Хлеб, Ag'zam ota, Оби Хаёт;0;6;140;1;4;Wildberries;258;0;1;0;3;запретная;нет;да: 0 м;нельзя (запретная зона, рекомендуемой рядом нет);2026-10-05;2026-10-05
167;0;"запретная зона Uzum, рекомендуемой рядом нет — открыть нельзя; заселён: 1 аренды / 1 продаж в 300 м; 187 квартир; сдан 2023; ПВЗ Uzum в 335 м (уже обслужен)";68;Aviasozlar Plaza;Dreamland Development;+998 99 894 83 58;+998 78 148 02 89;;город;Яшнабадский район;г. Ташкент, Яшнабадский район, улица Бешарик,;41.283056;69.345727;41.283056, 69.345727;https://www.google.com/maps?q=41.283056,69.345727;https://yangiuylar.uz/novostroyka/aviasozlar-plaza-68;сдан;2023;2023;3;187;12;;12000000;2/5/7/1;нет;1;0;400;1;0;70000;частично;1;34;2;13;12;Россия, Варданзи, Нихол, Пиво и безалкогольные напитки, Винноводочный Россия;1;5;335;1;10;Wildberries;241;0;1;0;6;запретная;нет;да: 0 м;нельзя (запретная зона, рекомендуемой рядом нет);2026-10-05;2026-10-05
168;0;"запретная зона Uzum, рекомендуемой рядом нет — открыть нельзя; заселён: 6 аренды / 0 продаж в 300 м; 182 квартир; сдан 2026; ПВЗ Uzum в 243 м (уже обслужен)";240;Blue Bay House;Blue Bay House;+998 77 101 02 03;+998 77 101 02 03;https://t.me/Bluebay_house;город;Яшнабадский район;г. Ташкент, Яшнабадский район, Ахангаранское шоссе, махалля Бирлашган;41.275083;69.362302;41.275083, 69.362302;https://www.google.com/maps?q=41.275083,69.362302;https://yangiuylar.uz/novostroyka/blue-bay-house-240;сдан;2026;2026;0;182;16;;9800000;0/6/4/1;нет;6;1;575.0;0;0;;да;0;1;0;0;0;;0;7;243;1;4;Ozon;598;0;0;0;2;запретная;нет;да: 0 м;нельзя (запретная зона, рекомендуемой рядом нет);2026-10-05;2026-10-05
169;0;"запретная зона Uzum, рекомендуемой рядом нет — открыть нельзя; по области объявлений почти нет; 180 квартир; ПВЗ Uzum в 263 м (уже обслужен); магазинов у подъезда: 1";170;Golden Hill Apartments;Golden Hill;+998 77 413 00 03;+998 77 413 00 03;https://t.me/Goldenhilluz;область;Ташкентский район;Тошкент вилояти, Тошкент тумани, Кўк Сарой, Коʻҳи нур МФЙ, Шифобахш сувлар кўчаси, 198-уй;41.355871;69.132041;41.355871, 69.132041;https://www.google.com/maps?q=41.355871,69.132041;https://yangiuylar.uz/novostroyka/golden-hill-apartments-170;строится;2026;2026;0;180;9;;6050000;1/3/1/0;нет;0;0;;0;0;;нет данных (область);1;2;0;0;0;мамура маркет 93 588-12-19, олтин тепа савдо;0;5;263;1;2;н/д;н/д;н/д;н/д;н/д;н/д;запретная;нет;да: 0 м;нельзя (запретная зона, рекомендуемой рядом нет);2026-10-05;2026-10-05
170;0;"запретная зона Uzum, рекомендуемой рядом нет — открыть нельзя; заселён: 11 аренды / 1 продаж в 300 м; 143 квартир; сдан 2024; ПВЗ Uzum в 257 м (уже обслужен)";53;Sapphire Terrace;Construction Technology;+998 95 055 00 00;+998 95 055 00 00;;город;Мирабадский район;г.Ташкент, Мирабадский район, улица Авлиё ота 128;41.289082;69.281297;41.289082, 69.281297;https://www.google.com/maps?q=41.289082,69.281297;https://yangiuylar.uz/novostroyka/sapphire-terrace-53;сдан;2024;2024;2;143;16;;26335000;0/1/1/2;нет;11;0;1000;1;0;137000;да;3;25;1;11;13;03, Oxy med, Аср, АНТАРЕС, Космоc;0;6;257;1;3;Ozon;486;0;0;0;6;запретная;нет;да: 0 м;нельзя (запретная зона, рекомендуемой рядом нет);2026-10-05;2026-10-05
171;0;"запретная зона Uzum, рекомендуемой рядом нет — открыть нельзя; по области объявлений почти нет; 143 квартир; сдача 2027 (−); ПВЗ Uzum в 281 м (уже обслужен)";167;Gardens;Millennium House;+998 55 508 44 44;+998 55 508 44 44;https://t.me/millenniumhouseuz_manager;область;Ташкентский район;Тошкентская обл ,  Ибрат МФЕ, улица Чимкент;41.415847;69.308551;41.415847, 69.308551;https://www.google.com/maps?q=41.415847,69.308551;https://yangiuylar.uz/novostroyka/gardens-167;строится;2027;2027;-1;143;9;;9600000;5/9/2/0;нет;0;0;;0;0;;нет данных (область);0;4;0;0;0;Джакбаев, Ифтихор келажак, Хилола селхоз, Дилшод Ахмад Ишонч Барака;0;10;281;1;3;н/д;н/д;н/д;н/д;н/д;н/д;запретная;нет;да: 0 м;нельзя (запретная зона, рекомендуемой рядом нет);2026-10-05;2026-10-05
172;0;"запретная зона Uzum, рекомендуемой рядом нет — открыть нельзя; заселён: 1 аренды / 5 продаж в 300 м; 140 квартир";264;Yaqinlar;Building Connection;+998 77 288 88 77;+998 77 288 88 77;https://t.me/yaqinlar_tjm;город;Алмазарский район;г. Ташкент, Алмазарский район, улица Уста-Ширин 1-й проезд, 7;41.353558;69.251736;41.353558, 69.251736;https://www.google.com/maps?q=41.353558,69.251736;https://yangiuylar.uz/novostroyka/yaqinlar-264;строится;2026;2026;0;140;13;15;13000000;4/12/2/0;нет;1;0;1000;5;4;69780;частично;0;14;0;2;0;Гарант Мебель, Строительный рынок Джами, Магазин отопительных систем, 220.uz, DAFNA;0;5;381;0;3;Wildberries;673;0;0;0;3;запретная;нет;да: 0 м;нельзя (запретная зона, рекомендуемой рядом нет);2026-10-05;2026-10-05
173;0;"запретная зона Uzum, рекомендуемой рядом нет — открыть нельзя; по области объявлений почти нет; 129 квартир";177;Botanika Gardens;Botanika house;+998 99 603 03 03;+998 99 603 03 03;https://t.me/Botanika_Gardens_ofis;область;Кибрайский район;Ташкент, район Кибрай, улица Ботаника, 117-дом;41.415001;69.48227;41.415001, 69.482270;https://www.google.com/maps?q=41.415001,69.482270;https://yangiuylar.uz/novostroyka/botanika-gardens-177;строится;2026;2026;0;129;5;70;7200000;;нет;0;0;;0;0;;нет данных (область);0;0;0;0;1;Chinor;0;;409;0;1;н/д;н/д;н/д;н/д;н/д;н/д;запретная;нет;да: 0 м;нельзя (запретная зона, рекомендуемой рядом нет);2026-10-05;2026-10-05
174;0;"запретная зона Uzum, рекомендуемой рядом нет — открыть нельзя; заселён: 11 аренды / 7 продаж в 300 м; 120 квартир; сдан 2026; ПВЗ Uzum в 195 м (уже обслужен)";66;Ipak Yo’li;Ipak Yo’li;+998 90 882 88 88;+998 90 882 88 88;@Ipakyolimanager;город;Мирзо-Улугбекский район;г. Ташкент ,Мирзо Улугбекский район, улица Мирзо Улугбек, 42;41.321991;69.322408;41.321991, 69.322408;https://www.google.com/maps?q=41.321991,69.322408;https://yangiuylar.uz/novostroyka/ipak-yo'li-66;сдан;2026;2026;0;120;11;;;6/4/0/0;нет;11;0;650;7;1;155000;да;5;20;0;1;6;"Cake Lab, Кофешоп ""Слон"", Mig Bistro, Ломбард, Анталия кафе";0;3;195;1;5;Ozon;352;0;0;0;12;запретная;нет;да: 0 м;нельзя (запретная зона, рекомендуемой рядом нет);2026-10-05;2026-10-05
175;0;"запретная зона Uzum, рекомендуемой рядом нет — открыть нельзя; по области объявлений почти нет; 87 квартир; сдача 2027 (−); ПВЗ Uzum нет в 1 км";315;Sahar Resort;Hamall One Group;1244;1244;https://t.me/Sahar_Resort_Charvak;область;Бостанлыкский район;Ташкентская область, махалля Капал, улица Богизилол, 117-дом;41.640307;69.95094;41.640307, 69.950940;https://www.google.com/maps?q=41.640307,69.950940;https://yangiuylar.uz/novostroyka/sahar-resort-315;строится;2027;2027;-1;87;2;;11952000;0/0/3/6;нет;0;0;;0;0;;нет данных (область);0;0;0;0;0;;0;;1430;0;0;н/д;н/д;н/д;н/д;н/д;н/д;запретная;нет;да: 0 м;нельзя (запретная зона, рекомендуемой рядом нет);2026-10-05;2026-10-05
176;0;"запретная зона Uzum, рекомендуемой рядом нет — открыть нельзя; по области объявлений почти нет; 80 квартир; сдан 2026";245;Kompakt House;Kompakt House;+998 77 253 03 30;+998 94 411 33 33;https://t.me/Kompaktmenejer;область;г.Янгиюль;область Ташкент, город Янгиюль, махалля Кучкарова, 98;41.113117;69.060111;41.113117, 69.060111;https://www.google.com/maps?q=41.113117,69.060111;https://yangiuylar.uz/novostroyka/kompakt-house-245;сдан;2026;2026;0;80;9;;8000000;1/3/1/0;нет;0;0;;0;0;;нет данных (область);0;5;0;1;1;;0;6;507;0;5;н/д;н/д;н/д;н/д;н/д;н/д;запретная;нет;да: 0 м;нельзя (запретная зона, рекомендуемой рядом нет);2026-10-05;2026-10-05
177;0;"запретная зона Uzum, рекомендуемой рядом нет — открыть нельзя; заселён: 1 аренды / 12 продаж в 300 м; 48 квартир; сдан 2025; магазинов у подъезда: 2";273;Nurli Xonadon;Golden Grain Business Group;+998 33 745 17 77;+998 33 745 17 77;https://t.me/+998337451777;город;Алмазарский район;г. Ташкент, Алмазарский район, улица Шимолий Олмазор, 8;41.35343;69.25267;41.353430, 69.252670;https://www.google.com/maps?q=41.353430,69.252670;https://yangiuylar.uz/novostroyka/nurli-xonadon-273;сдан;2025;2025;1;48;10;;;1/1/1/0;нет;1;0;1000;12;10;92000.0;да;2;11;0;1;0;Гарант Мебель, 220.uz, DAFNA, Асептика, Межкомнатные дверные ЗАМКИ;0;4;389;0;3;Wildberries;703;0;0;0;3;запретная;нет;да: 0 м;нельзя (запретная зона, рекомендуемой рядом нет);2026-10-05;2026-10-05
178;0;"запретная зона Uzum, рекомендуемой рядом нет — открыть нельзя; объявлений рядом нет; квартир не указано; сдача 2027 (−); ПВЗ Uzum в 345 м (уже обслужен)";328;Favorit Residence;Favorit Residence;+998 55 514 10 00;+998 55 514 10 00;@favorit_residence_chat;город;Сергелийский район;г. Ташкент, Сергелийский район, улица Янги Куйлюк, массив Куйлюк-5;41.252729;69.30071;41.252729, 69.300710;https://www.google.com/maps?q=41.252729,69.300710;https://yangiuylar.uz/novostroyka/favorit-residence-328;строится;2027;2027;-1;0;0;;11500000;3/3/0/0;нет;0;0;;0;0;;нет;2;15;1;3;4;Уголок, Ателье мод, Хозяюшка, Dori Darmon, Zor'ka pharm;0;7;345;1;6;Яндекс Маркет;572;0;0;0;5;запретная;нет;да: 0 м;нельзя (запретная зона, рекомендуемой рядом нет);2026-10-05;2026-10-05
